date,channel,category,customer_type,region,sales_u,online_orders
2026-01-01,온라인,식품,신규,,4,800
2026-01-01,온라인,식품,기존,,14,2800
2026-01-01,온라인,생활용품,신규,,3,600
2026-01-01,온라인,생활용품,기존,,12,2400
2026-01-01,온라인,뷰티,신규,,3,600
2026-01-01,온라인,뷰티,기존,,8,1600
2026-01-01,온라인,가전,신규,,4,800
2026-01-01,온라인,가전,기존,,8,1600
2026-01-01,오프라인,식품,신규,수도권,2,
2026-01-01,오프라인,식품,신규,영남,1,
2026-01-01,오프라인,식품,신규,호남,0,
2026-01-01,오프라인,식품,신규,충청,0,
2026-01-01,오프라인,식품,기존,수도권,8,
2026-01-01,오프라인,식품,기존,영남,5,
2026-01-01,오프라인,식품,기존,호남,2,
2026-01-01,오프라인,식품,기존,충청,1,
2026-01-01,오프라인,생활용품,신규,수도권,1,
2026-01-01,오프라인,생활용품,신규,영남,0,
2026-01-01,오프라인,생활용품,신규,호남,0,
2026-01-01,오프라인,생활용품,신규,충청,0,
2026-01-01,오프라인,생활용품,기존,수도권,5,
2026-01-01,오프라인,생활용품,기존,영남,3,
2026-01-01,오프라인,생활용품,기존,호남,1,
2026-01-01,오프라인,생활용품,기존,충청,1,
2026-01-01,오프라인,뷰티,신규,수도권,0,
2026-01-01,오프라인,뷰티,신규,영남,0,
2026-01-01,오프라인,뷰티,신규,호남,0,
2026-01-01,오프라인,뷰티,신규,충청,0,
2026-01-01,오프라인,뷰티,기존,수도권,3,
2026-01-01,오프라인,뷰티,기존,영남,1,
2026-01-01,오프라인,뷰티,기존,호남,1,
2026-01-01,오프라인,뷰티,기존,충청,0,
2026-01-01,오프라인,가전,신규,수도권,1,
2026-01-01,오프라인,가전,신규,영남,0,
2026-01-01,오프라인,가전,신규,호남,0,
2026-01-01,오프라인,가전,신규,충청,0,
2026-01-01,오프라인,가전,기존,수도권,3,
2026-01-01,오프라인,가전,기존,영남,2,
2026-01-01,오프라인,가전,기존,호남,1,
2026-01-01,오프라인,가전,기존,충청,0,
2026-01-01,B2B,식품,신규,,1,
2026-01-01,B2B,식품,기존,,9,
2026-01-01,B2B,생활용품,신규,,1,
2026-01-01,B2B,생활용품,기존,,6,
2026-01-01,B2B,뷰티,신규,,0,
2026-01-01,B2B,뷰티,기존,,2,
2026-01-01,B2B,가전,신규,,2,
2026-01-01,B2B,가전,기존,,14,
2026-01-02,온라인,식품,신규,,5,1000
2026-01-02,온라인,식품,기존,,9,1800
2026-01-02,온라인,생활용품,신규,,5,1000
2026-01-02,온라인,생활용품,기존,,11,2200
2026-01-02,온라인,뷰티,신규,,3,600
2026-01-02,온라인,뷰티,기존,,8,1600
2026-01-02,온라인,가전,신규,,3,600
2026-01-02,온라인,가전,기존,,13,2600
2026-01-02,오프라인,식품,신규,수도권,1,
2026-01-02,오프라인,식품,신규,영남,1,
2026-01-02,오프라인,식품,신규,호남,0,
2026-01-02,오프라인,식품,신규,충청,0,
2026-01-02,오프라인,식품,기존,수도권,8,
2026-01-02,오프라인,식품,기존,영남,4,
2026-01-02,오프라인,식품,기존,호남,2,
2026-01-02,오프라인,식품,기존,충청,1,
2026-01-02,오프라인,생활용품,신규,수도권,1,
2026-01-02,오프라인,생활용품,신규,영남,0,
2026-01-02,오프라인,생활용품,신규,호남,0,
2026-01-02,오프라인,생활용품,신규,충청,0,
2026-01-02,오프라인,생활용품,기존,수도권,5,
2026-01-02,오프라인,생활용품,기존,영남,3,
2026-01-02,오프라인,생활용품,기존,호남,1,
2026-01-02,오프라인,생활용품,기존,충청,1,
2026-01-02,오프라인,뷰티,신규,수도권,1,
2026-01-02,오프라인,뷰티,신규,영남,0,
2026-01-02,오프라인,뷰티,신규,호남,0,
2026-01-02,오프라인,뷰티,신규,충청,0,
2026-01-02,오프라인,뷰티,기존,수도권,3,
2026-01-02,오프라인,뷰티,기존,영남,2,
2026-01-02,오프라인,뷰티,기존,호남,1,
2026-01-02,오프라인,뷰티,기존,충청,0,
2026-01-02,오프라인,가전,신규,수도권,1,
2026-01-02,오프라인,가전,신규,영남,0,
2026-01-02,오프라인,가전,신규,호남,0,
2026-01-02,오프라인,가전,신규,충청,0,
2026-01-02,오프라인,가전,기존,수도권,3,
2026-01-02,오프라인,가전,기존,영남,2,
2026-01-02,오프라인,가전,기존,호남,1,
2026-01-02,오프라인,가전,기존,충청,0,
2026-01-02,B2B,식품,신규,,1,
2026-01-02,B2B,식품,기존,,11,
2026-01-02,B2B,생활용품,신규,,1,
2026-01-02,B2B,생활용품,기존,,7,
2026-01-02,B2B,뷰티,신규,,0,
2026-01-02,B2B,뷰티,기존,,3,
2026-01-02,B2B,가전,신규,,2,
2026-01-02,B2B,가전,기존,,14,
2026-01-03,온라인,식품,신규,,5,1000
2026-01-03,온라인,식품,기존,,16,3200
2026-01-03,온라인,생활용품,신규,,3,600
2026-01-03,온라인,생활용품,기존,,11,2200
2026-01-03,온라인,뷰티,신규,,3,600
2026-01-03,온라인,뷰티,기존,,10,2000
2026-01-03,온라인,가전,신규,,4,800
2026-01-03,온라인,가전,기존,,11,2200
2026-01-03,오프라인,식품,신규,수도권,2,
2026-01-03,오프라인,식품,신규,영남,1,
2026-01-03,오프라인,식품,신규,호남,0,
2026-01-03,오프라인,식품,신규,충청,0,
2026-01-03,오프라인,식품,기존,수도권,11,
2026-01-03,오프라인,식품,기존,영남,6,
2026-01-03,오프라인,식품,기존,호남,2,
2026-01-03,오프라인,식품,기존,충청,2,
2026-01-03,오프라인,생활용품,신규,수도권,1,
2026-01-03,오프라인,생활용품,신규,영남,1,
2026-01-03,오프라인,생활용품,신규,호남,0,
2026-01-03,오프라인,생활용품,신규,충청,0,
2026-01-03,오프라인,생활용품,기존,수도권,6,
2026-01-03,오프라인,생활용품,기존,영남,3,
2026-01-03,오프라인,생활용품,기존,호남,2,
2026-01-03,오프라인,생활용품,기존,충청,1,
2026-01-03,오프라인,뷰티,신규,수도권,1,
2026-01-03,오프라인,뷰티,신규,영남,0,
2026-01-03,오프라인,뷰티,신규,호남,0,
2026-01-03,오프라인,뷰티,신규,충청,0,
2026-01-03,오프라인,뷰티,기존,수도권,3,
2026-01-03,오프라인,뷰티,기존,영남,2,
2026-01-03,오프라인,뷰티,기존,호남,1,
2026-01-03,오프라인,뷰티,기존,충청,1,
2026-01-03,오프라인,가전,신규,수도권,1,
2026-01-03,오프라인,가전,신규,영남,0,
2026-01-03,오프라인,가전,신규,호남,0,
2026-01-03,오프라인,가전,신규,충청,0,
2026-01-03,오프라인,가전,기존,수도권,4,
2026-01-03,오프라인,가전,기존,영남,2,
2026-01-03,오프라인,가전,기존,호남,1,
2026-01-03,오프라인,가전,기존,충청,1,
2026-01-03,B2B,식품,신규,,0,
2026-01-03,B2B,식품,기존,,0,
2026-01-03,B2B,생활용품,신규,,0,
2026-01-03,B2B,생활용품,기존,,0,
2026-01-03,B2B,뷰티,신규,,0,
2026-01-03,B2B,뷰티,기존,,0,
2026-01-03,B2B,가전,신규,,0,
2026-01-03,B2B,가전,기존,,1,
2026-01-04,온라인,식품,신규,,5,1000
2026-01-04,온라인,식품,기존,,14,2800
2026-01-04,온라인,생활용품,신규,,4,800
2026-01-04,온라인,생활용품,기존,,11,2200
2026-01-04,온라인,뷰티,신규,,3,600
2026-01-04,온라인,뷰티,기존,,8,1600
2026-01-04,온라인,가전,신규,,3,600
2026-01-04,온라인,가전,기존,,12,2400
2026-01-04,오프라인,식품,신규,수도권,2,
2026-01-04,오프라인,식품,신규,영남,1,
2026-01-04,오프라인,식품,신규,호남,0,
2026-01-04,오프라인,식품,신규,충청,0,
2026-01-04,오프라인,식품,기존,수도권,10,
2026-01-04,오프라인,식품,기존,영남,6,
2026-01-04,오프라인,식품,기존,호남,3,
2026-01-04,오프라인,식품,기존,충청,1,
2026-01-04,오프라인,생활용품,신규,수도권,1,
2026-01-04,오프라인,생활용품,신규,영남,1,
2026-01-04,오프라인,생활용품,신규,호남,0,
2026-01-04,오프라인,생활용품,신규,충청,0,
2026-01-04,오프라인,생활용품,기존,수도권,6,
2026-01-04,오프라인,생활용품,기존,영남,4,
2026-01-04,오프라인,생활용품,기존,호남,2,
2026-01-04,오프라인,생활용품,기존,충청,1,
2026-01-04,오프라인,뷰티,신규,수도권,1,
2026-01-04,오프라인,뷰티,신규,영남,0,
2026-01-04,오프라인,뷰티,신규,호남,0,
2026-01-04,오프라인,뷰티,신규,충청,0,
2026-01-04,오프라인,뷰티,기존,수도권,3,
2026-01-04,오프라인,뷰티,기존,영남,2,
2026-01-04,오프라인,뷰티,기존,호남,1,
2026-01-04,오프라인,뷰티,기존,충청,1,
2026-01-04,오프라인,가전,신규,수도권,1,
2026-01-04,오프라인,가전,신규,영남,0,
2026-01-04,오프라인,가전,신규,호남,0,
2026-01-04,오프라인,가전,신규,충청,0,
2026-01-04,오프라인,가전,기존,수도권,4,
2026-01-04,오프라인,가전,기존,영남,2,
2026-01-04,오프라인,가전,기존,호남,1,
2026-01-04,오프라인,가전,기존,충청,1,
2026-01-04,B2B,식품,신규,,0,
2026-01-04,B2B,식품,기존,,0,
2026-01-04,B2B,생활용품,신규,,0,
2026-01-04,B2B,생활용품,기존,,0,
2026-01-04,B2B,뷰티,신규,,0,
2026-01-04,B2B,뷰티,기존,,0,
2026-01-04,B2B,가전,신규,,0,
2026-01-04,B2B,가전,기존,,0,
2026-01-05,온라인,식품,신규,,4,800
2026-01-05,온라인,식품,기존,,15,3000
2026-01-05,온라인,생활용품,신규,,3,600
2026-01-05,온라인,생활용품,기존,,10,2000
2026-01-05,온라인,뷰티,신규,,2,400
2026-01-05,온라인,뷰티,기존,,7,1400
2026-01-05,온라인,가전,신규,,3,600
2026-01-05,온라인,가전,기존,,11,2200
2026-01-05,오프라인,식품,신규,수도권,2,
2026-01-05,오프라인,식품,신규,영남,1,
2026-01-05,오프라인,식품,신규,호남,0,
2026-01-05,오프라인,식품,신규,충청,0,
2026-01-05,오프라인,식품,기존,수도권,7,
2026-01-05,오프라인,식품,기존,영남,5,
2026-01-05,오프라인,식품,기존,호남,2,
2026-01-05,오프라인,식품,기존,충청,1,
2026-01-05,오프라인,생활용품,신규,수도권,1,
2026-01-05,오프라인,생활용품,신규,영남,0,
2026-01-05,오프라인,생활용품,신규,호남,0,
2026-01-05,오프라인,생활용품,신규,충청,0,
2026-01-05,오프라인,생활용품,기존,수도권,5,
2026-01-05,오프라인,생활용품,기존,영남,2,
2026-01-05,오프라인,생활용품,기존,호남,1,
2026-01-05,오프라인,생활용품,기존,충청,1,
2026-01-05,오프라인,뷰티,신규,수도권,1,
2026-01-05,오프라인,뷰티,신규,영남,0,
2026-01-05,오프라인,뷰티,신규,호남,0,
2026-01-05,오프라인,뷰티,신규,충청,0,
2026-01-05,오프라인,뷰티,기존,수도권,3,
2026-01-05,오프라인,뷰티,기존,영남,2,
2026-01-05,오프라인,뷰티,기존,호남,1,
2026-01-05,오프라인,뷰티,기존,충청,1,
2026-01-05,오프라인,가전,신규,수도권,1,
2026-01-05,오프라인,가전,신규,영남,0,
2026-01-05,오프라인,가전,신규,호남,0,
2026-01-05,오프라인,가전,신규,충청,0,
2026-01-05,오프라인,가전,기존,수도권,4,
2026-01-05,오프라인,가전,기존,영남,2,
2026-01-05,오프라인,가전,기존,호남,1,
2026-01-05,오프라인,가전,기존,충청,0,
2026-01-05,B2B,식품,신규,,1,
2026-01-05,B2B,식품,기존,,9,
2026-01-05,B2B,생활용품,신규,,1,
2026-01-05,B2B,생활용품,기존,,6,
2026-01-05,B2B,뷰티,신규,,0,
2026-01-05,B2B,뷰티,기존,,3,
2026-01-05,B2B,가전,신규,,2,
2026-01-05,B2B,가전,기존,,15,
2026-01-06,온라인,식품,신규,,4,800
2026-01-06,온라인,식품,기존,,15,3000
2026-01-06,온라인,생활용품,신규,,4,800
2026-01-06,온라인,생활용품,기존,,9,1800
2026-01-06,온라인,뷰티,신규,,3,600
2026-01-06,온라인,뷰티,기존,,7,1400
2026-01-06,온라인,가전,신규,,3,600
2026-01-06,온라인,가전,기존,,11,2200
2026-01-06,오프라인,식품,신규,수도권,2,
2026-01-06,오프라인,식품,신규,영남,1,
2026-01-06,오프라인,식품,신규,호남,0,
2026-01-06,오프라인,식품,신규,충청,0,
2026-01-06,오프라인,식품,기존,수도권,9,
2026-01-06,오프라인,식품,기존,영남,5,
2026-01-06,오프라인,식품,기존,호남,2,
2026-01-06,오프라인,식품,기존,충청,1,
2026-01-06,오프라인,생활용품,신규,수도권,1,
2026-01-06,오프라인,생활용품,신규,영남,0,
2026-01-06,오프라인,생활용품,신규,호남,0,
2026-01-06,오프라인,생활용품,신규,충청,0,
2026-01-06,오프라인,생활용품,기존,수도권,5,
2026-01-06,오프라인,생활용품,기존,영남,3,
2026-01-06,오프라인,생활용품,기존,호남,1,
2026-01-06,오프라인,생활용품,기존,충청,1,
2026-01-06,오프라인,뷰티,신규,수도권,1,
2026-01-06,오프라인,뷰티,신규,영남,0,
2026-01-06,오프라인,뷰티,신규,호남,0,
2026-01-06,오프라인,뷰티,신규,충청,0,
2026-01-06,오프라인,뷰티,기존,수도권,3,
2026-01-06,오프라인,뷰티,기존,영남,2,
2026-01-06,오프라인,뷰티,기존,호남,1,
2026-01-06,오프라인,뷰티,기존,충청,0,
2026-01-06,오프라인,가전,신규,수도권,1,
2026-01-06,오프라인,가전,신규,영남,0,
2026-01-06,오프라인,가전,신규,호남,0,
2026-01-06,오프라인,가전,신규,충청,0,
2026-01-06,오프라인,가전,기존,수도권,4,
2026-01-06,오프라인,가전,기존,영남,2,
2026-01-06,오프라인,가전,기존,호남,1,
2026-01-06,오프라인,가전,기존,충청,1,
2026-01-06,B2B,식품,신규,,1,
2026-01-06,B2B,식품,기존,,9,
2026-01-06,B2B,생활용품,신규,,1,
2026-01-06,B2B,생활용품,기존,,7,
2026-01-06,B2B,뷰티,신규,,0,
2026-01-06,B2B,뷰티,기존,,2,
2026-01-06,B2B,가전,신규,,2,
2026-01-06,B2B,가전,기존,,13,
2026-01-07,온라인,식품,신규,,4,800
2026-01-07,온라인,식품,기존,,12,2400
2026-01-07,온라인,생활용품,신규,,3,600
2026-01-07,온라인,생활용품,기존,,8,1600
2026-01-07,온라인,뷰티,신규,,3,600
2026-01-07,온라인,뷰티,기존,,8,1600
2026-01-07,온라인,가전,신규,,3,600
2026-01-07,온라인,가전,기존,,11,2200
2026-01-07,오프라인,식품,신규,수도권,1,
2026-01-07,오프라인,식품,신규,영남,1,
2026-01-07,오프라인,식품,신규,호남,0,
2026-01-07,오프라인,식품,신규,충청,0,
2026-01-07,오프라인,식품,기존,수도권,9,
2026-01-07,오프라인,식품,기존,영남,4,
2026-01-07,오프라인,식품,기존,호남,2,
2026-01-07,오프라인,식품,기존,충청,1,
2026-01-07,오프라인,생활용품,신규,수도권,1,
2026-01-07,오프라인,생활용품,신규,영남,0,
2026-01-07,오프라인,생활용품,신규,호남,0,
2026-01-07,오프라인,생활용품,신규,충청,0,
2026-01-07,오프라인,생활용품,기존,수도권,5,
2026-01-07,오프라인,생활용품,기존,영남,3,
2026-01-07,오프라인,생활용품,기존,호남,1,
2026-01-07,오프라인,생활용품,기존,충청,1,
2026-01-07,오프라인,뷰티,신규,수도권,1,
2026-01-07,오프라인,뷰티,신규,영남,0,
2026-01-07,오프라인,뷰티,신규,호남,0,
2026-01-07,오프라인,뷰티,신규,충청,0,
2026-01-07,오프라인,뷰티,기존,수도권,3,
2026-01-07,오프라인,뷰티,기존,영남,2,
2026-01-07,오프라인,뷰티,기존,호남,1,
2026-01-07,오프라인,뷰티,기존,충청,0,
2026-01-07,오프라인,가전,신규,수도권,1,
2026-01-07,오프라인,가전,신규,영남,0,
2026-01-07,오프라인,가전,신규,호남,0,
2026-01-07,오프라인,가전,신규,충청,0,
2026-01-07,오프라인,가전,기존,수도권,3,
2026-01-07,오프라인,가전,기존,영남,2,
2026-01-07,오프라인,가전,기존,호남,1,
2026-01-07,오프라인,가전,기존,충청,0,
2026-01-07,B2B,식품,신규,,1,
2026-01-07,B2B,식품,기존,,9,
2026-01-07,B2B,생활용품,신규,,1,
2026-01-07,B2B,생활용품,기존,,8,
2026-01-07,B2B,뷰티,신규,,0,
2026-01-07,B2B,뷰티,기존,,3,
2026-01-07,B2B,가전,신규,,2,
2026-01-07,B2B,가전,기존,,17,
2026-01-08,온라인,식품,신규,,4,800
2026-01-08,온라인,식품,기존,,14,2800
2026-01-08,온라인,생활용품,신규,,4,800
2026-01-08,온라인,생활용품,기존,,8,1600
2026-01-08,온라인,뷰티,신규,,3,600
2026-01-08,온라인,뷰티,기존,,7,1400
2026-01-08,온라인,가전,신규,,4,800
2026-01-08,온라인,가전,기존,,9,1800
2026-01-08,오프라인,식품,신규,수도권,1,
2026-01-08,오프라인,식품,신규,영남,1,
2026-01-08,오프라인,식품,신규,호남,0,
2026-01-08,오프라인,식품,신규,충청,0,
2026-01-08,오프라인,식품,기존,수도권,7,
2026-01-08,오프라인,식품,기존,영남,4,
2026-01-08,오프라인,식품,기존,호남,2,
2026-01-08,오프라인,식품,기존,충청,1,
2026-01-08,오프라인,생활용품,신규,수도권,1,
2026-01-08,오프라인,생활용품,신규,영남,0,
2026-01-08,오프라인,생활용품,신규,호남,0,
2026-01-08,오프라인,생활용품,신규,충청,0,
2026-01-08,오프라인,생활용품,기존,수도권,6,
2026-01-08,오프라인,생활용품,기존,영남,3,
2026-01-08,오프라인,생활용품,기존,호남,1,
2026-01-08,오프라인,생활용품,기존,충청,1,
2026-01-08,오프라인,뷰티,신규,수도권,1,
2026-01-08,오프라인,뷰티,신규,영남,0,
2026-01-08,오프라인,뷰티,신규,호남,0,
2026-01-08,오프라인,뷰티,신규,충청,0,
2026-01-08,오프라인,뷰티,기존,수도권,3,
2026-01-08,오프라인,뷰티,기존,영남,1,
2026-01-08,오프라인,뷰티,기존,호남,1,
2026-01-08,오프라인,뷰티,기존,충청,0,
2026-01-08,오프라인,가전,신규,수도권,0,
2026-01-08,오프라인,가전,신규,영남,0,
2026-01-08,오프라인,가전,신규,호남,0,
2026-01-08,오프라인,가전,신규,충청,0,
2026-01-08,오프라인,가전,기존,수도권,3,
2026-01-08,오프라인,가전,기존,영남,1,
2026-01-08,오프라인,가전,기존,호남,1,
2026-01-08,오프라인,가전,기존,충청,0,
2026-01-08,B2B,식품,신규,,1,
2026-01-08,B2B,식품,기존,,9,
2026-01-08,B2B,생활용품,신규,,1,
2026-01-08,B2B,생활용품,기존,,7,
2026-01-08,B2B,뷰티,신규,,0,
2026-01-08,B2B,뷰티,기존,,2,
2026-01-08,B2B,가전,신규,,2,
2026-01-08,B2B,가전,기존,,16,
2026-01-09,온라인,식품,신규,,4,800
2026-01-09,온라인,식품,기존,,13,2600
2026-01-09,온라인,생활용품,신규,,5,1000
2026-01-09,온라인,생활용품,기존,,12,2400
2026-01-09,온라인,뷰티,신규,,3,600
2026-01-09,온라인,뷰티,기존,,9,1800
2026-01-09,온라인,가전,신규,,3,600
2026-01-09,온라인,가전,기존,,11,2200
2026-01-09,오프라인,식품,신규,수도권,1,
2026-01-09,오프라인,식품,신규,영남,1,
2026-01-09,오프라인,식품,신규,호남,0,
2026-01-09,오프라인,식품,신규,충청,0,
2026-01-09,오프라인,식품,기존,수도권,9,
2026-01-09,오프라인,식품,기존,영남,5,
2026-01-09,오프라인,식품,기존,호남,2,
2026-01-09,오프라인,식품,기존,충청,1,
2026-01-09,오프라인,생활용품,신규,수도권,1,
2026-01-09,오프라인,생활용품,신규,영남,0,
2026-01-09,오프라인,생활용품,신규,호남,0,
2026-01-09,오프라인,생활용품,신규,충청,0,
2026-01-09,오프라인,생활용품,기존,수도권,5,
2026-01-09,오프라인,생활용품,기존,영남,3,
2026-01-09,오프라인,생활용품,기존,호남,1,
2026-01-09,오프라인,생활용품,기존,충청,1,
2026-01-09,오프라인,뷰티,신규,수도권,0,
2026-01-09,오프라인,뷰티,신규,영남,0,
2026-01-09,오프라인,뷰티,신규,호남,0,
2026-01-09,오프라인,뷰티,신규,충청,0,
2026-01-09,오프라인,뷰티,기존,수도권,3,
2026-01-09,오프라인,뷰티,기존,영남,1,
2026-01-09,오프라인,뷰티,기존,호남,1,
2026-01-09,오프라인,뷰티,기존,충청,0,
2026-01-09,오프라인,가전,신규,수도권,1,
2026-01-09,오프라인,가전,신규,영남,0,
2026-01-09,오프라인,가전,신규,호남,0,
2026-01-09,오프라인,가전,신규,충청,0,
2026-01-09,오프라인,가전,기존,수도권,3,
2026-01-09,오프라인,가전,기존,영남,2,
2026-01-09,오프라인,가전,기존,호남,1,
2026-01-09,오프라인,가전,기존,충청,0,
2026-01-09,B2B,식품,신규,,1,
2026-01-09,B2B,식품,기존,,10,
2026-01-09,B2B,생활용품,신규,,1,
2026-01-09,B2B,생활용품,기존,,8,
2026-01-09,B2B,뷰티,신규,,0,
2026-01-09,B2B,뷰티,기존,,2,
2026-01-09,B2B,가전,신규,,1,
2026-01-09,B2B,가전,기존,,16,
2026-01-10,온라인,식품,신규,,4,800
2026-01-10,온라인,식품,기존,,16,3200
2026-01-10,온라인,생활용품,신규,,4,800
2026-01-10,온라인,생활용품,기존,,10,2000
2026-01-10,온라인,뷰티,신규,,3,600
2026-01-10,온라인,뷰티,기존,,9,1800
2026-01-10,온라인,가전,신규,,4,800
2026-01-10,온라인,가전,기존,,11,2200
2026-01-10,오프라인,식품,신규,수도권,2,
2026-01-10,오프라인,식품,신규,영남,1,
2026-01-10,오프라인,식품,신규,호남,1,
2026-01-10,오프라인,식품,신규,충청,0,
2026-01-10,오프라인,식품,기존,수도권,11,
2026-01-10,오프라인,식품,기존,영남,6,
2026-01-10,오프라인,식품,기존,호남,2,
2026-01-10,오프라인,식품,기존,충청,2,
2026-01-10,오프라인,생활용품,신규,수도권,1,
2026-01-10,오프라인,생활용품,신규,영남,1,
2026-01-10,오프라인,생활용품,신규,호남,0,
2026-01-10,오프라인,생활용품,신규,충청,0,
2026-01-10,오프라인,생활용품,기존,수도권,6,
2026-01-10,오프라인,생활용품,기존,영남,4,
2026-01-10,오프라인,생활용품,기존,호남,1,
2026-01-10,오프라인,생활용품,기존,충청,1,
2026-01-10,오프라인,뷰티,신규,수도권,1,
2026-01-10,오프라인,뷰티,신규,영남,0,
2026-01-10,오프라인,뷰티,신규,호남,0,
2026-01-10,오프라인,뷰티,신규,충청,0,
2026-01-10,오프라인,뷰티,기존,수도권,4,
2026-01-10,오프라인,뷰티,기존,영남,2,
2026-01-10,오프라인,뷰티,기존,호남,1,
2026-01-10,오프라인,뷰티,기존,충청,1,
2026-01-10,오프라인,가전,신규,수도권,1,
2026-01-10,오프라인,가전,신규,영남,0,
2026-01-10,오프라인,가전,신규,호남,0,
2026-01-10,오프라인,가전,신규,충청,0,
2026-01-10,오프라인,가전,기존,수도권,4,
2026-01-10,오프라인,가전,기존,영남,2,
2026-01-10,오프라인,가전,기존,호남,1,
2026-01-10,오프라인,가전,기존,충청,1,
2026-01-10,B2B,식품,신규,,0,
2026-01-10,B2B,식품,기존,,0,
2026-01-10,B2B,생활용품,신규,,0,
2026-01-10,B2B,생활용품,기존,,0,
2026-01-10,B2B,뷰티,신규,,0,
2026-01-10,B2B,뷰티,기존,,0,
2026-01-10,B2B,가전,신규,,0,
2026-01-10,B2B,가전,기존,,1,
2026-01-11,온라인,식품,신규,,5,1000
2026-01-11,온라인,식품,기존,,13,2600
2026-01-11,온라인,생활용품,신규,,4,800
2026-01-11,온라인,생활용품,기존,,10,2000
2026-01-11,온라인,뷰티,신규,,3,600
2026-01-11,온라인,뷰티,기존,,8,1600
2026-01-11,온라인,가전,신규,,4,800
2026-01-11,온라인,가전,기존,,12,2400
2026-01-11,오프라인,식품,신규,수도권,2,
2026-01-11,오프라인,식품,신규,영남,1,
2026-01-11,오프라인,식품,신규,호남,0,
2026-01-11,오프라인,식품,신규,충청,0,
2026-01-11,오프라인,식품,기존,수도권,9,
2026-01-11,오프라인,식품,기존,영남,5,
2026-01-11,오프라인,식품,기존,호남,2,
2026-01-11,오프라인,식품,기존,충청,2,
2026-01-11,오프라인,생활용품,신규,수도권,1,
2026-01-11,오프라인,생활용품,신규,영남,1,
2026-01-11,오프라인,생활용품,신규,호남,0,
2026-01-11,오프라인,생활용품,신규,충청,0,
2026-01-11,오프라인,생활용품,기존,수도권,7,
2026-01-11,오프라인,생활용품,기존,영남,3,
2026-01-11,오프라인,생활용품,기존,호남,2,
2026-01-11,오프라인,생활용품,기존,충청,1,
2026-01-11,오프라인,뷰티,신규,수도권,1,
2026-01-11,오프라인,뷰티,신규,영남,0,
2026-01-11,오프라인,뷰티,신규,호남,0,
2026-01-11,오프라인,뷰티,신규,충청,0,
2026-01-11,오프라인,뷰티,기존,수도권,3,
2026-01-11,오프라인,뷰티,기존,영남,2,
2026-01-11,오프라인,뷰티,기존,호남,1,
2026-01-11,오프라인,뷰티,기존,충청,1,
2026-01-11,오프라인,가전,신규,수도권,1,
2026-01-11,오프라인,가전,신규,영남,0,
2026-01-11,오프라인,가전,신규,호남,0,
2026-01-11,오프라인,가전,신규,충청,0,
2026-01-11,오프라인,가전,기존,수도권,5,
2026-01-11,오프라인,가전,기존,영남,2,
2026-01-11,오프라인,가전,기존,호남,1,
2026-01-11,오프라인,가전,기존,충청,0,
2026-01-11,B2B,식품,신규,,0,
2026-01-11,B2B,식품,기존,,0,
2026-01-11,B2B,생활용품,신규,,0,
2026-01-11,B2B,생활용품,기존,,0,
2026-01-11,B2B,뷰티,신규,,0,
2026-01-11,B2B,뷰티,기존,,0,
2026-01-11,B2B,가전,신규,,0,
2026-01-11,B2B,가전,기존,,0,
2026-01-12,온라인,식품,신규,,4,800
2026-01-12,온라인,식품,기존,,12,2400
2026-01-12,온라인,생활용품,신규,,4,800
2026-01-12,온라인,생활용품,기존,,12,2400
2026-01-12,온라인,뷰티,신규,,3,600
2026-01-12,온라인,뷰티,기존,,9,1800
2026-01-12,온라인,가전,신규,,3,600
2026-01-12,온라인,가전,기존,,13,2600
2026-01-12,오프라인,식품,신규,수도권,2,
2026-01-12,오프라인,식품,신규,영남,1,
2026-01-12,오프라인,식품,신규,호남,0,
2026-01-12,오프라인,식품,신규,충청,0,
2026-01-12,오프라인,식품,기존,수도권,9,
2026-01-12,오프라인,식품,기존,영남,3,
2026-01-12,오프라인,식품,기존,호남,2,
2026-01-12,오프라인,식품,기존,충청,1,
2026-01-12,오프라인,생활용품,신규,수도권,1,
2026-01-12,오프라인,생활용품,신규,영남,0,
2026-01-12,오프라인,생활용품,신규,호남,0,
2026-01-12,오프라인,생활용품,신규,충청,0,
2026-01-12,오프라인,생활용품,기존,수도권,4,
2026-01-12,오프라인,생활용품,기존,영남,2,
2026-01-12,오프라인,생활용품,기존,호남,1,
2026-01-12,오프라인,생활용품,기존,충청,1,
2026-01-12,오프라인,뷰티,신규,수도권,0,
2026-01-12,오프라인,뷰티,신규,영남,0,
2026-01-12,오프라인,뷰티,신규,호남,0,
2026-01-12,오프라인,뷰티,신규,충청,0,
2026-01-12,오프라인,뷰티,기존,수도권,3,
2026-01-12,오프라인,뷰티,기존,영남,1,
2026-01-12,오프라인,뷰티,기존,호남,1,
2026-01-12,오프라인,뷰티,기존,충청,1,
2026-01-12,오프라인,가전,신규,수도권,1,
2026-01-12,오프라인,가전,신규,영남,0,
2026-01-12,오프라인,가전,신규,호남,0,
2026-01-12,오프라인,가전,신규,충청,0,
2026-01-12,오프라인,가전,기존,수도권,4,
2026-01-12,오프라인,가전,기존,영남,2,
2026-01-12,오프라인,가전,기존,호남,1,
2026-01-12,오프라인,가전,기존,충청,0,
2026-01-12,B2B,식품,신규,,1,
2026-01-12,B2B,식품,기존,,11,
2026-01-12,B2B,생활용품,신규,,1,
2026-01-12,B2B,생활용품,기존,,6,
2026-01-12,B2B,뷰티,신규,,0,
2026-01-12,B2B,뷰티,기존,,2,
2026-01-12,B2B,가전,신규,,2,
2026-01-12,B2B,가전,기존,,15,
2026-01-13,온라인,식품,신규,,4,800
2026-01-13,온라인,식품,기존,,11,2200
2026-01-13,온라인,생활용품,신규,,3,600
2026-01-13,온라인,생활용품,기존,,10,2000
2026-01-13,온라인,뷰티,신규,,3,600
2026-01-13,온라인,뷰티,기존,,8,1600
2026-01-13,온라인,가전,신규,,3,600
2026-01-13,온라인,가전,기존,,11,2200
2026-01-13,오프라인,식품,신규,수도권,1,
2026-01-13,오프라인,식품,신규,영남,1,
2026-01-13,오프라인,식품,신규,호남,0,
2026-01-13,오프라인,식품,신규,충청,0,
2026-01-13,오프라인,식품,기존,수도권,7,
2026-01-13,오프라인,식품,기존,영남,4,
2026-01-13,오프라인,식품,기존,호남,2,
2026-01-13,오프라인,식품,기존,충청,2,
2026-01-13,오프라인,생활용품,신규,수도권,1,
2026-01-13,오프라인,생활용품,신규,영남,1,
2026-01-13,오프라인,생활용품,신규,호남,0,
2026-01-13,오프라인,생활용품,신규,충청,0,
2026-01-13,오프라인,생활용품,기존,수도권,4,
2026-01-13,오프라인,생활용품,기존,영남,2,
2026-01-13,오프라인,생활용품,기존,호남,1,
2026-01-13,오프라인,생활용품,기존,충청,1,
2026-01-13,오프라인,뷰티,신규,수도권,0,
2026-01-13,오프라인,뷰티,신규,영남,0,
2026-01-13,오프라인,뷰티,신규,호남,0,
2026-01-13,오프라인,뷰티,신규,충청,0,
2026-01-13,오프라인,뷰티,기존,수도권,3,
2026-01-13,오프라인,뷰티,기존,영남,2,
2026-01-13,오프라인,뷰티,기존,호남,1,
2026-01-13,오프라인,뷰티,기존,충청,0,
2026-01-13,오프라인,가전,신규,수도권,1,
2026-01-13,오프라인,가전,신규,영남,0,
2026-01-13,오프라인,가전,신규,호남,0,
2026-01-13,오프라인,가전,신규,충청,0,
2026-01-13,오프라인,가전,기존,수도권,3,
2026-01-13,오프라인,가전,기존,영남,2,
2026-01-13,오프라인,가전,기존,호남,1,
2026-01-13,오프라인,가전,기존,충청,1,
2026-01-13,B2B,식품,신규,,1,
2026-01-13,B2B,식품,기존,,8,
2026-01-13,B2B,생활용품,신규,,1,
2026-01-13,B2B,생활용품,기존,,7,
2026-01-13,B2B,뷰티,신규,,0,
2026-01-13,B2B,뷰티,기존,,3,
2026-01-13,B2B,가전,신규,,2,
2026-01-13,B2B,가전,기존,,16,
2026-01-14,온라인,식품,신규,,4,800
2026-01-14,온라인,식품,기존,,15,3000
2026-01-14,온라인,생활용품,신규,,3,600
2026-01-14,온라인,생활용품,기존,,11,2200
2026-01-14,온라인,뷰티,신규,,2,400
2026-01-14,온라인,뷰티,기존,,9,1800
2026-01-14,온라인,가전,신규,,3,600
2026-01-14,온라인,가전,기존,,10,2000
2026-01-14,오프라인,식품,신규,수도권,1,
2026-01-14,오프라인,식품,신규,영남,1,
2026-01-14,오프라인,식품,신규,호남,0,
2026-01-14,오프라인,식품,신규,충청,0,
2026-01-14,오프라인,식품,기존,수도권,9,
2026-01-14,오프라인,식품,기존,영남,4,
2026-01-14,오프라인,식품,기존,호남,2,
2026-01-14,오프라인,식품,기존,충청,1,
2026-01-14,오프라인,생활용품,신규,수도권,1,
2026-01-14,오프라인,생활용품,신규,영남,0,
2026-01-14,오프라인,생활용품,신규,호남,0,
2026-01-14,오프라인,생활용품,신규,충청,0,
2026-01-14,오프라인,생활용품,기존,수도권,4,
2026-01-14,오프라인,생활용품,기존,영남,3,
2026-01-14,오프라인,생활용품,기존,호남,1,
2026-01-14,오프라인,생활용품,기존,충청,1,
2026-01-14,오프라인,뷰티,신규,수도권,1,
2026-01-14,오프라인,뷰티,신규,영남,0,
2026-01-14,오프라인,뷰티,신규,호남,0,
2026-01-14,오프라인,뷰티,신규,충청,0,
2026-01-14,오프라인,뷰티,기존,수도권,3,
2026-01-14,오프라인,뷰티,기존,영남,1,
2026-01-14,오프라인,뷰티,기존,호남,1,
2026-01-14,오프라인,뷰티,기존,충청,0,
2026-01-14,오프라인,가전,신규,수도권,1,
2026-01-14,오프라인,가전,신규,영남,0,
2026-01-14,오프라인,가전,신규,호남,0,
2026-01-14,오프라인,가전,신규,충청,0,
2026-01-14,오프라인,가전,기존,수도권,4,
2026-01-14,오프라인,가전,기존,영남,2,
2026-01-14,오프라인,가전,기존,호남,1,
2026-01-14,오프라인,가전,기존,충청,1,
2026-01-14,B2B,식품,신규,,1,
2026-01-14,B2B,식품,기존,,10,
2026-01-14,B2B,생활용품,신규,,1,
2026-01-14,B2B,생활용품,기존,,6,
2026-01-14,B2B,뷰티,신규,,0,
2026-01-14,B2B,뷰티,기존,,2,
2026-01-14,B2B,가전,신규,,2,
2026-01-14,B2B,가전,기존,,13,
2026-01-15,온라인,식품,신규,,4,800
2026-01-15,온라인,식품,기존,,14,2800
2026-01-15,온라인,생활용품,신규,,3,600
2026-01-15,온라인,생활용품,기존,,10,2000
2026-01-15,온라인,뷰티,신규,,2,400
2026-01-15,온라인,뷰티,기존,,8,1600
2026-01-15,온라인,가전,신규,,4,800
2026-01-15,온라인,가전,기존,,9,1800
2026-01-15,오프라인,식품,신규,수도권,1,
2026-01-15,오프라인,식품,신규,영남,1,
2026-01-15,오프라인,식품,신규,호남,0,
2026-01-15,오프라인,식품,신규,충청,0,
2026-01-15,오프라인,식품,기존,수도권,9,
2026-01-15,오프라인,식품,기존,영남,4,
2026-01-15,오프라인,식품,기존,호남,2,
2026-01-15,오프라인,식품,기존,충청,1,
2026-01-15,오프라인,생활용품,신규,수도권,1,
2026-01-15,오프라인,생활용품,신규,영남,1,
2026-01-15,오프라인,생활용품,신규,호남,0,
2026-01-15,오프라인,생활용품,신규,충청,0,
2026-01-15,오프라인,생활용품,기존,수도권,6,
2026-01-15,오프라인,생활용품,기존,영남,3,
2026-01-15,오프라인,생활용품,기존,호남,1,
2026-01-15,오프라인,생활용품,기존,충청,1,
2026-01-15,오프라인,뷰티,신규,수도권,0,
2026-01-15,오프라인,뷰티,신규,영남,0,
2026-01-15,오프라인,뷰티,신규,호남,0,
2026-01-15,오프라인,뷰티,신규,충청,0,
2026-01-15,오프라인,뷰티,기존,수도권,3,
2026-01-15,오프라인,뷰티,기존,영남,1,
2026-01-15,오프라인,뷰티,기존,호남,1,
2026-01-15,오프라인,뷰티,기존,충청,1,
2026-01-15,오프라인,가전,신규,수도권,1,
2026-01-15,오프라인,가전,신규,영남,0,
2026-01-15,오프라인,가전,신규,호남,0,
2026-01-15,오프라인,가전,신규,충청,0,
2026-01-15,오프라인,가전,기존,수도권,3,
2026-01-15,오프라인,가전,기존,영남,2,
2026-01-15,오프라인,가전,기존,호남,1,
2026-01-15,오프라인,가전,기존,충청,0,
2026-01-15,B2B,식품,신규,,1,
2026-01-15,B2B,식품,기존,,10,
2026-01-15,B2B,생활용품,신규,,1,
2026-01-15,B2B,생활용품,기존,,8,
2026-01-15,B2B,뷰티,신규,,0,
2026-01-15,B2B,뷰티,기존,,2,
2026-01-15,B2B,가전,신규,,2,
2026-01-15,B2B,가전,기존,,17,
2026-01-16,온라인,식품,신규,,4,800
2026-01-16,온라인,식품,기존,,13,2600
2026-01-16,온라인,생활용품,신규,,3,600
2026-01-16,온라인,생활용품,기존,,10,2000
2026-01-16,온라인,뷰티,신규,,3,600
2026-01-16,온라인,뷰티,기존,,9,1800
2026-01-16,온라인,가전,신규,,3,600
2026-01-16,온라인,가전,기존,,10,2000
2026-01-16,오프라인,식품,신규,수도권,2,
2026-01-16,오프라인,식품,신규,영남,1,
2026-01-16,오프라인,식품,신규,호남,0,
2026-01-16,오프라인,식품,신규,충청,0,
2026-01-16,오프라인,식품,기존,수도권,8,
2026-01-16,오프라인,식품,기존,영남,4,
2026-01-16,오프라인,식품,기존,호남,2,
2026-01-16,오프라인,식품,기존,충청,1,
2026-01-16,오프라인,생활용품,신규,수도권,1,
2026-01-16,오프라인,생활용품,신규,영남,0,
2026-01-16,오프라인,생활용품,신규,호남,0,
2026-01-16,오프라인,생활용품,신규,충청,0,
2026-01-16,오프라인,생활용품,기존,수도권,5,
2026-01-16,오프라인,생활용품,기존,영남,2,
2026-01-16,오프라인,생활용품,기존,호남,1,
2026-01-16,오프라인,생활용품,기존,충청,1,
2026-01-16,오프라인,뷰티,신규,수도권,0,
2026-01-16,오프라인,뷰티,신규,영남,0,
2026-01-16,오프라인,뷰티,신규,호남,0,
2026-01-16,오프라인,뷰티,신규,충청,0,
2026-01-16,오프라인,뷰티,기존,수도권,3,
2026-01-16,오프라인,뷰티,기존,영남,2,
2026-01-16,오프라인,뷰티,기존,호남,1,
2026-01-16,오프라인,뷰티,기존,충청,0,
2026-01-16,오프라인,가전,신규,수도권,1,
2026-01-16,오프라인,가전,신규,영남,0,
2026-01-16,오프라인,가전,신규,호남,0,
2026-01-16,오프라인,가전,신규,충청,0,
2026-01-16,오프라인,가전,기존,수도권,3,
2026-01-16,오프라인,가전,기존,영남,1,
2026-01-16,오프라인,가전,기존,호남,1,
2026-01-16,오프라인,가전,기존,충청,0,
2026-01-16,B2B,식품,신규,,1,
2026-01-16,B2B,식품,기존,,10,
2026-01-16,B2B,생활용품,신규,,1,
2026-01-16,B2B,생활용품,기존,,7,
2026-01-16,B2B,뷰티,신규,,0,
2026-01-16,B2B,뷰티,기존,,2,
2026-01-16,B2B,가전,신규,,2,
2026-01-16,B2B,가전,기존,,14,
2026-01-17,온라인,식품,신규,,5,1000
2026-01-17,온라인,식품,기존,,15,3000
2026-01-17,온라인,생활용품,신규,,3,600
2026-01-17,온라인,생활용품,기존,,13,2600
2026-01-17,온라인,뷰티,신규,,3,600
2026-01-17,온라인,뷰티,기존,,9,1800
2026-01-17,온라인,가전,신규,,4,800
2026-01-17,온라인,가전,기존,,12,2400
2026-01-17,오프라인,식품,신규,수도권,2,
2026-01-17,오프라인,식품,신규,영남,1,
2026-01-17,오프라인,식품,신규,호남,0,
2026-01-17,오프라인,식품,신규,충청,0,
2026-01-17,오프라인,식품,기존,수도권,11,
2026-01-17,오프라인,식품,기존,영남,5,
2026-01-17,오프라인,식품,기존,호남,3,
2026-01-17,오프라인,식품,기존,충청,2,
2026-01-17,오프라인,생활용품,신규,수도권,1,
2026-01-17,오프라인,생활용품,신규,영남,1,
2026-01-17,오프라인,생활용품,신규,호남,0,
2026-01-17,오프라인,생활용품,신규,충청,0,
2026-01-17,오프라인,생활용품,기존,수도권,7,
2026-01-17,오프라인,생활용품,기존,영남,3,
2026-01-17,오프라인,생활용품,기존,호남,2,
2026-01-17,오프라인,생활용품,기존,충청,1,
2026-01-17,오프라인,뷰티,신규,수도권,1,
2026-01-17,오프라인,뷰티,신규,영남,0,
2026-01-17,오프라인,뷰티,신규,호남,0,
2026-01-17,오프라인,뷰티,신규,충청,0,
2026-01-17,오프라인,뷰티,기존,수도권,4,
2026-01-17,오프라인,뷰티,기존,영남,2,
2026-01-17,오프라인,뷰티,기존,호남,1,
2026-01-17,오프라인,뷰티,기존,충청,1,
2026-01-17,오프라인,가전,신규,수도권,1,
2026-01-17,오프라인,가전,신규,영남,0,
2026-01-17,오프라인,가전,신규,호남,0,
2026-01-17,오프라인,가전,신규,충청,0,
2026-01-17,오프라인,가전,기존,수도권,5,
2026-01-17,오프라인,가전,기존,영남,2,
2026-01-17,오프라인,가전,기존,호남,1,
2026-01-17,오프라인,가전,기존,충청,1,
2026-01-17,B2B,식품,신규,,0,
2026-01-17,B2B,식품,기존,,0,
2026-01-17,B2B,생활용품,신규,,0,
2026-01-17,B2B,생활용품,기존,,0,
2026-01-17,B2B,뷰티,신규,,0,
2026-01-17,B2B,뷰티,기존,,0,
2026-01-17,B2B,가전,신규,,0,
2026-01-17,B2B,가전,기존,,1,
2026-01-18,온라인,식품,신규,,5,1000
2026-01-18,온라인,식품,기존,,13,2600
2026-01-18,온라인,생활용품,신규,,4,800
2026-01-18,온라인,생활용품,기존,,11,2200
2026-01-18,온라인,뷰티,신규,,4,800
2026-01-18,온라인,뷰티,기존,,9,1800
2026-01-18,온라인,가전,신규,,4,800
2026-01-18,온라인,가전,기존,,10,2000
2026-01-18,오프라인,식품,신규,수도권,2,
2026-01-18,오프라인,식품,신규,영남,1,
2026-01-18,오프라인,식품,신규,호남,0,
2026-01-18,오프라인,식품,신규,충청,0,
2026-01-18,오프라인,식품,기존,수도권,10,
2026-01-18,오프라인,식품,기존,영남,6,
2026-01-18,오프라인,식품,기존,호남,2,
2026-01-18,오프라인,식품,기존,충청,2,
2026-01-18,오프라인,생활용품,신규,수도권,1,
2026-01-18,오프라인,생활용품,신규,영남,1,
2026-01-18,오프라인,생활용품,신규,호남,0,
2026-01-18,오프라인,생활용품,신규,충청,0,
2026-01-18,오프라인,생활용품,기존,수도권,7,
2026-01-18,오프라인,생활용품,기존,영남,3,
2026-01-18,오프라인,생활용품,기존,호남,1,
2026-01-18,오프라인,생활용품,기존,충청,1,
2026-01-18,오프라인,뷰티,신규,수도권,1,
2026-01-18,오프라인,뷰티,신규,영남,0,
2026-01-18,오프라인,뷰티,신규,호남,0,
2026-01-18,오프라인,뷰티,신규,충청,0,
2026-01-18,오프라인,뷰티,기존,수도권,3,
2026-01-18,오프라인,뷰티,기존,영남,2,
2026-01-18,오프라인,뷰티,기존,호남,1,
2026-01-18,오프라인,뷰티,기존,충청,1,
2026-01-18,오프라인,가전,신규,수도권,1,
2026-01-18,오프라인,가전,신규,영남,0,
2026-01-18,오프라인,가전,신규,호남,0,
2026-01-18,오프라인,가전,신규,충청,0,
2026-01-18,오프라인,가전,기존,수도권,4,
2026-01-18,오프라인,가전,기존,영남,2,
2026-01-18,오프라인,가전,기존,호남,1,
2026-01-18,오프라인,가전,기존,충청,1,
2026-01-18,B2B,식품,신규,,0,
2026-01-18,B2B,식품,기존,,0,
2026-01-18,B2B,생활용품,신규,,0,
2026-01-18,B2B,생활용품,기존,,0,
2026-01-18,B2B,뷰티,신규,,0,
2026-01-18,B2B,뷰티,기존,,0,
2026-01-18,B2B,가전,신규,,0,
2026-01-18,B2B,가전,기존,,0,
2026-01-19,온라인,식품,신규,,4,800
2026-01-19,온라인,식품,기존,,11,2200
2026-01-19,온라인,생활용품,신규,,3,600
2026-01-19,온라인,생활용품,기존,,9,1800
2026-01-19,온라인,뷰티,신규,,3,600
2026-01-19,온라인,뷰티,기존,,7,1400
2026-01-19,온라인,가전,신규,,3,600
2026-01-19,온라인,가전,기존,,11,2200
2026-01-19,오프라인,식품,신규,수도권,1,
2026-01-19,오프라인,식품,신규,영남,1,
2026-01-19,오프라인,식품,신규,호남,0,
2026-01-19,오프라인,식품,신규,충청,0,
2026-01-19,오프라인,식품,기존,수도권,7,
2026-01-19,오프라인,식품,기존,영남,5,
2026-01-19,오프라인,식품,기존,호남,2,
2026-01-19,오프라인,식품,기존,충청,1,
2026-01-19,오프라인,생활용품,신규,수도권,1,
2026-01-19,오프라인,생활용품,신규,영남,1,
2026-01-19,오프라인,생활용품,신규,호남,0,
2026-01-19,오프라인,생활용품,신규,충청,0,
2026-01-19,오프라인,생활용품,기존,수도권,4,
2026-01-19,오프라인,생활용품,기존,영남,3,
2026-01-19,오프라인,생활용품,기존,호남,1,
2026-01-19,오프라인,생활용품,기존,충청,1,
2026-01-19,오프라인,뷰티,신규,수도권,1,
2026-01-19,오프라인,뷰티,신규,영남,0,
2026-01-19,오프라인,뷰티,신규,호남,0,
2026-01-19,오프라인,뷰티,신규,충청,0,
2026-01-19,오프라인,뷰티,기존,수도권,3,
2026-01-19,오프라인,뷰티,기존,영남,2,
2026-01-19,오프라인,뷰티,기존,호남,1,
2026-01-19,오프라인,뷰티,기존,충청,0,
2026-01-19,오프라인,가전,신규,수도권,1,
2026-01-19,오프라인,가전,신규,영남,0,
2026-01-19,오프라인,가전,신규,호남,0,
2026-01-19,오프라인,가전,신규,충청,0,
2026-01-19,오프라인,가전,기존,수도권,3,
2026-01-19,오프라인,가전,기존,영남,2,
2026-01-19,오프라인,가전,기존,호남,1,
2026-01-19,오프라인,가전,기존,충청,0,
2026-01-19,B2B,식품,신규,,1,
2026-01-19,B2B,식품,기존,,10,
2026-01-19,B2B,생활용품,신규,,1,
2026-01-19,B2B,생활용품,기존,,6,
2026-01-19,B2B,뷰티,신규,,0,
2026-01-19,B2B,뷰티,기존,,2,
2026-01-19,B2B,가전,신규,,2,
2026-01-19,B2B,가전,기존,,15,
2026-01-20,온라인,식품,신규,,4,800
2026-01-20,온라인,식품,기존,,13,2600
2026-01-20,온라인,생활용품,신규,,4,800
2026-01-20,온라인,생활용품,기존,,11,2200
2026-01-20,온라인,뷰티,신규,,3,600
2026-01-20,온라인,뷰티,기존,,9,1800
2026-01-20,온라인,가전,신규,,4,800
2026-01-20,온라인,가전,기존,,10,2000
2026-01-20,오프라인,식품,신규,수도권,1,
2026-01-20,오프라인,식품,신규,영남,1,
2026-01-20,오프라인,식품,신규,호남,0,
2026-01-20,오프라인,식품,신규,충청,0,
2026-01-20,오프라인,식품,기존,수도권,8,
2026-01-20,오프라인,식품,기존,영남,4,
2026-01-20,오프라인,식품,기존,호남,2,
2026-01-20,오프라인,식품,기존,충청,1,
2026-01-20,오프라인,생활용품,신규,수도권,1,
2026-01-20,오프라인,생활용품,신규,영남,0,
2026-01-20,오프라인,생활용품,신규,호남,0,
2026-01-20,오프라인,생활용품,신규,충청,0,
2026-01-20,오프라인,생활용품,기존,수도권,6,
2026-01-20,오프라인,생활용품,기존,영남,3,
2026-01-20,오프라인,생활용품,기존,호남,1,
2026-01-20,오프라인,생활용품,기존,충청,1,
2026-01-20,오프라인,뷰티,신규,수도권,0,
2026-01-20,오프라인,뷰티,신규,영남,0,
2026-01-20,오프라인,뷰티,신규,호남,0,
2026-01-20,오프라인,뷰티,신규,충청,0,
2026-01-20,오프라인,뷰티,기존,수도권,3,
2026-01-20,오프라인,뷰티,기존,영남,2,
2026-01-20,오프라인,뷰티,기존,호남,1,
2026-01-20,오프라인,뷰티,기존,충청,0,
2026-01-20,오프라인,가전,신규,수도권,1,
2026-01-20,오프라인,가전,신규,영남,0,
2026-01-20,오프라인,가전,신규,호남,0,
2026-01-20,오프라인,가전,신규,충청,0,
2026-01-20,오프라인,가전,기존,수도권,3,
2026-01-20,오프라인,가전,기존,영남,2,
2026-01-20,오프라인,가전,기존,호남,1,
2026-01-20,오프라인,가전,기존,충청,1,
2026-01-20,B2B,식품,신규,,1,
2026-01-20,B2B,식품,기존,,9,
2026-01-20,B2B,생활용품,신규,,1,
2026-01-20,B2B,생활용품,기존,,6,
2026-01-20,B2B,뷰티,신규,,0,
2026-01-20,B2B,뷰티,기존,,2,
2026-01-20,B2B,가전,신규,,2,
2026-01-20,B2B,가전,기존,,17,
2026-01-21,온라인,식품,신규,,3,600
2026-01-21,온라인,식품,기존,,13,2600
2026-01-21,온라인,생활용품,신규,,4,800
2026-01-21,온라인,생활용품,기존,,10,2000
2026-01-21,온라인,뷰티,신규,,3,600
2026-01-21,온라인,뷰티,기존,,10,2000
2026-01-21,온라인,가전,신규,,3,600
2026-01-21,온라인,가전,기존,,10,2000
2026-01-21,오프라인,식품,신규,수도권,1,
2026-01-21,오프라인,식품,신규,영남,1,
2026-01-21,오프라인,식품,신규,호남,0,
2026-01-21,오프라인,식품,신규,충청,0,
2026-01-21,오프라인,식품,기존,수도권,8,
2026-01-21,오프라인,식품,기존,영남,4,
2026-01-21,오프라인,식품,기존,호남,2,
2026-01-21,오프라인,식품,기존,충청,1,
2026-01-21,오프라인,생활용품,신규,수도권,1,
2026-01-21,오프라인,생활용품,신규,영남,0,
2026-01-21,오프라인,생활용품,신규,호남,0,
2026-01-21,오프라인,생활용품,신규,충청,0,
2026-01-21,오프라인,생활용품,기존,수도권,5,
2026-01-21,오프라인,생활용품,기존,영남,3,
2026-01-21,오프라인,생활용품,기존,호남,1,
2026-01-21,오프라인,생활용품,기존,충청,1,
2026-01-21,오프라인,뷰티,신규,수도권,0,
2026-01-21,오프라인,뷰티,신규,영남,0,
2026-01-21,오프라인,뷰티,신규,호남,0,
2026-01-21,오프라인,뷰티,신규,충청,0,
2026-01-21,오프라인,뷰티,기존,수도권,3,
2026-01-21,오프라인,뷰티,기존,영남,2,
2026-01-21,오프라인,뷰티,기존,호남,1,
2026-01-21,오프라인,뷰티,기존,충청,0,
2026-01-21,오프라인,가전,신규,수도권,1,
2026-01-21,오프라인,가전,신규,영남,0,
2026-01-21,오프라인,가전,신규,호남,0,
2026-01-21,오프라인,가전,신규,충청,0,
2026-01-21,오프라인,가전,기존,수도권,3,
2026-01-21,오프라인,가전,기존,영남,2,
2026-01-21,오프라인,가전,기존,호남,1,
2026-01-21,오프라인,가전,기존,충청,0,
2026-01-21,B2B,식품,신규,,1,
2026-01-21,B2B,식품,기존,,11,
2026-01-21,B2B,생활용품,신규,,1,
2026-01-21,B2B,생활용품,기존,,6,
2026-01-21,B2B,뷰티,신규,,0,
2026-01-21,B2B,뷰티,기존,,2,
2026-01-21,B2B,가전,신규,,2,
2026-01-21,B2B,가전,기존,,16,
2026-01-22,온라인,식품,신규,,3,600
2026-01-22,온라인,식품,기존,,14,2800
2026-01-22,온라인,생활용품,신규,,3,600
2026-01-22,온라인,생활용품,기존,,10,2000
2026-01-22,온라인,뷰티,신규,,3,600
2026-01-22,온라인,뷰티,기존,,9,1800
2026-01-22,온라인,가전,신규,,3,600
2026-01-22,온라인,가전,기존,,10,2000
2026-01-22,오프라인,식품,신규,수도권,2,
2026-01-22,오프라인,식품,신규,영남,1,
2026-01-22,오프라인,식품,신규,호남,0,
2026-01-22,오프라인,식품,신규,충청,0,
2026-01-22,오프라인,식품,기존,수도권,9,
2026-01-22,오프라인,식품,기존,영남,4,
2026-01-22,오프라인,식품,기존,호남,2,
2026-01-22,오프라인,식품,기존,충청,1,
2026-01-22,오프라인,생활용품,신규,수도권,1,
2026-01-22,오프라인,생활용품,신규,영남,0,
2026-01-22,오프라인,생활용품,신규,호남,0,
2026-01-22,오프라인,생활용품,신규,충청,0,
2026-01-22,오프라인,생활용품,기존,수도권,7,
2026-01-22,오프라인,생활용품,기존,영남,3,
2026-01-22,오프라인,생활용품,기존,호남,1,
2026-01-22,오프라인,생활용품,기존,충청,1,
2026-01-22,오프라인,뷰티,신규,수도권,1,
2026-01-22,오프라인,뷰티,신규,영남,0,
2026-01-22,오프라인,뷰티,신규,호남,0,
2026-01-22,오프라인,뷰티,신규,충청,0,
2026-01-22,오프라인,뷰티,기존,수도권,3,
2026-01-22,오프라인,뷰티,기존,영남,2,
2026-01-22,오프라인,뷰티,기존,호남,1,
2026-01-22,오프라인,뷰티,기존,충청,0,
2026-01-22,오프라인,가전,신규,수도권,1,
2026-01-22,오프라인,가전,신규,영남,0,
2026-01-22,오프라인,가전,신규,호남,0,
2026-01-22,오프라인,가전,신규,충청,0,
2026-01-22,오프라인,가전,기존,수도권,3,
2026-01-22,오프라인,가전,기존,영남,2,
2026-01-22,오프라인,가전,기존,호남,1,
2026-01-22,오프라인,가전,기존,충청,0,
2026-01-22,B2B,식품,신규,,1,
2026-01-22,B2B,식품,기존,,10,
2026-01-22,B2B,생활용품,신규,,1,
2026-01-22,B2B,생활용품,기존,,6,
2026-01-22,B2B,뷰티,신규,,0,
2026-01-22,B2B,뷰티,기존,,3,
2026-01-22,B2B,가전,신규,,2,
2026-01-22,B2B,가전,기존,,14,
2026-01-23,온라인,식품,신규,,4,800
2026-01-23,온라인,식품,기존,,14,2800
2026-01-23,온라인,생활용품,신규,,4,800
2026-01-23,온라인,생활용품,기존,,9,1800
2026-01-23,온라인,뷰티,신규,,2,400
2026-01-23,온라인,뷰티,기존,,8,1600
2026-01-23,온라인,가전,신규,,4,800
2026-01-23,온라인,가전,기존,,12,2400
2026-01-23,오프라인,식품,신규,수도권,1,
2026-01-23,오프라인,식품,신규,영남,1,
2026-01-23,오프라인,식품,신규,호남,0,
2026-01-23,오프라인,식품,신규,충청,0,
2026-01-23,오프라인,식품,기존,수도권,8,
2026-01-23,오프라인,식품,기존,영남,4,
2026-01-23,오프라인,식품,기존,호남,2,
2026-01-23,오프라인,식품,기존,충청,1,
2026-01-23,오프라인,생활용품,신규,수도권,1,
2026-01-23,오프라인,생활용품,신규,영남,0,
2026-01-23,오프라인,생활용품,신규,호남,0,
2026-01-23,오프라인,생활용품,신규,충청,0,
2026-01-23,오프라인,생활용품,기존,수도권,5,
2026-01-23,오프라인,생활용품,기존,영남,3,
2026-01-23,오프라인,생활용품,기존,호남,1,
2026-01-23,오프라인,생활용품,기존,충청,1,
2026-01-23,오프라인,뷰티,신규,수도권,0,
2026-01-23,오프라인,뷰티,신규,영남,0,
2026-01-23,오프라인,뷰티,신규,호남,0,
2026-01-23,오프라인,뷰티,신규,충청,0,
2026-01-23,오프라인,뷰티,기존,수도권,3,
2026-01-23,오프라인,뷰티,기존,영남,2,
2026-01-23,오프라인,뷰티,기존,호남,1,
2026-01-23,오프라인,뷰티,기존,충청,1,
2026-01-23,오프라인,가전,신규,수도권,1,
2026-01-23,오프라인,가전,신규,영남,0,
2026-01-23,오프라인,가전,신규,호남,0,
2026-01-23,오프라인,가전,신규,충청,0,
2026-01-23,오프라인,가전,기존,수도권,4,
2026-01-23,오프라인,가전,기존,영남,2,
2026-01-23,오프라인,가전,기존,호남,1,
2026-01-23,오프라인,가전,기존,충청,0,
2026-01-23,B2B,식품,신규,,1,
2026-01-23,B2B,식품,기존,,9,
2026-01-23,B2B,생활용품,신규,,1,
2026-01-23,B2B,생활용품,기존,,6,
2026-01-23,B2B,뷰티,신규,,0,
2026-01-23,B2B,뷰티,기존,,3,
2026-01-23,B2B,가전,신규,,2,
2026-01-23,B2B,가전,기존,,14,
2026-01-24,온라인,식품,신규,,5,1000
2026-01-24,온라인,식품,기존,,15,3000
2026-01-24,온라인,생활용품,신규,,4,800
2026-01-24,온라인,생활용품,기존,,12,2400
2026-01-24,온라인,뷰티,신규,,3,600
2026-01-24,온라인,뷰티,기존,,9,1800
2026-01-24,온라인,가전,신규,,4,800
2026-01-24,온라인,가전,기존,,12,2400
2026-01-24,오프라인,식품,신규,수도권,2,
2026-01-24,오프라인,식품,신규,영남,1,
2026-01-24,오프라인,식품,신규,호남,0,
2026-01-24,오프라인,식품,신규,충청,0,
2026-01-24,오프라인,식품,기존,수도권,12,
2026-01-24,오프라인,식품,기존,영남,5,
2026-01-24,오프라인,식품,기존,호남,2,
2026-01-24,오프라인,식품,기존,충청,2,
2026-01-24,오프라인,생활용품,신규,수도권,1,
2026-01-24,오프라인,생활용품,신규,영남,1,
2026-01-24,오프라인,생활용품,신규,호남,0,
2026-01-24,오프라인,생활용품,신규,충청,0,
2026-01-24,오프라인,생활용품,기존,수도권,7,
2026-01-24,오프라인,생활용품,기존,영남,4,
2026-01-24,오프라인,생활용품,기존,호남,2,
2026-01-24,오프라인,생활용품,기존,충청,1,
2026-01-24,오프라인,뷰티,신규,수도권,1,
2026-01-24,오프라인,뷰티,신규,영남,0,
2026-01-24,오프라인,뷰티,신규,호남,0,
2026-01-24,오프라인,뷰티,신규,충청,0,
2026-01-24,오프라인,뷰티,기존,수도권,4,
2026-01-24,오프라인,뷰티,기존,영남,2,
2026-01-24,오프라인,뷰티,기존,호남,1,
2026-01-24,오프라인,뷰티,기존,충청,1,
2026-01-24,오프라인,가전,신규,수도권,1,
2026-01-24,오프라인,가전,신규,영남,0,
2026-01-24,오프라인,가전,신규,호남,0,
2026-01-24,오프라인,가전,신규,충청,0,
2026-01-24,오프라인,가전,기존,수도권,4,
2026-01-24,오프라인,가전,기존,영남,2,
2026-01-24,오프라인,가전,기존,호남,1,
2026-01-24,오프라인,가전,기존,충청,1,
2026-01-24,B2B,식품,신규,,0,
2026-01-24,B2B,식품,기존,,0,
2026-01-24,B2B,생활용품,신규,,0,
2026-01-24,B2B,생활용품,기존,,0,
2026-01-24,B2B,뷰티,신규,,0,
2026-01-24,B2B,뷰티,기존,,0,
2026-01-24,B2B,가전,신규,,0,
2026-01-24,B2B,가전,기존,,1,
2026-01-25,온라인,식품,신규,,4,800
2026-01-25,온라인,식품,기존,,15,3000
2026-01-25,온라인,생활용품,신규,,4,800
2026-01-25,온라인,생활용품,기존,,13,2600
2026-01-25,온라인,뷰티,신규,,4,800
2026-01-25,온라인,뷰티,기존,,8,1600
2026-01-25,온라인,가전,신규,,3,600
2026-01-25,온라인,가전,기존,,12,2400
2026-01-25,오프라인,식품,신규,수도권,2,
2026-01-25,오프라인,식품,신규,영남,1,
2026-01-25,오프라인,식품,신규,호남,0,
2026-01-25,오프라인,식품,신규,충청,0,
2026-01-25,오프라인,식품,기존,수도권,11,
2026-01-25,오프라인,식품,기존,영남,6,
2026-01-25,오프라인,식품,기존,호남,2,
2026-01-25,오프라인,식품,기존,충청,1,
2026-01-25,오프라인,생활용품,신규,수도권,1,
2026-01-25,오프라인,생활용품,신규,영남,1,
2026-01-25,오프라인,생활용품,신규,호남,0,
2026-01-25,오프라인,생활용품,신규,충청,0,
2026-01-25,오프라인,생활용품,기존,수도권,7,
2026-01-25,오프라인,생활용품,기존,영남,3,
2026-01-25,오프라인,생활용품,기존,호남,1,
2026-01-25,오프라인,생활용품,기존,충청,1,
2026-01-25,오프라인,뷰티,신규,수도권,1,
2026-01-25,오프라인,뷰티,신규,영남,0,
2026-01-25,오프라인,뷰티,신규,호남,0,
2026-01-25,오프라인,뷰티,신규,충청,0,
2026-01-25,오프라인,뷰티,기존,수도권,4,
2026-01-25,오프라인,뷰티,기존,영남,2,
2026-01-25,오프라인,뷰티,기존,호남,1,
2026-01-25,오프라인,뷰티,기존,충청,1,
2026-01-25,오프라인,가전,신규,수도권,1,
2026-01-25,오프라인,가전,신규,영남,0,
2026-01-25,오프라인,가전,신규,호남,0,
2026-01-25,오프라인,가전,신규,충청,0,
2026-01-25,오프라인,가전,기존,수도권,4,
2026-01-25,오프라인,가전,기존,영남,2,
2026-01-25,오프라인,가전,기존,호남,1,
2026-01-25,오프라인,가전,기존,충청,1,
2026-01-25,B2B,식품,신규,,0,
2026-01-25,B2B,식품,기존,,0,
2026-01-25,B2B,생활용품,신규,,0,
2026-01-25,B2B,생활용품,기존,,0,
2026-01-25,B2B,뷰티,신규,,0,
2026-01-25,B2B,뷰티,기존,,0,
2026-01-25,B2B,가전,신규,,0,
2026-01-25,B2B,가전,기존,,0,
2026-01-26,온라인,식품,신규,,4,800
2026-01-26,온라인,식품,기존,,13,2600
2026-01-26,온라인,생활용품,신규,,4,800
2026-01-26,온라인,생활용품,기존,,11,2200
2026-01-26,온라인,뷰티,신규,,3,600
2026-01-26,온라인,뷰티,기존,,9,1800
2026-01-26,온라인,가전,신규,,4,800
2026-01-26,온라인,가전,기존,,11,2200
2026-01-26,오프라인,식품,신규,수도권,1,
2026-01-26,오프라인,식품,신규,영남,1,
2026-01-26,오프라인,식품,신규,호남,0,
2026-01-26,오프라인,식품,신규,충청,0,
2026-01-26,오프라인,식품,기존,수도권,10,
2026-01-26,오프라인,식품,기존,영남,4,
2026-01-26,오프라인,식품,기존,호남,2,
2026-01-26,오프라인,식품,기존,충청,1,
2026-01-26,오프라인,생활용품,신규,수도권,1,
2026-01-26,오프라인,생활용품,신규,영남,0,
2026-01-26,오프라인,생활용품,신규,호남,0,
2026-01-26,오프라인,생활용품,신규,충청,0,
2026-01-26,오프라인,생활용품,기존,수도권,5,
2026-01-26,오프라인,생활용품,기존,영남,3,
2026-01-26,오프라인,생활용품,기존,호남,1,
2026-01-26,오프라인,생활용품,기존,충청,1,
2026-01-26,오프라인,뷰티,신규,수도권,0,
2026-01-26,오프라인,뷰티,신규,영남,0,
2026-01-26,오프라인,뷰티,신규,호남,0,
2026-01-26,오프라인,뷰티,신규,충청,0,
2026-01-26,오프라인,뷰티,기존,수도권,3,
2026-01-26,오프라인,뷰티,기존,영남,1,
2026-01-26,오프라인,뷰티,기존,호남,1,
2026-01-26,오프라인,뷰티,기존,충청,0,
2026-01-26,오프라인,가전,신규,수도권,1,
2026-01-26,오프라인,가전,신규,영남,0,
2026-01-26,오프라인,가전,신규,호남,0,
2026-01-26,오프라인,가전,신규,충청,0,
2026-01-26,오프라인,가전,기존,수도권,4,
2026-01-26,오프라인,가전,기존,영남,2,
2026-01-26,오프라인,가전,기존,호남,1,
2026-01-26,오프라인,가전,기존,충청,0,
2026-01-26,B2B,식품,신규,,1,
2026-01-26,B2B,식품,기존,,10,
2026-01-26,B2B,생활용품,신규,,1,
2026-01-26,B2B,생활용품,기존,,6,
2026-01-26,B2B,뷰티,신규,,0,
2026-01-26,B2B,뷰티,기존,,2,
2026-01-26,B2B,가전,신규,,2,
2026-01-26,B2B,가전,기존,,16,
2026-01-27,온라인,식품,신규,,3,600
2026-01-27,온라인,식품,기존,,13,2600
2026-01-27,온라인,생활용품,신규,,4,800
2026-01-27,온라인,생활용품,기존,,10,2000
2026-01-27,온라인,뷰티,신규,,3,600
2026-01-27,온라인,뷰티,기존,,8,1600
2026-01-27,온라인,가전,신규,,4,800
2026-01-27,온라인,가전,기존,,9,1800
2026-01-27,오프라인,식품,신규,수도권,1,
2026-01-27,오프라인,식품,신규,영남,1,
2026-01-27,오프라인,식품,신규,호남,0,
2026-01-27,오프라인,식품,신규,충청,0,
2026-01-27,오프라인,식품,기존,수도권,8,
2026-01-27,오프라인,식품,기존,영남,5,
2026-01-27,오프라인,식품,기존,호남,2,
2026-01-27,오프라인,식품,기존,충청,1,
2026-01-27,오프라인,생활용품,신규,수도권,1,
2026-01-27,오프라인,생활용품,신규,영남,1,
2026-01-27,오프라인,생활용품,신규,호남,0,
2026-01-27,오프라인,생활용품,신규,충청,0,
2026-01-27,오프라인,생활용품,기존,수도권,6,
2026-01-27,오프라인,생활용품,기존,영남,3,
2026-01-27,오프라인,생활용품,기존,호남,1,
2026-01-27,오프라인,생활용품,기존,충청,1,
2026-01-27,오프라인,뷰티,신규,수도권,1,
2026-01-27,오프라인,뷰티,신규,영남,0,
2026-01-27,오프라인,뷰티,신규,호남,0,
2026-01-27,오프라인,뷰티,신규,충청,0,
2026-01-27,오프라인,뷰티,기존,수도권,3,
2026-01-27,오프라인,뷰티,기존,영남,1,
2026-01-27,오프라인,뷰티,기존,호남,1,
2026-01-27,오프라인,뷰티,기존,충청,0,
2026-01-27,오프라인,가전,신규,수도권,0,
2026-01-27,오프라인,가전,신규,영남,0,
2026-01-27,오프라인,가전,신규,호남,0,
2026-01-27,오프라인,가전,신규,충청,0,
2026-01-27,오프라인,가전,기존,수도권,3,
2026-01-27,오프라인,가전,기존,영남,2,
2026-01-27,오프라인,가전,기존,호남,1,
2026-01-27,오프라인,가전,기존,충청,1,
2026-01-27,B2B,식품,신규,,1,
2026-01-27,B2B,식품,기존,,10,
2026-01-27,B2B,생활용품,신규,,1,
2026-01-27,B2B,생활용품,기존,,7,
2026-01-27,B2B,뷰티,신규,,0,
2026-01-27,B2B,뷰티,기존,,3,
2026-01-27,B2B,가전,신규,,2,
2026-01-27,B2B,가전,기존,,16,
2026-01-28,온라인,식품,신규,,4,800
2026-01-28,온라인,식품,기존,,12,2400
2026-01-28,온라인,생활용품,신규,,3,600
2026-01-28,온라인,생활용품,기존,,11,2200
2026-01-28,온라인,뷰티,신규,,3,600
2026-01-28,온라인,뷰티,기존,,8,1600
2026-01-28,온라인,가전,신규,,3,600
2026-01-28,온라인,가전,기존,,9,1800
2026-01-28,오프라인,식품,신규,수도권,1,
2026-01-28,오프라인,식품,신규,영남,1,
2026-01-28,오프라인,식품,신규,호남,0,
2026-01-28,오프라인,식품,신규,충청,0,
2026-01-28,오프라인,식품,기존,수도권,9,
2026-01-28,오프라인,식품,기존,영남,4,
2026-01-28,오프라인,식품,기존,호남,2,
2026-01-28,오프라인,식품,기존,충청,1,
2026-01-28,오프라인,생활용품,신규,수도권,1,
2026-01-28,오프라인,생활용품,신규,영남,1,
2026-01-28,오프라인,생활용품,신규,호남,0,
2026-01-28,오프라인,생활용품,신규,충청,0,
2026-01-28,오프라인,생활용품,기존,수도권,5,
2026-01-28,오프라인,생활용품,기존,영남,3,
2026-01-28,오프라인,생활용품,기존,호남,1,
2026-01-28,오프라인,생활용품,기존,충청,1,
2026-01-28,오프라인,뷰티,신규,수도권,1,
2026-01-28,오프라인,뷰티,신규,영남,0,
2026-01-28,오프라인,뷰티,신규,호남,0,
2026-01-28,오프라인,뷰티,신규,충청,0,
2026-01-28,오프라인,뷰티,기존,수도권,3,
2026-01-28,오프라인,뷰티,기존,영남,2,
2026-01-28,오프라인,뷰티,기존,호남,1,
2026-01-28,오프라인,뷰티,기존,충청,1,
2026-01-28,오프라인,가전,신규,수도권,1,
2026-01-28,오프라인,가전,신규,영남,0,
2026-01-28,오프라인,가전,신규,호남,0,
2026-01-28,오프라인,가전,신규,충청,0,
2026-01-28,오프라인,가전,기존,수도권,3,
2026-01-28,오프라인,가전,기존,영남,2,
2026-01-28,오프라인,가전,기존,호남,1,
2026-01-28,오프라인,가전,기존,충청,1,
2026-01-28,B2B,식품,신규,,1,
2026-01-28,B2B,식품,기존,,9,
2026-01-28,B2B,생활용품,신규,,1,
2026-01-28,B2B,생활용품,기존,,7,
2026-01-28,B2B,뷰티,신규,,0,
2026-01-28,B2B,뷰티,기존,,3,
2026-01-28,B2B,가전,신규,,2,
2026-01-28,B2B,가전,기존,,14,
2026-01-29,온라인,식품,신규,,4,800
2026-01-29,온라인,식품,기존,,13,2600
2026-01-29,온라인,생활용품,신규,,4,800
2026-01-29,온라인,생활용품,기존,,10,2000
2026-01-29,온라인,뷰티,신규,,3,600
2026-01-29,온라인,뷰티,기존,,8,1600
2026-01-29,온라인,가전,신규,,3,600
2026-01-29,온라인,가전,기존,,9,1800
2026-01-29,오프라인,식품,신규,수도권,1,
2026-01-29,오프라인,식품,신규,영남,1,
2026-01-29,오프라인,식품,신규,호남,0,
2026-01-29,오프라인,식품,신규,충청,0,
2026-01-29,오프라인,식품,기존,수도권,7,
2026-01-29,오프라인,식품,기존,영남,5,
2026-01-29,오프라인,식품,기존,호남,2,
2026-01-29,오프라인,식품,기존,충청,1,
2026-01-29,오프라인,생활용품,신규,수도권,1,
2026-01-29,오프라인,생활용품,신규,영남,0,
2026-01-29,오프라인,생활용품,신규,호남,0,
2026-01-29,오프라인,생활용품,신규,충청,0,
2026-01-29,오프라인,생활용품,기존,수도권,5,
2026-01-29,오프라인,생활용품,기존,영남,2,
2026-01-29,오프라인,생활용품,기존,호남,1,
2026-01-29,오프라인,생활용품,기존,충청,1,
2026-01-29,오프라인,뷰티,신규,수도권,0,
2026-01-29,오프라인,뷰티,신규,영남,0,
2026-01-29,오프라인,뷰티,신규,호남,0,
2026-01-29,오프라인,뷰티,신규,충청,0,
2026-01-29,오프라인,뷰티,기존,수도권,3,
2026-01-29,오프라인,뷰티,기존,영남,2,
2026-01-29,오프라인,뷰티,기존,호남,1,
2026-01-29,오프라인,뷰티,기존,충청,0,
2026-01-29,오프라인,가전,신규,수도권,1,
2026-01-29,오프라인,가전,신규,영남,0,
2026-01-29,오프라인,가전,신규,호남,0,
2026-01-29,오프라인,가전,신규,충청,0,
2026-01-29,오프라인,가전,기존,수도권,3,
2026-01-29,오프라인,가전,기존,영남,2,
2026-01-29,오프라인,가전,기존,호남,1,
2026-01-29,오프라인,가전,기존,충청,0,
2026-01-29,B2B,식품,신규,,1,
2026-01-29,B2B,식품,기존,,10,
2026-01-29,B2B,생활용품,신규,,1,
2026-01-29,B2B,생활용품,기존,,7,
2026-01-29,B2B,뷰티,신규,,0,
2026-01-29,B2B,뷰티,기존,,3,
2026-01-29,B2B,가전,신규,,2,
2026-01-29,B2B,가전,기존,,17,
2026-01-30,온라인,식품,신규,,4,800
2026-01-30,온라인,식품,기존,,12,2400
2026-01-30,온라인,생활용품,신규,,3,600
2026-01-30,온라인,생활용품,기존,,11,2200
2026-01-30,온라인,뷰티,신규,,2,400
2026-01-30,온라인,뷰티,기존,,9,1800
2026-01-30,온라인,가전,신규,,4,800
2026-01-30,온라인,가전,기존,,9,1800
2026-01-30,오프라인,식품,신규,수도권,1,
2026-01-30,오프라인,식품,신규,영남,1,
2026-01-30,오프라인,식품,신규,호남,0,
2026-01-30,오프라인,식품,신규,충청,0,
2026-01-30,오프라인,식품,기존,수도권,7,
2026-01-30,오프라인,식품,기존,영남,4,
2026-01-30,오프라인,식품,기존,호남,2,
2026-01-30,오프라인,식품,기존,충청,1,
2026-01-30,오프라인,생활용품,신규,수도권,1,
2026-01-30,오프라인,생활용품,신규,영남,0,
2026-01-30,오프라인,생활용품,신규,호남,0,
2026-01-30,오프라인,생활용품,신규,충청,0,
2026-01-30,오프라인,생활용품,기존,수도권,6,
2026-01-30,오프라인,생활용품,기존,영남,3,
2026-01-30,오프라인,생활용품,기존,호남,1,
2026-01-30,오프라인,생활용품,기존,충청,1,
2026-01-30,오프라인,뷰티,신규,수도권,1,
2026-01-30,오프라인,뷰티,신규,영남,0,
2026-01-30,오프라인,뷰티,신규,호남,0,
2026-01-30,오프라인,뷰티,신규,충청,0,
2026-01-30,오프라인,뷰티,기존,수도권,3,
2026-01-30,오프라인,뷰티,기존,영남,2,
2026-01-30,오프라인,뷰티,기존,호남,1,
2026-01-30,오프라인,뷰티,기존,충청,0,
2026-01-30,오프라인,가전,신규,수도권,1,
2026-01-30,오프라인,가전,신규,영남,0,
2026-01-30,오프라인,가전,신규,호남,0,
2026-01-30,오프라인,가전,신규,충청,0,
2026-01-30,오프라인,가전,기존,수도권,3,
2026-01-30,오프라인,가전,기존,영남,2,
2026-01-30,오프라인,가전,기존,호남,1,
2026-01-30,오프라인,가전,기존,충청,1,
2026-01-30,B2B,식품,신규,,1,
2026-01-30,B2B,식품,기존,,10,
2026-01-30,B2B,생활용품,신규,,1,
2026-01-30,B2B,생활용품,기존,,7,
2026-01-30,B2B,뷰티,신규,,0,
2026-01-30,B2B,뷰티,기존,,3,
2026-01-30,B2B,가전,신규,,2,
2026-01-30,B2B,가전,기존,,17,
2026-01-31,온라인,식품,신규,,4,800
2026-01-31,온라인,식품,기존,,13,2600
2026-01-31,온라인,생활용품,신규,,3,600
2026-01-31,온라인,생활용품,기존,,12,2400
2026-01-31,온라인,뷰티,신규,,3,600
2026-01-31,온라인,뷰티,기존,,9,1800
2026-01-31,온라인,가전,신규,,5,1000
2026-01-31,온라인,가전,기존,,10,2000
2026-01-31,오프라인,식품,신규,수도권,2,
2026-01-31,오프라인,식품,신규,영남,1,
2026-01-31,오프라인,식품,신규,호남,0,
2026-01-31,오프라인,식품,신규,충청,0,
2026-01-31,오프라인,식품,기존,수도권,10,
2026-01-31,오프라인,식품,기존,영남,6,
2026-01-31,오프라인,식품,기존,호남,3,
2026-01-31,오프라인,식품,기존,충청,2,
2026-01-31,오프라인,생활용품,신규,수도권,1,
2026-01-31,오프라인,생활용품,신규,영남,1,
2026-01-31,오프라인,생활용품,신규,호남,0,
2026-01-31,오프라인,생활용품,신규,충청,0,
2026-01-31,오프라인,생활용품,기존,수도권,6,
2026-01-31,오프라인,생활용품,기존,영남,4,
2026-01-31,오프라인,생활용품,기존,호남,2,
2026-01-31,오프라인,생활용품,기존,충청,1,
2026-01-31,오프라인,뷰티,신규,수도권,1,
2026-01-31,오프라인,뷰티,신규,영남,0,
2026-01-31,오프라인,뷰티,신규,호남,0,
2026-01-31,오프라인,뷰티,신규,충청,0,
2026-01-31,오프라인,뷰티,기존,수도권,4,
2026-01-31,오프라인,뷰티,기존,영남,2,
2026-01-31,오프라인,뷰티,기존,호남,1,
2026-01-31,오프라인,뷰티,기존,충청,1,
2026-01-31,오프라인,가전,신규,수도권,1,
2026-01-31,오프라인,가전,신규,영남,0,
2026-01-31,오프라인,가전,신규,호남,0,
2026-01-31,오프라인,가전,신규,충청,0,
2026-01-31,오프라인,가전,기존,수도권,4,
2026-01-31,오프라인,가전,기존,영남,2,
2026-01-31,오프라인,가전,기존,호남,1,
2026-01-31,오프라인,가전,기존,충청,1,
2026-01-31,B2B,식품,신규,,0,
2026-01-31,B2B,식품,기존,,0,
2026-01-31,B2B,생활용품,신규,,0,
2026-01-31,B2B,생활용품,기존,,0,
2026-01-31,B2B,뷰티,신규,,0,
2026-01-31,B2B,뷰티,기존,,0,
2026-01-31,B2B,가전,신규,,0,
2026-01-31,B2B,가전,기존,,1,
2026-02-01,온라인,식품,신규,,4,800
2026-02-01,온라인,식품,기존,,15,3000
2026-02-01,온라인,생활용품,신규,,4,800
2026-02-01,온라인,생활용품,기존,,14,2800
2026-02-01,온라인,뷰티,신규,,2,400
2026-02-01,온라인,뷰티,기존,,10,2000
2026-02-01,온라인,가전,신규,,4,800
2026-02-01,온라인,가전,기존,,12,2400
2026-02-01,오프라인,식품,신규,수도권,2,
2026-02-01,오프라인,식품,신규,영남,1,
2026-02-01,오프라인,식품,신규,호남,1,
2026-02-01,오프라인,식품,신규,충청,0,
2026-02-01,오프라인,식품,기존,수도권,12,
2026-02-01,오프라인,식품,기존,영남,6,
2026-02-01,오프라인,식품,기존,호남,3,
2026-02-01,오프라인,식품,기존,충청,2,
2026-02-01,오프라인,생활용품,신규,수도권,1,
2026-02-01,오프라인,생활용품,신규,영남,1,
2026-02-01,오프라인,생활용품,신규,호남,0,
2026-02-01,오프라인,생활용품,신규,충청,0,
2026-02-01,오프라인,생활용품,기존,수도권,6,
2026-02-01,오프라인,생활용품,기존,영남,4,
2026-02-01,오프라인,생활용품,기존,호남,2,
2026-02-01,오프라인,생활용품,기존,충청,1,
2026-02-01,오프라인,뷰티,신규,수도권,1,
2026-02-01,오프라인,뷰티,신규,영남,0,
2026-02-01,오프라인,뷰티,신규,호남,0,
2026-02-01,오프라인,뷰티,신규,충청,0,
2026-02-01,오프라인,뷰티,기존,수도권,4,
2026-02-01,오프라인,뷰티,기존,영남,2,
2026-02-01,오프라인,뷰티,기존,호남,1,
2026-02-01,오프라인,뷰티,기존,충청,1,
2026-02-01,오프라인,가전,신규,수도권,1,
2026-02-01,오프라인,가전,신규,영남,0,
2026-02-01,오프라인,가전,신규,호남,0,
2026-02-01,오프라인,가전,신규,충청,0,
2026-02-01,오프라인,가전,기존,수도권,5,
2026-02-01,오프라인,가전,기존,영남,2,
2026-02-01,오프라인,가전,기존,호남,1,
2026-02-01,오프라인,가전,기존,충청,1,
2026-02-01,B2B,식품,신규,,0,
2026-02-01,B2B,식품,기존,,0,
2026-02-01,B2B,생활용품,신규,,0,
2026-02-01,B2B,생활용품,기존,,0,
2026-02-01,B2B,뷰티,신규,,0,
2026-02-01,B2B,뷰티,기존,,0,
2026-02-01,B2B,가전,신규,,0,
2026-02-01,B2B,가전,기존,,0,
2026-02-02,온라인,식품,신규,,4,800
2026-02-02,온라인,식품,기존,,13,2600
2026-02-02,온라인,생활용품,신규,,4,800
2026-02-02,온라인,생활용품,기존,,11,2200
2026-02-02,온라인,뷰티,신규,,3,600
2026-02-02,온라인,뷰티,기존,,9,1800
2026-02-02,온라인,가전,신규,,3,600
2026-02-02,온라인,가전,기존,,12,2400
2026-02-02,오프라인,식품,신규,수도권,1,
2026-02-02,오프라인,식품,신규,영남,1,
2026-02-02,오프라인,식품,신규,호남,0,
2026-02-02,오프라인,식품,신규,충청,0,
2026-02-02,오프라인,식품,기존,수도권,10,
2026-02-02,오프라인,식품,기존,영남,5,
2026-02-02,오프라인,식품,기존,호남,2,
2026-02-02,오프라인,식품,기존,충청,1,
2026-02-02,오프라인,생활용품,신규,수도권,1,
2026-02-02,오프라인,생활용품,신규,영남,1,
2026-02-02,오프라인,생활용품,신규,호남,0,
2026-02-02,오프라인,생활용품,신규,충청,0,
2026-02-02,오프라인,생활용품,기존,수도권,6,
2026-02-02,오프라인,생활용품,기존,영남,3,
2026-02-02,오프라인,생활용품,기존,호남,1,
2026-02-02,오프라인,생활용품,기존,충청,1,
2026-02-02,오프라인,뷰티,신규,수도권,1,
2026-02-02,오프라인,뷰티,신규,영남,0,
2026-02-02,오프라인,뷰티,신규,호남,0,
2026-02-02,오프라인,뷰티,신규,충청,0,
2026-02-02,오프라인,뷰티,기존,수도권,4,
2026-02-02,오프라인,뷰티,기존,영남,2,
2026-02-02,오프라인,뷰티,기존,호남,1,
2026-02-02,오프라인,뷰티,기존,충청,1,
2026-02-02,오프라인,가전,신규,수도권,1,
2026-02-02,오프라인,가전,신규,영남,0,
2026-02-02,오프라인,가전,신규,호남,0,
2026-02-02,오프라인,가전,신규,충청,0,
2026-02-02,오프라인,가전,기존,수도권,4,
2026-02-02,오프라인,가전,기존,영남,2,
2026-02-02,오프라인,가전,기존,호남,1,
2026-02-02,오프라인,가전,기존,충청,1,
2026-02-02,B2B,식품,신규,,1,
2026-02-02,B2B,식품,기존,,9,
2026-02-02,B2B,생활용품,신규,,1,
2026-02-02,B2B,생활용품,기존,,6,
2026-02-02,B2B,뷰티,신규,,0,
2026-02-02,B2B,뷰티,기존,,3,
2026-02-02,B2B,가전,신규,,2,
2026-02-02,B2B,가전,기존,,15,
2026-02-03,온라인,식품,신규,,5,1000
2026-02-03,온라인,식품,기존,,15,3000
2026-02-03,온라인,생활용품,신규,,3,600
2026-02-03,온라인,생활용품,기존,,10,2000
2026-02-03,온라인,뷰티,신규,,3,600
2026-02-03,온라인,뷰티,기존,,10,2000
2026-02-03,온라인,가전,신규,,4,800
2026-02-03,온라인,가전,기존,,10,2000
2026-02-03,오프라인,식품,신규,수도권,1,
2026-02-03,오프라인,식품,신규,영남,1,
2026-02-03,오프라인,식품,신규,호남,0,
2026-02-03,오프라인,식품,신규,충청,0,
2026-02-03,오프라인,식품,기존,수도권,8,
2026-02-03,오프라인,식품,기존,영남,5,
2026-02-03,오프라인,식품,기존,호남,2,
2026-02-03,오프라인,식품,기존,충청,1,
2026-02-03,오프라인,생활용품,신규,수도권,1,
2026-02-03,오프라인,생활용품,신규,영남,1,
2026-02-03,오프라인,생활용품,신규,호남,0,
2026-02-03,오프라인,생활용품,신규,충청,0,
2026-02-03,오프라인,생활용품,기존,수도권,5,
2026-02-03,오프라인,생활용품,기존,영남,3,
2026-02-03,오프라인,생활용품,기존,호남,1,
2026-02-03,오프라인,생활용품,기존,충청,1,
2026-02-03,오프라인,뷰티,신규,수도권,1,
2026-02-03,오프라인,뷰티,신규,영남,0,
2026-02-03,오프라인,뷰티,신규,호남,0,
2026-02-03,오프라인,뷰티,신규,충청,0,
2026-02-03,오프라인,뷰티,기존,수도권,3,
2026-02-03,오프라인,뷰티,기존,영남,2,
2026-02-03,오프라인,뷰티,기존,호남,1,
2026-02-03,오프라인,뷰티,기존,충청,0,
2026-02-03,오프라인,가전,신규,수도권,1,
2026-02-03,오프라인,가전,신규,영남,0,
2026-02-03,오프라인,가전,신규,호남,0,
2026-02-03,오프라인,가전,신규,충청,0,
2026-02-03,오프라인,가전,기존,수도권,4,
2026-02-03,오프라인,가전,기존,영남,2,
2026-02-03,오프라인,가전,기존,호남,1,
2026-02-03,오프라인,가전,기존,충청,1,
2026-02-03,B2B,식품,신규,,1,
2026-02-03,B2B,식품,기존,,11,
2026-02-03,B2B,생활용품,신규,,1,
2026-02-03,B2B,생활용품,기존,,7,
2026-02-03,B2B,뷰티,신규,,0,
2026-02-03,B2B,뷰티,기존,,2,
2026-02-03,B2B,가전,신규,,2,
2026-02-03,B2B,가전,기존,,16,
2026-02-04,온라인,식품,신규,,5,1000
2026-02-04,온라인,식품,기존,,13,2600
2026-02-04,온라인,생활용품,신규,,3,600
2026-02-04,온라인,생활용품,기존,,10,2000
2026-02-04,온라인,뷰티,신규,,3,600
2026-02-04,온라인,뷰티,기존,,7,1400
2026-02-04,온라인,가전,신규,,3,600
2026-02-04,온라인,가전,기존,,10,2000
2026-02-04,오프라인,식품,신규,수도권,2,
2026-02-04,오프라인,식품,신규,영남,1,
2026-02-04,오프라인,식품,신규,호남,0,
2026-02-04,오프라인,식품,신규,충청,0,
2026-02-04,오프라인,식품,기존,수도권,8,
2026-02-04,오프라인,식품,기존,영남,5,
2026-02-04,오프라인,식품,기존,호남,2,
2026-02-04,오프라인,식품,기존,충청,1,
2026-02-04,오프라인,생활용품,신규,수도권,1,
2026-02-04,오프라인,생활용품,신규,영남,1,
2026-02-04,오프라인,생활용품,신규,호남,0,
2026-02-04,오프라인,생활용품,신규,충청,0,
2026-02-04,오프라인,생활용품,기존,수도권,6,
2026-02-04,오프라인,생활용품,기존,영남,3,
2026-02-04,오프라인,생활용품,기존,호남,1,
2026-02-04,오프라인,생활용품,기존,충청,1,
2026-02-04,오프라인,뷰티,신규,수도권,1,
2026-02-04,오프라인,뷰티,신규,영남,0,
2026-02-04,오프라인,뷰티,신규,호남,0,
2026-02-04,오프라인,뷰티,신규,충청,0,
2026-02-04,오프라인,뷰티,기존,수도권,2,
2026-02-04,오프라인,뷰티,기존,영남,1,
2026-02-04,오프라인,뷰티,기존,호남,1,
2026-02-04,오프라인,뷰티,기존,충청,0,
2026-02-04,오프라인,가전,신규,수도권,1,
2026-02-04,오프라인,가전,신규,영남,0,
2026-02-04,오프라인,가전,신규,호남,0,
2026-02-04,오프라인,가전,신규,충청,0,
2026-02-04,오프라인,가전,기존,수도권,3,
2026-02-04,오프라인,가전,기존,영남,2,
2026-02-04,오프라인,가전,기존,호남,1,
2026-02-04,오프라인,가전,기존,충청,1,
2026-02-04,B2B,식품,신규,,1,
2026-02-04,B2B,식품,기존,,9,
2026-02-04,B2B,생활용품,신규,,1,
2026-02-04,B2B,생활용품,기존,,8,
2026-02-04,B2B,뷰티,신규,,0,
2026-02-04,B2B,뷰티,기존,,3,
2026-02-04,B2B,가전,신규,,2,
2026-02-04,B2B,가전,기존,,20,
2026-02-05,온라인,식품,신규,,4,800
2026-02-05,온라인,식품,기존,,14,2800
2026-02-05,온라인,생활용품,신규,,4,800
2026-02-05,온라인,생활용품,기존,,9,1800
2026-02-05,온라인,뷰티,신규,,3,600
2026-02-05,온라인,뷰티,기존,,8,1600
2026-02-05,온라인,가전,신규,,5,1000
2026-02-05,온라인,가전,기존,,10,2000
2026-02-05,오프라인,식품,신규,수도권,2,
2026-02-05,오프라인,식품,신규,영남,1,
2026-02-05,오프라인,식품,신규,호남,0,
2026-02-05,오프라인,식품,신규,충청,0,
2026-02-05,오프라인,식품,기존,수도권,7,
2026-02-05,오프라인,식품,기존,영남,4,
2026-02-05,오프라인,식품,기존,호남,2,
2026-02-05,오프라인,식품,기존,충청,1,
2026-02-05,오프라인,생활용품,신규,수도권,1,
2026-02-05,오프라인,생활용품,신규,영남,0,
2026-02-05,오프라인,생활용품,신규,호남,0,
2026-02-05,오프라인,생활용품,신규,충청,0,
2026-02-05,오프라인,생활용품,기존,수도권,5,
2026-02-05,오프라인,생활용품,기존,영남,3,
2026-02-05,오프라인,생활용품,기존,호남,1,
2026-02-05,오프라인,생활용품,기존,충청,1,
2026-02-05,오프라인,뷰티,신규,수도권,1,
2026-02-05,오프라인,뷰티,신규,영남,0,
2026-02-05,오프라인,뷰티,신규,호남,0,
2026-02-05,오프라인,뷰티,신규,충청,0,
2026-02-05,오프라인,뷰티,기존,수도권,3,
2026-02-05,오프라인,뷰티,기존,영남,2,
2026-02-05,오프라인,뷰티,기존,호남,1,
2026-02-05,오프라인,뷰티,기존,충청,0,
2026-02-05,오프라인,가전,신규,수도권,1,
2026-02-05,오프라인,가전,신규,영남,0,
2026-02-05,오프라인,가전,신규,호남,0,
2026-02-05,오프라인,가전,신규,충청,0,
2026-02-05,오프라인,가전,기존,수도권,3,
2026-02-05,오프라인,가전,기존,영남,2,
2026-02-05,오프라인,가전,기존,호남,1,
2026-02-05,오프라인,가전,기존,충청,1,
2026-02-05,B2B,식품,신규,,1,
2026-02-05,B2B,식품,기존,,9,
2026-02-05,B2B,생활용품,신규,,1,
2026-02-05,B2B,생활용품,기존,,7,
2026-02-05,B2B,뷰티,신규,,0,
2026-02-05,B2B,뷰티,기존,,3,
2026-02-05,B2B,가전,신규,,2,
2026-02-05,B2B,가전,기존,,13,
2026-02-06,온라인,식품,신규,,4,800
2026-02-06,온라인,식품,기존,,13,2600
2026-02-06,온라인,생활용품,신규,,4,800
2026-02-06,온라인,생활용품,기존,,11,2200
2026-02-06,온라인,뷰티,신규,,3,600
2026-02-06,온라인,뷰티,기존,,10,2000
2026-02-06,온라인,가전,신규,,4,800
2026-02-06,온라인,가전,기존,,11,2200
2026-02-06,오프라인,식품,신규,수도권,1,
2026-02-06,오프라인,식품,신규,영남,1,
2026-02-06,오프라인,식품,신규,호남,0,
2026-02-06,오프라인,식품,신규,충청,0,
2026-02-06,오프라인,식품,기존,수도권,8,
2026-02-06,오프라인,식품,기존,영남,5,
2026-02-06,오프라인,식품,기존,호남,2,
2026-02-06,오프라인,식품,기존,충청,1,
2026-02-06,오프라인,생활용품,신규,수도권,1,
2026-02-06,오프라인,생활용품,신규,영남,0,
2026-02-06,오프라인,생활용품,신규,호남,0,
2026-02-06,오프라인,생활용품,신규,충청,0,
2026-02-06,오프라인,생활용품,기존,수도권,5,
2026-02-06,오프라인,생활용품,기존,영남,2,
2026-02-06,오프라인,생활용품,기존,호남,1,
2026-02-06,오프라인,생활용품,기존,충청,1,
2026-02-06,오프라인,뷰티,신규,수도권,1,
2026-02-06,오프라인,뷰티,신규,영남,0,
2026-02-06,오프라인,뷰티,신규,호남,0,
2026-02-06,오프라인,뷰티,신규,충청,0,
2026-02-06,오프라인,뷰티,기존,수도권,3,
2026-02-06,오프라인,뷰티,기존,영남,2,
2026-02-06,오프라인,뷰티,기존,호남,1,
2026-02-06,오프라인,뷰티,기존,충청,0,
2026-02-06,오프라인,가전,신규,수도권,1,
2026-02-06,오프라인,가전,신규,영남,0,
2026-02-06,오프라인,가전,신규,호남,0,
2026-02-06,오프라인,가전,신규,충청,0,
2026-02-06,오프라인,가전,기존,수도권,4,
2026-02-06,오프라인,가전,기존,영남,2,
2026-02-06,오프라인,가전,기존,호남,1,
2026-02-06,오프라인,가전,기존,충청,1,
2026-02-06,B2B,식품,신규,,1,
2026-02-06,B2B,식품,기존,,10,
2026-02-06,B2B,생활용품,신규,,1,
2026-02-06,B2B,생활용품,기존,,6,
2026-02-06,B2B,뷰티,신규,,0,
2026-02-06,B2B,뷰티,기존,,2,
2026-02-06,B2B,가전,신규,,2,
2026-02-06,B2B,가전,기존,,14,
2026-02-07,온라인,식품,신규,,4,800
2026-02-07,온라인,식품,기존,,15,3000
2026-02-07,온라인,생활용품,신규,,4,800
2026-02-07,온라인,생활용품,기존,,12,2400
2026-02-07,온라인,뷰티,신규,,3,600
2026-02-07,온라인,뷰티,기존,,9,1800
2026-02-07,온라인,가전,신규,,3,600
2026-02-07,온라인,가전,기존,,11,2200
2026-02-07,오프라인,식품,신규,수도권,2,
2026-02-07,오프라인,식품,신규,영남,1,
2026-02-07,오프라인,식품,신규,호남,0,
2026-02-07,오프라인,식품,신규,충청,0,
2026-02-07,오프라인,식품,기존,수도권,13,
2026-02-07,오프라인,식품,기존,영남,5,
2026-02-07,오프라인,식품,기존,호남,3,
2026-02-07,오프라인,식품,기존,충청,2,
2026-02-07,오프라인,생활용품,신규,수도권,1,
2026-02-07,오프라인,생활용품,신규,영남,1,
2026-02-07,오프라인,생활용품,신규,호남,0,
2026-02-07,오프라인,생활용품,신규,충청,0,
2026-02-07,오프라인,생활용품,기존,수도권,7,
2026-02-07,오프라인,생활용품,기존,영남,3,
2026-02-07,오프라인,생활용품,기존,호남,2,
2026-02-07,오프라인,생활용품,기존,충청,1,
2026-02-07,오프라인,뷰티,신규,수도권,1,
2026-02-07,오프라인,뷰티,신규,영남,0,
2026-02-07,오프라인,뷰티,신규,호남,0,
2026-02-07,오프라인,뷰티,신규,충청,0,
2026-02-07,오프라인,뷰티,기존,수도권,4,
2026-02-07,오프라인,뷰티,기존,영남,2,
2026-02-07,오프라인,뷰티,기존,호남,1,
2026-02-07,오프라인,뷰티,기존,충청,1,
2026-02-07,오프라인,가전,신규,수도권,1,
2026-02-07,오프라인,가전,신규,영남,0,
2026-02-07,오프라인,가전,신규,호남,0,
2026-02-07,오프라인,가전,신규,충청,0,
2026-02-07,오프라인,가전,기존,수도권,4,
2026-02-07,오프라인,가전,기존,영남,2,
2026-02-07,오프라인,가전,기존,호남,1,
2026-02-07,오프라인,가전,기존,충청,1,
2026-02-07,B2B,식품,신규,,0,
2026-02-07,B2B,식품,기존,,0,
2026-02-07,B2B,생활용품,신규,,0,
2026-02-07,B2B,생활용품,기존,,0,
2026-02-07,B2B,뷰티,신규,,0,
2026-02-07,B2B,뷰티,기존,,0,
2026-02-07,B2B,가전,신규,,0,
2026-02-07,B2B,가전,기존,,0,
2026-02-08,온라인,식품,신규,,4,800
2026-02-08,온라인,식품,기존,,12,2400
2026-02-08,온라인,생활용품,신규,,4,800
2026-02-08,온라인,생활용품,기존,,11,2200
2026-02-08,온라인,뷰티,신규,,3,600
2026-02-08,온라인,뷰티,기존,,10,2000
2026-02-08,온라인,가전,신규,,5,1000
2026-02-08,온라인,가전,기존,,13,2600
2026-02-08,오프라인,식품,신규,수도권,2,
2026-02-08,오프라인,식품,신규,영남,1,
2026-02-08,오프라인,식품,신규,호남,0,
2026-02-08,오프라인,식품,신규,충청,0,
2026-02-08,오프라인,식품,기존,수도권,10,
2026-02-08,오프라인,식품,기존,영남,7,
2026-02-08,오프라인,식품,기존,호남,3,
2026-02-08,오프라인,식품,기존,충청,2,
2026-02-08,오프라인,생활용품,신규,수도권,1,
2026-02-08,오프라인,생활용품,신규,영남,1,
2026-02-08,오프라인,생활용품,신규,호남,0,
2026-02-08,오프라인,생활용품,신규,충청,0,
2026-02-08,오프라인,생활용품,기존,수도권,6,
2026-02-08,오프라인,생활용품,기존,영남,4,
2026-02-08,오프라인,생활용품,기존,호남,2,
2026-02-08,오프라인,생활용품,기존,충청,1,
2026-02-08,오프라인,뷰티,신규,수도권,1,
2026-02-08,오프라인,뷰티,신규,영남,0,
2026-02-08,오프라인,뷰티,신규,호남,0,
2026-02-08,오프라인,뷰티,신규,충청,0,
2026-02-08,오프라인,뷰티,기존,수도권,4,
2026-02-08,오프라인,뷰티,기존,영남,3,
2026-02-08,오프라인,뷰티,기존,호남,1,
2026-02-08,오프라인,뷰티,기존,충청,1,
2026-02-08,오프라인,가전,신규,수도권,1,
2026-02-08,오프라인,가전,신규,영남,0,
2026-02-08,오프라인,가전,신규,호남,0,
2026-02-08,오프라인,가전,신규,충청,0,
2026-02-08,오프라인,가전,기존,수도권,5,
2026-02-08,오프라인,가전,기존,영남,2,
2026-02-08,오프라인,가전,기존,호남,1,
2026-02-08,오프라인,가전,기존,충청,1,
2026-02-08,B2B,식품,신규,,0,
2026-02-08,B2B,식품,기존,,0,
2026-02-08,B2B,생활용품,신규,,0,
2026-02-08,B2B,생활용품,기존,,0,
2026-02-08,B2B,뷰티,신규,,0,
2026-02-08,B2B,뷰티,기존,,0,
2026-02-08,B2B,가전,신규,,0,
2026-02-08,B2B,가전,기존,,0,
2026-02-09,온라인,식품,신규,,5,1000
2026-02-09,온라인,식품,기존,,14,2800
2026-02-09,온라인,생활용품,신규,,3,600
2026-02-09,온라인,생활용품,기존,,11,2200
2026-02-09,온라인,뷰티,신규,,3,600
2026-02-09,온라인,뷰티,기존,,9,1800
2026-02-09,온라인,가전,신규,,4,800
2026-02-09,온라인,가전,기존,,11,2200
2026-02-09,오프라인,식품,신규,수도권,2,
2026-02-09,오프라인,식품,신규,영남,1,
2026-02-09,오프라인,식품,신규,호남,0,
2026-02-09,오프라인,식품,신규,충청,0,
2026-02-09,오프라인,식품,기존,수도권,10,
2026-02-09,오프라인,식품,기존,영남,5,
2026-02-09,오프라인,식품,기존,호남,2,
2026-02-09,오프라인,식품,기존,충청,1,
2026-02-09,오프라인,생활용품,신규,수도권,1,
2026-02-09,오프라인,생활용품,신규,영남,0,
2026-02-09,오프라인,생활용품,신규,호남,0,
2026-02-09,오프라인,생활용품,신규,충청,0,
2026-02-09,오프라인,생활용품,기존,수도권,5,
2026-02-09,오프라인,생활용품,기존,영남,3,
2026-02-09,오프라인,생활용품,기존,호남,1,
2026-02-09,오프라인,생활용품,기존,충청,1,
2026-02-09,오프라인,뷰티,신규,수도권,0,
2026-02-09,오프라인,뷰티,신규,영남,0,
2026-02-09,오프라인,뷰티,신규,호남,0,
2026-02-09,오프라인,뷰티,신규,충청,0,
2026-02-09,오프라인,뷰티,기존,수도권,3,
2026-02-09,오프라인,뷰티,기존,영남,2,
2026-02-09,오프라인,뷰티,기존,호남,1,
2026-02-09,오프라인,뷰티,기존,충청,0,
2026-02-09,오프라인,가전,신규,수도권,1,
2026-02-09,오프라인,가전,신규,영남,0,
2026-02-09,오프라인,가전,신규,호남,0,
2026-02-09,오프라인,가전,신규,충청,0,
2026-02-09,오프라인,가전,기존,수도권,4,
2026-02-09,오프라인,가전,기존,영남,2,
2026-02-09,오프라인,가전,기존,호남,1,
2026-02-09,오프라인,가전,기존,충청,1,
2026-02-09,B2B,식품,신규,,1,
2026-02-09,B2B,식품,기존,,12,
2026-02-09,B2B,생활용품,신규,,1,
2026-02-09,B2B,생활용품,기존,,6,
2026-02-09,B2B,뷰티,신규,,0,
2026-02-09,B2B,뷰티,기존,,2,
2026-02-09,B2B,가전,신규,,2,
2026-02-09,B2B,가전,기존,,15,
2026-02-10,온라인,식품,신규,,5,1000
2026-02-10,온라인,식품,기존,,12,2400
2026-02-10,온라인,생활용품,신규,,4,800
2026-02-10,온라인,생활용품,기존,,10,2000
2026-02-10,온라인,뷰티,신규,,3,600
2026-02-10,온라인,뷰티,기존,,8,1600
2026-02-10,온라인,가전,신규,,4,800
2026-02-10,온라인,가전,기존,,9,1800
2026-02-10,오프라인,식품,신규,수도권,2,
2026-02-10,오프라인,식품,신규,영남,1,
2026-02-10,오프라인,식품,신규,호남,0,
2026-02-10,오프라인,식품,신규,충청,0,
2026-02-10,오프라인,식품,기존,수도권,10,
2026-02-10,오프라인,식품,기존,영남,5,
2026-02-10,오프라인,식품,기존,호남,2,
2026-02-10,오프라인,식품,기존,충청,1,
2026-02-10,오프라인,생활용품,신규,수도권,1,
2026-02-10,오프라인,생활용품,신규,영남,0,
2026-02-10,오프라인,생활용품,신규,호남,0,
2026-02-10,오프라인,생활용품,신규,충청,0,
2026-02-10,오프라인,생활용품,기존,수도권,5,
2026-02-10,오프라인,생활용품,기존,영남,2,
2026-02-10,오프라인,생활용품,기존,호남,1,
2026-02-10,오프라인,생활용품,기존,충청,1,
2026-02-10,오프라인,뷰티,신규,수도권,0,
2026-02-10,오프라인,뷰티,신규,영남,0,
2026-02-10,오프라인,뷰티,신규,호남,0,
2026-02-10,오프라인,뷰티,신규,충청,0,
2026-02-10,오프라인,뷰티,기존,수도권,3,
2026-02-10,오프라인,뷰티,기존,영남,1,
2026-02-10,오프라인,뷰티,기존,호남,1,
2026-02-10,오프라인,뷰티,기존,충청,0,
2026-02-10,오프라인,가전,신규,수도권,1,
2026-02-10,오프라인,가전,신규,영남,0,
2026-02-10,오프라인,가전,신규,호남,0,
2026-02-10,오프라인,가전,신규,충청,0,
2026-02-10,오프라인,가전,기존,수도권,3,
2026-02-10,오프라인,가전,기존,영남,2,
2026-02-10,오프라인,가전,기존,호남,1,
2026-02-10,오프라인,가전,기존,충청,0,
2026-02-10,B2B,식품,신규,,1,
2026-02-10,B2B,식품,기존,,10,
2026-02-10,B2B,생활용품,신규,,1,
2026-02-10,B2B,생활용품,기존,,8,
2026-02-10,B2B,뷰티,신규,,0,
2026-02-10,B2B,뷰티,기존,,2,
2026-02-10,B2B,가전,신규,,2,
2026-02-10,B2B,가전,기존,,15,
2026-02-11,온라인,식품,신규,,4,800
2026-02-11,온라인,식품,기존,,11,2200
2026-02-11,온라인,생활용품,신규,,3,600
2026-02-11,온라인,생활용품,기존,,12,2400
2026-02-11,온라인,뷰티,신규,,2,400
2026-02-11,온라인,뷰티,기존,,10,2000
2026-02-11,온라인,가전,신규,,3,600
2026-02-11,온라인,가전,기존,,12,2400
2026-02-11,오프라인,식품,신규,수도권,1,
2026-02-11,오프라인,식품,신규,영남,1,
2026-02-11,오프라인,식품,신규,호남,0,
2026-02-11,오프라인,식품,신규,충청,0,
2026-02-11,오프라인,식품,기존,수도권,10,
2026-02-11,오프라인,식품,기존,영남,5,
2026-02-11,오프라인,식품,기존,호남,2,
2026-02-11,오프라인,식품,기존,충청,1,
2026-02-11,오프라인,생활용품,신규,수도권,1,
2026-02-11,오프라인,생활용품,신규,영남,1,
2026-02-11,오프라인,생활용품,신규,호남,0,
2026-02-11,오프라인,생활용품,신규,충청,0,
2026-02-11,오프라인,생활용품,기존,수도권,5,
2026-02-11,오프라인,생활용품,기존,영남,3,
2026-02-11,오프라인,생활용품,기존,호남,1,
2026-02-11,오프라인,생활용품,기존,충청,1,
2026-02-11,오프라인,뷰티,신규,수도권,0,
2026-02-11,오프라인,뷰티,신규,영남,0,
2026-02-11,오프라인,뷰티,신규,호남,0,
2026-02-11,오프라인,뷰티,신규,충청,0,
2026-02-11,오프라인,뷰티,기존,수도권,3,
2026-02-11,오프라인,뷰티,기존,영남,2,
2026-02-11,오프라인,뷰티,기존,호남,1,
2026-02-11,오프라인,뷰티,기존,충청,0,
2026-02-11,오프라인,가전,신규,수도권,1,
2026-02-11,오프라인,가전,신규,영남,0,
2026-02-11,오프라인,가전,신규,호남,0,
2026-02-11,오프라인,가전,신규,충청,0,
2026-02-11,오프라인,가전,기존,수도권,3,
2026-02-11,오프라인,가전,기존,영남,2,
2026-02-11,오프라인,가전,기존,호남,1,
2026-02-11,오프라인,가전,기존,충청,1,
2026-02-11,B2B,식품,신규,,1,
2026-02-11,B2B,식품,기존,,10,
2026-02-11,B2B,생활용품,신규,,1,
2026-02-11,B2B,생활용품,기존,,6,
2026-02-11,B2B,뷰티,신규,,0,
2026-02-11,B2B,뷰티,기존,,2,
2026-02-11,B2B,가전,신규,,2,
2026-02-11,B2B,가전,기존,,14,
2026-02-12,온라인,식품,신규,,4,800
2026-02-12,온라인,식품,기존,,12,2400
2026-02-12,온라인,생활용품,신규,,4,800
2026-02-12,온라인,생활용품,기존,,12,2400
2026-02-12,온라인,뷰티,신규,,3,600
2026-02-12,온라인,뷰티,기존,,10,2000
2026-02-12,온라인,가전,신규,,4,800
2026-02-12,온라인,가전,기존,,10,2000
2026-02-12,오프라인,식품,신규,수도권,1,
2026-02-12,오프라인,식품,신규,영남,1,
2026-02-12,오프라인,식품,신규,호남,0,
2026-02-12,오프라인,식품,신규,충청,0,
2026-02-12,오프라인,식품,기존,수도권,8,
2026-02-12,오프라인,식품,기존,영남,4,
2026-02-12,오프라인,식품,기존,호남,2,
2026-02-12,오프라인,식품,기존,충청,1,
2026-02-12,오프라인,생활용품,신규,수도권,1,
2026-02-12,오프라인,생활용품,신규,영남,1,
2026-02-12,오프라인,생활용품,신규,호남,0,
2026-02-12,오프라인,생활용품,신규,충청,0,
2026-02-12,오프라인,생활용품,기존,수도권,5,
2026-02-12,오프라인,생활용품,기존,영남,3,
2026-02-12,오프라인,생활용품,기존,호남,1,
2026-02-12,오프라인,생활용품,기존,충청,1,
2026-02-12,오프라인,뷰티,신규,수도권,0,
2026-02-12,오프라인,뷰티,신규,영남,0,
2026-02-12,오프라인,뷰티,신규,호남,0,
2026-02-12,오프라인,뷰티,신규,충청,0,
2026-02-12,오프라인,뷰티,기존,수도권,3,
2026-02-12,오프라인,뷰티,기존,영남,2,
2026-02-12,오프라인,뷰티,기존,호남,1,
2026-02-12,오프라인,뷰티,기존,충청,0,
2026-02-12,오프라인,가전,신규,수도권,1,
2026-02-12,오프라인,가전,신규,영남,0,
2026-02-12,오프라인,가전,신규,호남,0,
2026-02-12,오프라인,가전,신규,충청,0,
2026-02-12,오프라인,가전,기존,수도권,3,
2026-02-12,오프라인,가전,기존,영남,2,
2026-02-12,오프라인,가전,기존,호남,1,
2026-02-12,오프라인,가전,기존,충청,1,
2026-02-12,B2B,식품,신규,,1,
2026-02-12,B2B,식품,기존,,12,
2026-02-12,B2B,생활용품,신규,,1,
2026-02-12,B2B,생활용품,기존,,7,
2026-02-12,B2B,뷰티,신규,,0,
2026-02-12,B2B,뷰티,기존,,2,
2026-02-12,B2B,가전,신규,,2,
2026-02-12,B2B,가전,기존,,15,
2026-02-13,온라인,식품,신규,,5,1000
2026-02-13,온라인,식품,기존,,15,3000
2026-02-13,온라인,생활용품,신규,,4,800
2026-02-13,온라인,생활용품,기존,,11,2200
2026-02-13,온라인,뷰티,신규,,2,400
2026-02-13,온라인,뷰티,기존,,8,1600
2026-02-13,온라인,가전,신규,,4,800
2026-02-13,온라인,가전,기존,,12,2400
2026-02-13,오프라인,식품,신규,수도권,2,
2026-02-13,오프라인,식품,신규,영남,1,
2026-02-13,오프라인,식품,신규,호남,0,
2026-02-13,오프라인,식품,신규,충청,0,
2026-02-13,오프라인,식품,기존,수도권,9,
2026-02-13,오프라인,식품,기존,영남,5,
2026-02-13,오프라인,식품,기존,호남,2,
2026-02-13,오프라인,식품,기존,충청,1,
2026-02-13,오프라인,생활용품,신규,수도권,1,
2026-02-13,오프라인,생활용품,신규,영남,1,
2026-02-13,오프라인,생활용품,신규,호남,0,
2026-02-13,오프라인,생활용품,신규,충청,0,
2026-02-13,오프라인,생활용품,기존,수도권,6,
2026-02-13,오프라인,생활용품,기존,영남,3,
2026-02-13,오프라인,생활용품,기존,호남,1,
2026-02-13,오프라인,생활용품,기존,충청,1,
2026-02-13,오프라인,뷰티,신규,수도권,0,
2026-02-13,오프라인,뷰티,신규,영남,0,
2026-02-13,오프라인,뷰티,신규,호남,0,
2026-02-13,오프라인,뷰티,신규,충청,0,
2026-02-13,오프라인,뷰티,기존,수도권,3,
2026-02-13,오프라인,뷰티,기존,영남,2,
2026-02-13,오프라인,뷰티,기존,호남,1,
2026-02-13,오프라인,뷰티,기존,충청,0,
2026-02-13,오프라인,가전,신규,수도권,1,
2026-02-13,오프라인,가전,신규,영남,0,
2026-02-13,오프라인,가전,신규,호남,0,
2026-02-13,오프라인,가전,신규,충청,0,
2026-02-13,오프라인,가전,기존,수도권,3,
2026-02-13,오프라인,가전,기존,영남,2,
2026-02-13,오프라인,가전,기존,호남,1,
2026-02-13,오프라인,가전,기존,충청,1,
2026-02-13,B2B,식품,신규,,1,
2026-02-13,B2B,식품,기존,,12,
2026-02-13,B2B,생활용품,신규,,1,
2026-02-13,B2B,생활용품,기존,,8,
2026-02-13,B2B,뷰티,신규,,0,
2026-02-13,B2B,뷰티,기존,,3,
2026-02-13,B2B,가전,신규,,2,
2026-02-13,B2B,가전,기존,,17,
2026-02-14,온라인,식품,신규,,5,1000
2026-02-14,온라인,식품,기존,,13,2600
2026-02-14,온라인,생활용품,신규,,4,800
2026-02-14,온라인,생활용품,기존,,12,2400
2026-02-14,온라인,뷰티,신규,,3,600
2026-02-14,온라인,뷰티,기존,,8,1600
2026-02-14,온라인,가전,신규,,3,600
2026-02-14,온라인,가전,기존,,9,1800
2026-02-14,오프라인,식품,신규,수도권,2,
2026-02-14,오프라인,식품,신규,영남,1,
2026-02-14,오프라인,식품,신규,호남,0,
2026-02-14,오프라인,식품,신규,충청,0,
2026-02-14,오프라인,식품,기존,수도권,14,
2026-02-14,오프라인,식품,기존,영남,7,
2026-02-14,오프라인,식품,기존,호남,3,
2026-02-14,오프라인,식품,기존,충청,2,
2026-02-14,오프라인,생활용품,신규,수도권,1,
2026-02-14,오프라인,생활용품,신규,영남,1,
2026-02-14,오프라인,생활용품,신규,호남,0,
2026-02-14,오프라인,생활용품,신규,충청,0,
2026-02-14,오프라인,생활용품,기존,수도권,6,
2026-02-14,오프라인,생활용품,기존,영남,4,
2026-02-14,오프라인,생활용품,기존,호남,1,
2026-02-14,오프라인,생활용품,기존,충청,1,
2026-02-14,오프라인,뷰티,신규,수도권,1,
2026-02-14,오프라인,뷰티,신규,영남,0,
2026-02-14,오프라인,뷰티,신규,호남,0,
2026-02-14,오프라인,뷰티,신규,충청,0,
2026-02-14,오프라인,뷰티,기존,수도권,4,
2026-02-14,오프라인,뷰티,기존,영남,2,
2026-02-14,오프라인,뷰티,기존,호남,1,
2026-02-14,오프라인,뷰티,기존,충청,1,
2026-02-14,오프라인,가전,신규,수도권,1,
2026-02-14,오프라인,가전,신규,영남,1,
2026-02-14,오프라인,가전,신규,호남,0,
2026-02-14,오프라인,가전,신규,충청,0,
2026-02-14,오프라인,가전,기존,수도권,5,
2026-02-14,오프라인,가전,기존,영남,2,
2026-02-14,오프라인,가전,기존,호남,1,
2026-02-14,오프라인,가전,기존,충청,1,
2026-02-14,B2B,식품,신규,,0,
2026-02-14,B2B,식품,기존,,0,
2026-02-14,B2B,생활용품,신규,,0,
2026-02-14,B2B,생활용품,기존,,0,
2026-02-14,B2B,뷰티,신규,,0,
2026-02-14,B2B,뷰티,기존,,0,
2026-02-14,B2B,가전,신규,,0,
2026-02-14,B2B,가전,기존,,1,
2026-02-15,온라인,식품,신규,,5,1000
2026-02-15,온라인,식품,기존,,16,3200
2026-02-15,온라인,생활용품,신규,,4,800
2026-02-15,온라인,생활용품,기존,,12,2400
2026-02-15,온라인,뷰티,신규,,3,600
2026-02-15,온라인,뷰티,기존,,10,2000
2026-02-15,온라인,가전,신규,,4,800
2026-02-15,온라인,가전,기존,,12,2400
2026-02-15,오프라인,식품,신규,수도권,2,
2026-02-15,오프라인,식품,신규,영남,1,
2026-02-15,오프라인,식품,신규,호남,0,
2026-02-15,오프라인,식품,신규,충청,0,
2026-02-15,오프라인,식품,기존,수도권,10,
2026-02-15,오프라인,식품,기존,영남,6,
2026-02-15,오프라인,식품,기존,호남,3,
2026-02-15,오프라인,식품,기존,충청,2,
2026-02-15,오프라인,생활용품,신규,수도권,1,
2026-02-15,오프라인,생활용품,신규,영남,1,
2026-02-15,오프라인,생활용품,신규,호남,0,
2026-02-15,오프라인,생활용품,신규,충청,0,
2026-02-15,오프라인,생활용품,기존,수도권,7,
2026-02-15,오프라인,생활용품,기존,영남,4,
2026-02-15,오프라인,생활용품,기존,호남,2,
2026-02-15,오프라인,생활용품,기존,충청,1,
2026-02-15,오프라인,뷰티,신규,수도권,1,
2026-02-15,오프라인,뷰티,신규,영남,0,
2026-02-15,오프라인,뷰티,신규,호남,0,
2026-02-15,오프라인,뷰티,신규,충청,0,
2026-02-15,오프라인,뷰티,기존,수도권,3,
2026-02-15,오프라인,뷰티,기존,영남,2,
2026-02-15,오프라인,뷰티,기존,호남,1,
2026-02-15,오프라인,뷰티,기존,충청,1,
2026-02-15,오프라인,가전,신규,수도권,1,
2026-02-15,오프라인,가전,신규,영남,0,
2026-02-15,오프라인,가전,신규,호남,0,
2026-02-15,오프라인,가전,신규,충청,0,
2026-02-15,오프라인,가전,기존,수도권,3,
2026-02-15,오프라인,가전,기존,영남,2,
2026-02-15,오프라인,가전,기존,호남,1,
2026-02-15,오프라인,가전,기존,충청,1,
2026-02-15,B2B,식품,신규,,0,
2026-02-15,B2B,식품,기존,,0,
2026-02-15,B2B,생활용품,신규,,0,
2026-02-15,B2B,생활용품,기존,,0,
2026-02-15,B2B,뷰티,신규,,0,
2026-02-15,B2B,뷰티,기존,,0,
2026-02-15,B2B,가전,신규,,0,
2026-02-15,B2B,가전,기존,,0,
2026-02-16,온라인,식품,신규,,5,1000
2026-02-16,온라인,식품,기존,,10,2000
2026-02-16,온라인,생활용품,신규,,3,600
2026-02-16,온라인,생활용품,기존,,10,2000
2026-02-16,온라인,뷰티,신규,,3,600
2026-02-16,온라인,뷰티,기존,,8,1600
2026-02-16,온라인,가전,신규,,4,800
2026-02-16,온라인,가전,기존,,9,1800
2026-02-16,오프라인,식품,신규,수도권,1,
2026-02-16,오프라인,식품,신규,영남,1,
2026-02-16,오프라인,식품,신규,호남,0,
2026-02-16,오프라인,식품,신규,충청,0,
2026-02-16,오프라인,식품,기존,수도권,10,
2026-02-16,오프라인,식품,기존,영남,5,
2026-02-16,오프라인,식품,기존,호남,2,
2026-02-16,오프라인,식품,기존,충청,1,
2026-02-16,오프라인,생활용품,신규,수도권,1,
2026-02-16,오프라인,생활용품,신규,영남,1,
2026-02-16,오프라인,생활용품,신규,호남,0,
2026-02-16,오프라인,생활용품,신규,충청,0,
2026-02-16,오프라인,생활용품,기존,수도권,6,
2026-02-16,오프라인,생활용품,기존,영남,3,
2026-02-16,오프라인,생활용품,기존,호남,1,
2026-02-16,오프라인,생활용품,기존,충청,1,
2026-02-16,오프라인,뷰티,신규,수도권,1,
2026-02-16,오프라인,뷰티,신규,영남,0,
2026-02-16,오프라인,뷰티,신규,호남,0,
2026-02-16,오프라인,뷰티,신규,충청,0,
2026-02-16,오프라인,뷰티,기존,수도권,4,
2026-02-16,오프라인,뷰티,기존,영남,1,
2026-02-16,오프라인,뷰티,기존,호남,1,
2026-02-16,오프라인,뷰티,기존,충청,0,
2026-02-16,오프라인,가전,신규,수도권,1,
2026-02-16,오프라인,가전,신규,영남,0,
2026-02-16,오프라인,가전,신규,호남,0,
2026-02-16,오프라인,가전,신규,충청,0,
2026-02-16,오프라인,가전,기존,수도권,4,
2026-02-16,오프라인,가전,기존,영남,1,
2026-02-16,오프라인,가전,기존,호남,1,
2026-02-16,오프라인,가전,기존,충청,1,
2026-02-16,B2B,식품,신규,,1,
2026-02-16,B2B,식품,기존,,10,
2026-02-16,B2B,생활용품,신규,,1,
2026-02-16,B2B,생활용품,기존,,7,
2026-02-16,B2B,뷰티,신규,,0,
2026-02-16,B2B,뷰티,기존,,3,
2026-02-16,B2B,가전,신규,,2,
2026-02-16,B2B,가전,기존,,15,
2026-02-17,온라인,식품,신규,,4,800
2026-02-17,온라인,식품,기존,,13,2600
2026-02-17,온라인,생활용품,신규,,3,600
2026-02-17,온라인,생활용품,기존,,11,2200
2026-02-17,온라인,뷰티,신규,,3,600
2026-02-17,온라인,뷰티,기존,,8,1600
2026-02-17,온라인,가전,신규,,3,600
2026-02-17,온라인,가전,기존,,12,2400
2026-02-17,오프라인,식품,신규,수도권,1,
2026-02-17,오프라인,식품,신규,영남,1,
2026-02-17,오프라인,식품,신규,호남,0,
2026-02-17,오프라인,식품,신규,충청,0,
2026-02-17,오프라인,식품,기존,수도권,8,
2026-02-17,오프라인,식품,기존,영남,4,
2026-02-17,오프라인,식품,기존,호남,3,
2026-02-17,오프라인,식품,기존,충청,1,
2026-02-17,오프라인,생활용품,신규,수도권,1,
2026-02-17,오프라인,생활용품,신규,영남,1,
2026-02-17,오프라인,생활용품,신규,호남,0,
2026-02-17,오프라인,생활용품,신규,충청,0,
2026-02-17,오프라인,생활용품,기존,수도권,5,
2026-02-17,오프라인,생활용품,기존,영남,3,
2026-02-17,오프라인,생활용품,기존,호남,1,
2026-02-17,오프라인,생활용품,기존,충청,1,
2026-02-17,오프라인,뷰티,신규,수도권,1,
2026-02-17,오프라인,뷰티,신규,영남,0,
2026-02-17,오프라인,뷰티,신규,호남,0,
2026-02-17,오프라인,뷰티,신규,충청,0,
2026-02-17,오프라인,뷰티,기존,수도권,2,
2026-02-17,오프라인,뷰티,기존,영남,2,
2026-02-17,오프라인,뷰티,기존,호남,1,
2026-02-17,오프라인,뷰티,기존,충청,0,
2026-02-17,오프라인,가전,신규,수도권,1,
2026-02-17,오프라인,가전,신규,영남,0,
2026-02-17,오프라인,가전,신규,호남,0,
2026-02-17,오프라인,가전,신규,충청,0,
2026-02-17,오프라인,가전,기존,수도권,3,
2026-02-17,오프라인,가전,기존,영남,2,
2026-02-17,오프라인,가전,기존,호남,1,
2026-02-17,오프라인,가전,기존,충청,0,
2026-02-17,B2B,식품,신규,,1,
2026-02-17,B2B,식품,기존,,10,
2026-02-17,B2B,생활용품,신규,,1,
2026-02-17,B2B,생활용품,기존,,7,
2026-02-17,B2B,뷰티,신규,,0,
2026-02-17,B2B,뷰티,기존,,3,
2026-02-17,B2B,가전,신규,,2,
2026-02-17,B2B,가전,기존,,15,
2026-02-18,온라인,식품,신규,,4,800
2026-02-18,온라인,식품,기존,,15,3000
2026-02-18,온라인,생활용품,신규,,4,800
2026-02-18,온라인,생활용품,기존,,10,2000
2026-02-18,온라인,뷰티,신규,,2,400
2026-02-18,온라인,뷰티,기존,,7,1400
2026-02-18,온라인,가전,신규,,4,800
2026-02-18,온라인,가전,기존,,11,2200
2026-02-18,오프라인,식품,신규,수도권,2,
2026-02-18,오프라인,식품,신규,영남,1,
2026-02-18,오프라인,식품,신규,호남,0,
2026-02-18,오프라인,식품,신규,충청,0,
2026-02-18,오프라인,식품,기존,수도권,8,
2026-02-18,오프라인,식품,기존,영남,5,
2026-02-18,오프라인,식품,기존,호남,2,
2026-02-18,오프라인,식품,기존,충청,1,
2026-02-18,오프라인,생활용품,신규,수도권,1,
2026-02-18,오프라인,생활용품,신규,영남,0,
2026-02-18,오프라인,생활용품,신규,호남,0,
2026-02-18,오프라인,생활용품,신규,충청,0,
2026-02-18,오프라인,생활용품,기존,수도권,5,
2026-02-18,오프라인,생활용품,기존,영남,3,
2026-02-18,오프라인,생활용품,기존,호남,1,
2026-02-18,오프라인,생활용품,기존,충청,1,
2026-02-18,오프라인,뷰티,신규,수도권,1,
2026-02-18,오프라인,뷰티,신규,영남,0,
2026-02-18,오프라인,뷰티,신규,호남,0,
2026-02-18,오프라인,뷰티,신규,충청,0,
2026-02-18,오프라인,뷰티,기존,수도권,3,
2026-02-18,오프라인,뷰티,기존,영남,2,
2026-02-18,오프라인,뷰티,기존,호남,1,
2026-02-18,오프라인,뷰티,기존,충청,0,
2026-02-18,오프라인,가전,신규,수도권,1,
2026-02-18,오프라인,가전,신규,영남,0,
2026-02-18,오프라인,가전,신규,호남,0,
2026-02-18,오프라인,가전,신규,충청,0,
2026-02-18,오프라인,가전,기존,수도권,3,
2026-02-18,오프라인,가전,기존,영남,2,
2026-02-18,오프라인,가전,기존,호남,1,
2026-02-18,오프라인,가전,기존,충청,1,
2026-02-18,B2B,식품,신규,,1,
2026-02-18,B2B,식품,기존,,10,
2026-02-18,B2B,생활용품,신규,,1,
2026-02-18,B2B,생활용품,기존,,10,
2026-02-18,B2B,뷰티,신규,,0,
2026-02-18,B2B,뷰티,기존,,3,
2026-02-18,B2B,가전,신규,,2,
2026-02-18,B2B,가전,기존,,17,
2026-02-19,온라인,식품,신규,,4,800
2026-02-19,온라인,식품,기존,,12,2400
2026-02-19,온라인,생활용품,신규,,3,600
2026-02-19,온라인,생활용품,기존,,11,2200
2026-02-19,온라인,뷰티,신규,,3,600
2026-02-19,온라인,뷰티,기존,,8,1600
2026-02-19,온라인,가전,신규,,4,800
2026-02-19,온라인,가전,기존,,12,2400
2026-02-19,오프라인,식품,신규,수도권,2,
2026-02-19,오프라인,식품,신규,영남,1,
2026-02-19,오프라인,식품,신규,호남,0,
2026-02-19,오프라인,식품,신규,충청,0,
2026-02-19,오프라인,식품,기존,수도권,8,
2026-02-19,오프라인,식품,기존,영남,5,
2026-02-19,오프라인,식품,기존,호남,2,
2026-02-19,오프라인,식품,기존,충청,1,
2026-02-19,오프라인,생활용품,신규,수도권,1,
2026-02-19,오프라인,생활용품,신규,영남,1,
2026-02-19,오프라인,생활용품,신규,호남,0,
2026-02-19,오프라인,생활용품,신규,충청,0,
2026-02-19,오프라인,생활용품,기존,수도권,5,
2026-02-19,오프라인,생활용품,기존,영남,3,
2026-02-19,오프라인,생활용품,기존,호남,1,
2026-02-19,오프라인,생활용품,기존,충청,1,
2026-02-19,오프라인,뷰티,신규,수도권,1,
2026-02-19,오프라인,뷰티,신규,영남,0,
2026-02-19,오프라인,뷰티,신규,호남,0,
2026-02-19,오프라인,뷰티,신규,충청,0,
2026-02-19,오프라인,뷰티,기존,수도권,3,
2026-02-19,오프라인,뷰티,기존,영남,1,
2026-02-19,오프라인,뷰티,기존,호남,1,
2026-02-19,오프라인,뷰티,기존,충청,0,
2026-02-19,오프라인,가전,신규,수도권,1,
2026-02-19,오프라인,가전,신규,영남,0,
2026-02-19,오프라인,가전,신규,호남,0,
2026-02-19,오프라인,가전,신규,충청,0,
2026-02-19,오프라인,가전,기존,수도권,4,
2026-02-19,오프라인,가전,기존,영남,2,
2026-02-19,오프라인,가전,기존,호남,1,
2026-02-19,오프라인,가전,기존,충청,1,
2026-02-19,B2B,식품,신규,,1,
2026-02-19,B2B,식품,기존,,9,
2026-02-19,B2B,생활용품,신규,,1,
2026-02-19,B2B,생활용품,기존,,8,
2026-02-19,B2B,뷰티,신규,,0,
2026-02-19,B2B,뷰티,기존,,3,
2026-02-19,B2B,가전,신규,,2,
2026-02-19,B2B,가전,기존,,18,
2026-02-20,온라인,식품,신규,,4,800
2026-02-20,온라인,식품,기존,,12,2400
2026-02-20,온라인,생활용품,신규,,4,800
2026-02-20,온라인,생활용품,기존,,12,2400
2026-02-20,온라인,뷰티,신규,,3,600
2026-02-20,온라인,뷰티,기존,,9,1800
2026-02-20,온라인,가전,신규,,3,600
2026-02-20,온라인,가전,기존,,14,2800
2026-02-20,오프라인,식품,신규,수도권,2,
2026-02-20,오프라인,식품,신규,영남,1,
2026-02-20,오프라인,식품,신규,호남,0,
2026-02-20,오프라인,식품,신규,충청,0,
2026-02-20,오프라인,식품,기존,수도권,9,
2026-02-20,오프라인,식품,기존,영남,4,
2026-02-20,오프라인,식품,기존,호남,2,
2026-02-20,오프라인,식품,기존,충청,1,
2026-02-20,오프라인,생활용품,신규,수도권,1,
2026-02-20,오프라인,생활용품,신규,영남,1,
2026-02-20,오프라인,생활용품,신규,호남,0,
2026-02-20,오프라인,생활용품,신규,충청,0,
2026-02-20,오프라인,생활용품,기존,수도권,5,
2026-02-20,오프라인,생활용품,기존,영남,3,
2026-02-20,오프라인,생활용품,기존,호남,1,
2026-02-20,오프라인,생활용품,기존,충청,1,
2026-02-20,오프라인,뷰티,신규,수도권,1,
2026-02-20,오프라인,뷰티,신규,영남,0,
2026-02-20,오프라인,뷰티,신규,호남,0,
2026-02-20,오프라인,뷰티,신규,충청,0,
2026-02-20,오프라인,뷰티,기존,수도권,3,
2026-02-20,오프라인,뷰티,기존,영남,2,
2026-02-20,오프라인,뷰티,기존,호남,1,
2026-02-20,오프라인,뷰티,기존,충청,1,
2026-02-20,오프라인,가전,신규,수도권,1,
2026-02-20,오프라인,가전,신규,영남,0,
2026-02-20,오프라인,가전,신규,호남,0,
2026-02-20,오프라인,가전,신규,충청,0,
2026-02-20,오프라인,가전,기존,수도권,4,
2026-02-20,오프라인,가전,기존,영남,2,
2026-02-20,오프라인,가전,기존,호남,1,
2026-02-20,오프라인,가전,기존,충청,1,
2026-02-20,B2B,식품,신규,,1,
2026-02-20,B2B,식품,기존,,9,
2026-02-20,B2B,생활용품,신규,,1,
2026-02-20,B2B,생활용품,기존,,7,
2026-02-20,B2B,뷰티,신규,,0,
2026-02-20,B2B,뷰티,기존,,2,
2026-02-20,B2B,가전,신규,,2,
2026-02-20,B2B,가전,기존,,16,
2026-02-21,온라인,식품,신규,,4,800
2026-02-21,온라인,식품,기존,,13,2600
2026-02-21,온라인,생활용품,신규,,4,800
2026-02-21,온라인,생활용품,기존,,11,2200
2026-02-21,온라인,뷰티,신규,,3,600
2026-02-21,온라인,뷰티,기존,,9,1800
2026-02-21,온라인,가전,신규,,4,800
2026-02-21,온라인,가전,기존,,12,2400
2026-02-21,오프라인,식품,신규,수도권,2,
2026-02-21,오프라인,식품,신규,영남,1,
2026-02-21,오프라인,식품,신규,호남,0,
2026-02-21,오프라인,식품,신규,충청,0,
2026-02-21,오프라인,식품,기존,수도권,12,
2026-02-21,오프라인,식품,기존,영남,6,
2026-02-21,오프라인,식품,기존,호남,3,
2026-02-21,오프라인,식품,기존,충청,2,
2026-02-21,오프라인,생활용품,신규,수도권,1,
2026-02-21,오프라인,생활용품,신규,영남,1,
2026-02-21,오프라인,생활용품,신규,호남,0,
2026-02-21,오프라인,생활용품,신규,충청,0,
2026-02-21,오프라인,생활용품,기존,수도권,6,
2026-02-21,오프라인,생활용품,기존,영남,3,
2026-02-21,오프라인,생활용품,기존,호남,2,
2026-02-21,오프라인,생활용품,기존,충청,1,
2026-02-21,오프라인,뷰티,신규,수도권,1,
2026-02-21,오프라인,뷰티,신규,영남,0,
2026-02-21,오프라인,뷰티,신규,호남,0,
2026-02-21,오프라인,뷰티,신규,충청,0,
2026-02-21,오프라인,뷰티,기존,수도권,4,
2026-02-21,오프라인,뷰티,기존,영남,2,
2026-02-21,오프라인,뷰티,기존,호남,1,
2026-02-21,오프라인,뷰티,기존,충청,1,
2026-02-21,오프라인,가전,신규,수도권,1,
2026-02-21,오프라인,가전,신규,영남,0,
2026-02-21,오프라인,가전,신규,호남,0,
2026-02-21,오프라인,가전,신규,충청,0,
2026-02-21,오프라인,가전,기존,수도권,4,
2026-02-21,오프라인,가전,기존,영남,2,
2026-02-21,오프라인,가전,기존,호남,1,
2026-02-21,오프라인,가전,기존,충청,1,
2026-02-21,B2B,식품,신규,,0,
2026-02-21,B2B,식품,기존,,0,
2026-02-21,B2B,생활용품,신규,,0,
2026-02-21,B2B,생활용품,기존,,0,
2026-02-21,B2B,뷰티,신규,,0,
2026-02-21,B2B,뷰티,기존,,0,
2026-02-21,B2B,가전,신규,,0,
2026-02-21,B2B,가전,기존,,1,
2026-02-22,온라인,식품,신규,,5,1000
2026-02-22,온라인,식품,기존,,16,3200
2026-02-22,온라인,생활용품,신규,,4,800
2026-02-22,온라인,생활용품,기존,,12,2400
2026-02-22,온라인,뷰티,신규,,4,800
2026-02-22,온라인,뷰티,기존,,9,1800
2026-02-22,온라인,가전,신규,,4,800
2026-02-22,온라인,가전,기존,,12,2400
2026-02-22,오프라인,식품,신규,수도권,2,
2026-02-22,오프라인,식품,신규,영남,1,
2026-02-22,오프라인,식품,신규,호남,0,
2026-02-22,오프라인,식품,신규,충청,0,
2026-02-22,오프라인,식품,기존,수도권,12,
2026-02-22,오프라인,식품,기존,영남,7,
2026-02-22,오프라인,식품,기존,호남,3,
2026-02-22,오프라인,식품,기존,충청,2,
2026-02-22,오프라인,생활용품,신규,수도권,1,
2026-02-22,오프라인,생활용품,신규,영남,1,
2026-02-22,오프라인,생활용품,신규,호남,0,
2026-02-22,오프라인,생활용품,신규,충청,0,
2026-02-22,오프라인,생활용품,기존,수도권,7,
2026-02-22,오프라인,생활용품,기존,영남,4,
2026-02-22,오프라인,생활용품,기존,호남,2,
2026-02-22,오프라인,생활용품,기존,충청,1,
2026-02-22,오프라인,뷰티,신규,수도권,1,
2026-02-22,오프라인,뷰티,신규,영남,0,
2026-02-22,오프라인,뷰티,신규,호남,0,
2026-02-22,오프라인,뷰티,신규,충청,0,
2026-02-22,오프라인,뷰티,기존,수도권,4,
2026-02-22,오프라인,뷰티,기존,영남,2,
2026-02-22,오프라인,뷰티,기존,호남,1,
2026-02-22,오프라인,뷰티,기존,충청,1,
2026-02-22,오프라인,가전,신규,수도권,1,
2026-02-22,오프라인,가전,신규,영남,0,
2026-02-22,오프라인,가전,신규,호남,0,
2026-02-22,오프라인,가전,신규,충청,0,
2026-02-22,오프라인,가전,기존,수도권,4,
2026-02-22,오프라인,가전,기존,영남,3,
2026-02-22,오프라인,가전,기존,호남,1,
2026-02-22,오프라인,가전,기존,충청,1,
2026-02-22,B2B,식품,신규,,0,
2026-02-22,B2B,식품,기존,,0,
2026-02-22,B2B,생활용품,신규,,0,
2026-02-22,B2B,생활용품,기존,,0,
2026-02-22,B2B,뷰티,신규,,0,
2026-02-22,B2B,뷰티,기존,,0,
2026-02-22,B2B,가전,신규,,0,
2026-02-22,B2B,가전,기존,,0,
2026-02-23,온라인,식품,신규,,5,1000
2026-02-23,온라인,식품,기존,,12,2400
2026-02-23,온라인,생활용품,신규,,3,600
2026-02-23,온라인,생활용품,기존,,9,1800
2026-02-23,온라인,뷰티,신규,,3,600
2026-02-23,온라인,뷰티,기존,,8,1600
2026-02-23,온라인,가전,신규,,5,1000
2026-02-23,온라인,가전,기존,,10,2000
2026-02-23,오프라인,식품,신규,수도권,2,
2026-02-23,오프라인,식품,신규,영남,1,
2026-02-23,오프라인,식품,신규,호남,0,
2026-02-23,오프라인,식품,신규,충청,0,
2026-02-23,오프라인,식품,기존,수도권,8,
2026-02-23,오프라인,식품,기존,영남,5,
2026-02-23,오프라인,식품,기존,호남,2,
2026-02-23,오프라인,식품,기존,충청,1,
2026-02-23,오프라인,생활용품,신규,수도권,1,
2026-02-23,오프라인,생활용품,신규,영남,1,
2026-02-23,오프라인,생활용품,신규,호남,0,
2026-02-23,오프라인,생활용품,신규,충청,0,
2026-02-23,오프라인,생활용품,기존,수도권,5,
2026-02-23,오프라인,생활용품,기존,영남,3,
2026-02-23,오프라인,생활용품,기존,호남,1,
2026-02-23,오프라인,생활용품,기존,충청,1,
2026-02-23,오프라인,뷰티,신규,수도권,0,
2026-02-23,오프라인,뷰티,신규,영남,0,
2026-02-23,오프라인,뷰티,신규,호남,0,
2026-02-23,오프라인,뷰티,신규,충청,0,
2026-02-23,오프라인,뷰티,기존,수도권,3,
2026-02-23,오프라인,뷰티,기존,영남,2,
2026-02-23,오프라인,뷰티,기존,호남,1,
2026-02-23,오프라인,뷰티,기존,충청,0,
2026-02-23,오프라인,가전,신규,수도권,1,
2026-02-23,오프라인,가전,신규,영남,0,
2026-02-23,오프라인,가전,신규,호남,0,
2026-02-23,오프라인,가전,신규,충청,0,
2026-02-23,오프라인,가전,기존,수도권,4,
2026-02-23,오프라인,가전,기존,영남,2,
2026-02-23,오프라인,가전,기존,호남,1,
2026-02-23,오프라인,가전,기존,충청,0,
2026-02-23,B2B,식품,신규,,1,
2026-02-23,B2B,식품,기존,,10,
2026-02-23,B2B,생활용품,신규,,1,
2026-02-23,B2B,생활용품,기존,,7,
2026-02-23,B2B,뷰티,신규,,0,
2026-02-23,B2B,뷰티,기존,,2,
2026-02-23,B2B,가전,신규,,2,
2026-02-23,B2B,가전,기존,,17,
2026-02-24,온라인,식품,신규,,4,800
2026-02-24,온라인,식품,기존,,13,2600
2026-02-24,온라인,생활용품,신규,,4,800
2026-02-24,온라인,생활용품,기존,,11,2200
2026-02-24,온라인,뷰티,신규,,3,600
2026-02-24,온라인,뷰티,기존,,8,1600
2026-02-24,온라인,가전,신규,,4,800
2026-02-24,온라인,가전,기존,,10,2000
2026-02-24,오프라인,식품,신규,수도권,1,
2026-02-24,오프라인,식품,신규,영남,1,
2026-02-24,오프라인,식품,신규,호남,0,
2026-02-24,오프라인,식품,신규,충청,0,
2026-02-24,오프라인,식품,기존,수도권,9,
2026-02-24,오프라인,식품,기존,영남,4,
2026-02-24,오프라인,식품,기존,호남,2,
2026-02-24,오프라인,식품,기존,충청,2,
2026-02-24,오프라인,생활용품,신규,수도권,1,
2026-02-24,오프라인,생활용품,신규,영남,0,
2026-02-24,오프라인,생활용품,신규,호남,0,
2026-02-24,오프라인,생활용품,신규,충청,0,
2026-02-24,오프라인,생활용품,기존,수도권,5,
2026-02-24,오프라인,생활용품,기존,영남,3,
2026-02-24,오프라인,생활용품,기존,호남,1,
2026-02-24,오프라인,생활용품,기존,충청,1,
2026-02-24,오프라인,뷰티,신규,수도권,0,
2026-02-24,오프라인,뷰티,신규,영남,0,
2026-02-24,오프라인,뷰티,신규,호남,0,
2026-02-24,오프라인,뷰티,신규,충청,0,
2026-02-24,오프라인,뷰티,기존,수도권,3,
2026-02-24,오프라인,뷰티,기존,영남,2,
2026-02-24,오프라인,뷰티,기존,호남,1,
2026-02-24,오프라인,뷰티,기존,충청,1,
2026-02-24,오프라인,가전,신규,수도권,1,
2026-02-24,오프라인,가전,신규,영남,0,
2026-02-24,오프라인,가전,신규,호남,0,
2026-02-24,오프라인,가전,신규,충청,0,
2026-02-24,오프라인,가전,기존,수도권,3,
2026-02-24,오프라인,가전,기존,영남,2,
2026-02-24,오프라인,가전,기존,호남,1,
2026-02-24,오프라인,가전,기존,충청,1,
2026-02-24,B2B,식품,신규,,1,
2026-02-24,B2B,식품,기존,,11,
2026-02-24,B2B,생활용품,신규,,1,
2026-02-24,B2B,생활용품,기존,,7,
2026-02-24,B2B,뷰티,신규,,0,
2026-02-24,B2B,뷰티,기존,,2,
2026-02-24,B2B,가전,신규,,2,
2026-02-24,B2B,가전,기존,,17,
2026-02-25,온라인,식품,신규,,4,800
2026-02-25,온라인,식품,기존,,12,2400
2026-02-25,온라인,생활용품,신규,,3,600
2026-02-25,온라인,생활용품,기존,,11,2200
2026-02-25,온라인,뷰티,신규,,3,600
2026-02-25,온라인,뷰티,기존,,10,2000
2026-02-25,온라인,가전,신규,,4,800
2026-02-25,온라인,가전,기존,,11,2200
2026-02-25,오프라인,식품,신규,수도권,2,
2026-02-25,오프라인,식품,신규,영남,1,
2026-02-25,오프라인,식품,신규,호남,0,
2026-02-25,오프라인,식품,신규,충청,0,
2026-02-25,오프라인,식품,기존,수도권,8,
2026-02-25,오프라인,식품,기존,영남,5,
2026-02-25,오프라인,식품,기존,호남,2,
2026-02-25,오프라인,식품,기존,충청,1,
2026-02-25,오프라인,생활용품,신규,수도권,1,
2026-02-25,오프라인,생활용품,신규,영남,1,
2026-02-25,오프라인,생활용품,신규,호남,0,
2026-02-25,오프라인,생활용품,신규,충청,0,
2026-02-25,오프라인,생활용품,기존,수도권,5,
2026-02-25,오프라인,생활용품,기존,영남,3,
2026-02-25,오프라인,생활용품,기존,호남,1,
2026-02-25,오프라인,생활용품,기존,충청,1,
2026-02-25,오프라인,뷰티,신규,수도권,0,
2026-02-25,오프라인,뷰티,신규,영남,0,
2026-02-25,오프라인,뷰티,신규,호남,0,
2026-02-25,오프라인,뷰티,신규,충청,0,
2026-02-25,오프라인,뷰티,기존,수도권,4,
2026-02-25,오프라인,뷰티,기존,영남,2,
2026-02-25,오프라인,뷰티,기존,호남,1,
2026-02-25,오프라인,뷰티,기존,충청,0,
2026-02-25,오프라인,가전,신규,수도권,1,
2026-02-25,오프라인,가전,신규,영남,0,
2026-02-25,오프라인,가전,신규,호남,0,
2026-02-25,오프라인,가전,신규,충청,0,
2026-02-25,오프라인,가전,기존,수도권,3,
2026-02-25,오프라인,가전,기존,영남,2,
2026-02-25,오프라인,가전,기존,호남,1,
2026-02-25,오프라인,가전,기존,충청,1,
2026-02-25,B2B,식품,신규,,1,
2026-02-25,B2B,식품,기존,,11,
2026-02-25,B2B,생활용품,신규,,1,
2026-02-25,B2B,생활용품,기존,,7,
2026-02-25,B2B,뷰티,신규,,0,
2026-02-25,B2B,뷰티,기존,,2,
2026-02-25,B2B,가전,신규,,2,
2026-02-25,B2B,가전,기존,,19,
2026-02-26,온라인,식품,신규,,4,800
2026-02-26,온라인,식품,기존,,12,2400
2026-02-26,온라인,생활용품,신규,,4,800
2026-02-26,온라인,생활용품,기존,,11,2200
2026-02-26,온라인,뷰티,신규,,3,600
2026-02-26,온라인,뷰티,기존,,8,1600
2026-02-26,온라인,가전,신규,,3,600
2026-02-26,온라인,가전,기존,,12,2400
2026-02-26,오프라인,식품,신규,수도권,1,
2026-02-26,오프라인,식품,신규,영남,1,
2026-02-26,오프라인,식품,신규,호남,0,
2026-02-26,오프라인,식품,신규,충청,0,
2026-02-26,오프라인,식품,기존,수도권,10,
2026-02-26,오프라인,식품,기존,영남,5,
2026-02-26,오프라인,식품,기존,호남,2,
2026-02-26,오프라인,식품,기존,충청,1,
2026-02-26,오프라인,생활용품,신규,수도권,1,
2026-02-26,오프라인,생활용품,신규,영남,0,
2026-02-26,오프라인,생활용품,신규,호남,0,
2026-02-26,오프라인,생활용품,신규,충청,0,
2026-02-26,오프라인,생활용품,기존,수도권,6,
2026-02-26,오프라인,생활용품,기존,영남,3,
2026-02-26,오프라인,생활용품,기존,호남,1,
2026-02-26,오프라인,생활용품,기존,충청,1,
2026-02-26,오프라인,뷰티,신규,수도권,1,
2026-02-26,오프라인,뷰티,신규,영남,0,
2026-02-26,오프라인,뷰티,신규,호남,0,
2026-02-26,오프라인,뷰티,신규,충청,0,
2026-02-26,오프라인,뷰티,기존,수도권,3,
2026-02-26,오프라인,뷰티,기존,영남,2,
2026-02-26,오프라인,뷰티,기존,호남,1,
2026-02-26,오프라인,뷰티,기존,충청,1,
2026-02-26,오프라인,가전,신규,수도권,1,
2026-02-26,오프라인,가전,신규,영남,0,
2026-02-26,오프라인,가전,신규,호남,0,
2026-02-26,오프라인,가전,신규,충청,0,
2026-02-26,오프라인,가전,기존,수도권,4,
2026-02-26,오프라인,가전,기존,영남,2,
2026-02-26,오프라인,가전,기존,호남,1,
2026-02-26,오프라인,가전,기존,충청,1,
2026-02-26,B2B,식품,신규,,1,
2026-02-26,B2B,식품,기존,,13,
2026-02-26,B2B,생활용품,신규,,1,
2026-02-26,B2B,생활용품,기존,,7,
2026-02-26,B2B,뷰티,신규,,0,
2026-02-26,B2B,뷰티,기존,,2,
2026-02-26,B2B,가전,신규,,2,
2026-02-26,B2B,가전,기존,,12,
2026-02-27,온라인,식품,신규,,4,800
2026-02-27,온라인,식품,기존,,13,2600
2026-02-27,온라인,생활용품,신규,,3,600
2026-02-27,온라인,생활용품,기존,,12,2400
2026-02-27,온라인,뷰티,신규,,3,600
2026-02-27,온라인,뷰티,기존,,9,1800
2026-02-27,온라인,가전,신규,,3,600
2026-02-27,온라인,가전,기존,,11,2200
2026-02-27,오프라인,식품,신규,수도권,2,
2026-02-27,오프라인,식품,신규,영남,1,
2026-02-27,오프라인,식품,신규,호남,0,
2026-02-27,오프라인,식품,신규,충청,0,
2026-02-27,오프라인,식품,기존,수도권,8,
2026-02-27,오프라인,식품,기존,영남,4,
2026-02-27,오프라인,식품,기존,호남,2,
2026-02-27,오프라인,식품,기존,충청,1,
2026-02-27,오프라인,생활용품,신규,수도권,1,
2026-02-27,오프라인,생활용품,신규,영남,1,
2026-02-27,오프라인,생활용품,신규,호남,0,
2026-02-27,오프라인,생활용품,신규,충청,0,
2026-02-27,오프라인,생활용품,기존,수도권,6,
2026-02-27,오프라인,생활용품,기존,영남,3,
2026-02-27,오프라인,생활용품,기존,호남,1,
2026-02-27,오프라인,생활용품,기존,충청,1,
2026-02-27,오프라인,뷰티,신규,수도권,1,
2026-02-27,오프라인,뷰티,신규,영남,0,
2026-02-27,오프라인,뷰티,신규,호남,0,
2026-02-27,오프라인,뷰티,신규,충청,0,
2026-02-27,오프라인,뷰티,기존,수도권,2,
2026-02-27,오프라인,뷰티,기존,영남,2,
2026-02-27,오프라인,뷰티,기존,호남,1,
2026-02-27,오프라인,뷰티,기존,충청,0,
2026-02-27,오프라인,가전,신규,수도권,1,
2026-02-27,오프라인,가전,신규,영남,0,
2026-02-27,오프라인,가전,신규,호남,0,
2026-02-27,오프라인,가전,신규,충청,0,
2026-02-27,오프라인,가전,기존,수도권,4,
2026-02-27,오프라인,가전,기존,영남,2,
2026-02-27,오프라인,가전,기존,호남,1,
2026-02-27,오프라인,가전,기존,충청,1,
2026-02-27,B2B,식품,신규,,1,
2026-02-27,B2B,식품,기존,,10,
2026-02-27,B2B,생활용품,신규,,1,
2026-02-27,B2B,생활용품,기존,,8,
2026-02-27,B2B,뷰티,신규,,0,
2026-02-27,B2B,뷰티,기존,,3,
2026-02-27,B2B,가전,신규,,2,
2026-02-27,B2B,가전,기존,,15,
2026-02-28,온라인,식품,신규,,4,800
2026-02-28,온라인,식품,기존,,14,2800
2026-02-28,온라인,생활용품,신규,,4,800
2026-02-28,온라인,생활용품,기존,,12,2400
2026-02-28,온라인,뷰티,신규,,3,600
2026-02-28,온라인,뷰티,기존,,10,2000
2026-02-28,온라인,가전,신규,,4,800
2026-02-28,온라인,가전,기존,,11,2200
2026-02-28,오프라인,식품,신규,수도권,2,
2026-02-28,오프라인,식품,신규,영남,1,
2026-02-28,오프라인,식품,신규,호남,0,
2026-02-28,오프라인,식품,신규,충청,0,
2026-02-28,오프라인,식품,기존,수도권,13,
2026-02-28,오프라인,식품,기존,영남,5,
2026-02-28,오프라인,식품,기존,호남,3,
2026-02-28,오프라인,식품,기존,충청,2,
2026-02-28,오프라인,생활용품,신규,수도권,1,
2026-02-28,오프라인,생활용품,신규,영남,1,
2026-02-28,오프라인,생활용품,신규,호남,0,
2026-02-28,오프라인,생활용품,신규,충청,0,
2026-02-28,오프라인,생활용품,기존,수도권,8,
2026-02-28,오프라인,생활용품,기존,영남,4,
2026-02-28,오프라인,생활용품,기존,호남,2,
2026-02-28,오프라인,생활용품,기존,충청,1,
2026-02-28,오프라인,뷰티,신규,수도권,1,
2026-02-28,오프라인,뷰티,신규,영남,0,
2026-02-28,오프라인,뷰티,신규,호남,0,
2026-02-28,오프라인,뷰티,신규,충청,0,
2026-02-28,오프라인,뷰티,기존,수도권,4,
2026-02-28,오프라인,뷰티,기존,영남,2,
2026-02-28,오프라인,뷰티,기존,호남,1,
2026-02-28,오프라인,뷰티,기존,충청,1,
2026-02-28,오프라인,가전,신규,수도권,1,
2026-02-28,오프라인,가전,신규,영남,0,
2026-02-28,오프라인,가전,신규,호남,0,
2026-02-28,오프라인,가전,신규,충청,0,
2026-02-28,오프라인,가전,기존,수도권,5,
2026-02-28,오프라인,가전,기존,영남,2,
2026-02-28,오프라인,가전,기존,호남,1,
2026-02-28,오프라인,가전,기존,충청,1,
2026-02-28,B2B,식품,신규,,0,
2026-02-28,B2B,식품,기존,,0,
2026-02-28,B2B,생활용품,신규,,0,
2026-02-28,B2B,생활용품,기존,,0,
2026-02-28,B2B,뷰티,신규,,0,
2026-02-28,B2B,뷰티,기존,,0,
2026-02-28,B2B,가전,신규,,0,
2026-02-28,B2B,가전,기존,,1,
2026-03-01,온라인,식품,신규,,4,800
2026-03-01,온라인,식품,기존,,13,2600
2026-03-01,온라인,생활용품,신규,,4,800
2026-03-01,온라인,생활용품,기존,,10,2000
2026-03-01,온라인,뷰티,신규,,3,600
2026-03-01,온라인,뷰티,기존,,10,2000
2026-03-01,온라인,가전,신규,,4,800
2026-03-01,온라인,가전,기존,,11,2200
2026-03-01,오프라인,식품,신규,수도권,2,
2026-03-01,오프라인,식품,신규,영남,1,
2026-03-01,오프라인,식품,신규,호남,0,
2026-03-01,오프라인,식품,신규,충청,0,
2026-03-01,오프라인,식품,기존,수도권,11,
2026-03-01,오프라인,식품,기존,영남,6,
2026-03-01,오프라인,식품,기존,호남,2,
2026-03-01,오프라인,식품,기존,충청,2,
2026-03-01,오프라인,생활용품,신규,수도권,1,
2026-03-01,오프라인,생활용품,신규,영남,1,
2026-03-01,오프라인,생활용품,신규,호남,0,
2026-03-01,오프라인,생활용품,신규,충청,0,
2026-03-01,오프라인,생활용품,기존,수도권,7,
2026-03-01,오프라인,생활용품,기존,영남,3,
2026-03-01,오프라인,생활용품,기존,호남,1,
2026-03-01,오프라인,생활용품,기존,충청,1,
2026-03-01,오프라인,뷰티,신규,수도권,1,
2026-03-01,오프라인,뷰티,신규,영남,0,
2026-03-01,오프라인,뷰티,신규,호남,0,
2026-03-01,오프라인,뷰티,신규,충청,0,
2026-03-01,오프라인,뷰티,기존,수도권,4,
2026-03-01,오프라인,뷰티,기존,영남,2,
2026-03-01,오프라인,뷰티,기존,호남,1,
2026-03-01,오프라인,뷰티,기존,충청,1,
2026-03-01,오프라인,가전,신규,수도권,1,
2026-03-01,오프라인,가전,신규,영남,0,
2026-03-01,오프라인,가전,신규,호남,0,
2026-03-01,오프라인,가전,신규,충청,0,
2026-03-01,오프라인,가전,기존,수도권,4,
2026-03-01,오프라인,가전,기존,영남,2,
2026-03-01,오프라인,가전,기존,호남,1,
2026-03-01,오프라인,가전,기존,충청,1,
2026-03-01,B2B,식품,신규,,0,
2026-03-01,B2B,식품,기존,,0,
2026-03-01,B2B,생활용품,신규,,0,
2026-03-01,B2B,생활용품,기존,,0,
2026-03-01,B2B,뷰티,신규,,0,
2026-03-01,B2B,뷰티,기존,,0,
2026-03-01,B2B,가전,신규,,0,
2026-03-01,B2B,가전,기존,,0,
2026-03-02,온라인,식품,신규,,4,800
2026-03-02,온라인,식품,기존,,13,2600
2026-03-02,온라인,생활용품,신규,,5,1000
2026-03-02,온라인,생활용품,기존,,12,2400
2026-03-02,온라인,뷰티,신규,,3,600
2026-03-02,온라인,뷰티,기존,,8,1600
2026-03-02,온라인,가전,신규,,4,800
2026-03-02,온라인,가전,기존,,10,2000
2026-03-02,오프라인,식품,신규,수도권,2,
2026-03-02,오프라인,식품,신규,영남,1,
2026-03-02,오프라인,식품,신규,호남,0,
2026-03-02,오프라인,식품,신규,충청,0,
2026-03-02,오프라인,식품,기존,수도권,8,
2026-03-02,오프라인,식품,기존,영남,4,
2026-03-02,오프라인,식품,기존,호남,2,
2026-03-02,오프라인,식품,기존,충청,1,
2026-03-02,오프라인,생활용품,신규,수도권,1,
2026-03-02,오프라인,생활용품,신규,영남,1,
2026-03-02,오프라인,생활용품,신규,호남,0,
2026-03-02,오프라인,생활용품,신규,충청,0,
2026-03-02,오프라인,생활용품,기존,수도권,6,
2026-03-02,오프라인,생활용품,기존,영남,3,
2026-03-02,오프라인,생활용품,기존,호남,1,
2026-03-02,오프라인,생활용품,기존,충청,1,
2026-03-02,오프라인,뷰티,신규,수도권,0,
2026-03-02,오프라인,뷰티,신규,영남,0,
2026-03-02,오프라인,뷰티,신규,호남,0,
2026-03-02,오프라인,뷰티,신규,충청,0,
2026-03-02,오프라인,뷰티,기존,수도권,3,
2026-03-02,오프라인,뷰티,기존,영남,2,
2026-03-02,오프라인,뷰티,기존,호남,1,
2026-03-02,오프라인,뷰티,기존,충청,0,
2026-03-02,오프라인,가전,신규,수도권,1,
2026-03-02,오프라인,가전,신규,영남,0,
2026-03-02,오프라인,가전,신규,호남,0,
2026-03-02,오프라인,가전,신규,충청,0,
2026-03-02,오프라인,가전,기존,수도권,4,
2026-03-02,오프라인,가전,기존,영남,2,
2026-03-02,오프라인,가전,기존,호남,1,
2026-03-02,오프라인,가전,기존,충청,1,
2026-03-02,B2B,식품,신규,,1,
2026-03-02,B2B,식품,기존,,7,
2026-03-02,B2B,생활용품,신규,,1,
2026-03-02,B2B,생활용품,기존,,7,
2026-03-02,B2B,뷰티,신규,,0,
2026-03-02,B2B,뷰티,기존,,3,
2026-03-02,B2B,가전,신규,,2,
2026-03-02,B2B,가전,기존,,16,
2026-03-03,온라인,식품,신규,,5,1000
2026-03-03,온라인,식품,기존,,12,2400
2026-03-03,온라인,생활용품,신규,,4,800
2026-03-03,온라인,생활용품,기존,,11,2200
2026-03-03,온라인,뷰티,신규,,3,600
2026-03-03,온라인,뷰티,기존,,8,1600
2026-03-03,온라인,가전,신규,,3,600
2026-03-03,온라인,가전,기존,,10,2000
2026-03-03,오프라인,식품,신규,수도권,2,
2026-03-03,오프라인,식품,신규,영남,1,
2026-03-03,오프라인,식품,신규,호남,0,
2026-03-03,오프라인,식품,신규,충청,0,
2026-03-03,오프라인,식품,기존,수도권,7,
2026-03-03,오프라인,식품,기존,영남,5,
2026-03-03,오프라인,식품,기존,호남,2,
2026-03-03,오프라인,식품,기존,충청,1,
2026-03-03,오프라인,생활용품,신규,수도권,1,
2026-03-03,오프라인,생활용품,신규,영남,0,
2026-03-03,오프라인,생활용품,신규,호남,0,
2026-03-03,오프라인,생활용품,신규,충청,0,
2026-03-03,오프라인,생활용품,기존,수도권,6,
2026-03-03,오프라인,생활용품,기존,영남,2,
2026-03-03,오프라인,생활용품,기존,호남,1,
2026-03-03,오프라인,생활용품,기존,충청,1,
2026-03-03,오프라인,뷰티,신규,수도권,1,
2026-03-03,오프라인,뷰티,신규,영남,0,
2026-03-03,오프라인,뷰티,신규,호남,0,
2026-03-03,오프라인,뷰티,신규,충청,0,
2026-03-03,오프라인,뷰티,기존,수도권,3,
2026-03-03,오프라인,뷰티,기존,영남,1,
2026-03-03,오프라인,뷰티,기존,호남,1,
2026-03-03,오프라인,뷰티,기존,충청,1,
2026-03-03,오프라인,가전,신규,수도권,1,
2026-03-03,오프라인,가전,신규,영남,0,
2026-03-03,오프라인,가전,신규,호남,0,
2026-03-03,오프라인,가전,신규,충청,0,
2026-03-03,오프라인,가전,기존,수도권,3,
2026-03-03,오프라인,가전,기존,영남,2,
2026-03-03,오프라인,가전,기존,호남,1,
2026-03-03,오프라인,가전,기존,충청,1,
2026-03-03,B2B,식품,신규,,1,
2026-03-03,B2B,식품,기존,,10,
2026-03-03,B2B,생활용품,신규,,1,
2026-03-03,B2B,생활용품,기존,,7,
2026-03-03,B2B,뷰티,신규,,0,
2026-03-03,B2B,뷰티,기존,,3,
2026-03-03,B2B,가전,신규,,2,
2026-03-03,B2B,가전,기존,,19,
2026-03-04,온라인,식품,신규,,4,800
2026-03-04,온라인,식품,기존,,11,2200
2026-03-04,온라인,생활용품,신규,,4,800
2026-03-04,온라인,생활용품,기존,,11,2200
2026-03-04,온라인,뷰티,신규,,3,600
2026-03-04,온라인,뷰티,기존,,10,2000
2026-03-04,온라인,가전,신규,,3,600
2026-03-04,온라인,가전,기존,,13,2600
2026-03-04,오프라인,식품,신규,수도권,1,
2026-03-04,오프라인,식품,신규,영남,1,
2026-03-04,오프라인,식품,신규,호남,0,
2026-03-04,오프라인,식품,신규,충청,0,
2026-03-04,오프라인,식품,기존,수도권,9,
2026-03-04,오프라인,식품,기존,영남,4,
2026-03-04,오프라인,식품,기존,호남,2,
2026-03-04,오프라인,식품,기존,충청,1,
2026-03-04,오프라인,생활용품,신규,수도권,1,
2026-03-04,오프라인,생활용품,신규,영남,0,
2026-03-04,오프라인,생활용품,신규,호남,0,
2026-03-04,오프라인,생활용품,신규,충청,0,
2026-03-04,오프라인,생활용품,기존,수도권,5,
2026-03-04,오프라인,생활용품,기존,영남,3,
2026-03-04,오프라인,생활용품,기존,호남,1,
2026-03-04,오프라인,생활용품,기존,충청,1,
2026-03-04,오프라인,뷰티,신규,수도권,1,
2026-03-04,오프라인,뷰티,신규,영남,0,
2026-03-04,오프라인,뷰티,신규,호남,0,
2026-03-04,오프라인,뷰티,신규,충청,0,
2026-03-04,오프라인,뷰티,기존,수도권,3,
2026-03-04,오프라인,뷰티,기존,영남,2,
2026-03-04,오프라인,뷰티,기존,호남,1,
2026-03-04,오프라인,뷰티,기존,충청,1,
2026-03-04,오프라인,가전,신규,수도권,1,
2026-03-04,오프라인,가전,신규,영남,0,
2026-03-04,오프라인,가전,신규,호남,0,
2026-03-04,오프라인,가전,신규,충청,0,
2026-03-04,오프라인,가전,기존,수도권,3,
2026-03-04,오프라인,가전,기존,영남,2,
2026-03-04,오프라인,가전,기존,호남,1,
2026-03-04,오프라인,가전,기존,충청,1,
2026-03-04,B2B,식품,신규,,1,
2026-03-04,B2B,식품,기존,,11,
2026-03-04,B2B,생활용품,신규,,1,
2026-03-04,B2B,생활용품,기존,,8,
2026-03-04,B2B,뷰티,신규,,0,
2026-03-04,B2B,뷰티,기존,,3,
2026-03-04,B2B,가전,신규,,2,
2026-03-04,B2B,가전,기존,,14,
2026-03-05,온라인,식품,신규,,4,800
2026-03-05,온라인,식품,기존,,15,3000
2026-03-05,온라인,생활용품,신규,,4,800
2026-03-05,온라인,생활용품,기존,,9,1800
2026-03-05,온라인,뷰티,신규,,3,600
2026-03-05,온라인,뷰티,기존,,9,1800
2026-03-05,온라인,가전,신규,,5,1000
2026-03-05,온라인,가전,기존,,10,2000
2026-03-05,오프라인,식품,신규,수도권,2,
2026-03-05,오프라인,식품,신규,영남,1,
2026-03-05,오프라인,식품,신규,호남,0,
2026-03-05,오프라인,식품,신규,충청,0,
2026-03-05,오프라인,식품,기존,수도권,8,
2026-03-05,오프라인,식품,기존,영남,4,
2026-03-05,오프라인,식품,기존,호남,2,
2026-03-05,오프라인,식품,기존,충청,1,
2026-03-05,오프라인,생활용품,신규,수도권,1,
2026-03-05,오프라인,생활용품,신규,영남,0,
2026-03-05,오프라인,생활용품,신규,호남,0,
2026-03-05,오프라인,생활용품,신규,충청,0,
2026-03-05,오프라인,생활용품,기존,수도권,6,
2026-03-05,오프라인,생활용품,기존,영남,2,
2026-03-05,오프라인,생활용품,기존,호남,1,
2026-03-05,오프라인,생활용품,기존,충청,1,
2026-03-05,오프라인,뷰티,신규,수도권,1,
2026-03-05,오프라인,뷰티,신규,영남,0,
2026-03-05,오프라인,뷰티,신규,호남,0,
2026-03-05,오프라인,뷰티,신규,충청,0,
2026-03-05,오프라인,뷰티,기존,수도권,4,
2026-03-05,오프라인,뷰티,기존,영남,1,
2026-03-05,오프라인,뷰티,기존,호남,1,
2026-03-05,오프라인,뷰티,기존,충청,0,
2026-03-05,오프라인,가전,신규,수도권,1,
2026-03-05,오프라인,가전,신규,영남,0,
2026-03-05,오프라인,가전,신규,호남,0,
2026-03-05,오프라인,가전,신규,충청,0,
2026-03-05,오프라인,가전,기존,수도권,3,
2026-03-05,오프라인,가전,기존,영남,2,
2026-03-05,오프라인,가전,기존,호남,1,
2026-03-05,오프라인,가전,기존,충청,1,
2026-03-05,B2B,식품,신규,,1,
2026-03-05,B2B,식품,기존,,11,
2026-03-05,B2B,생활용품,신규,,1,
2026-03-05,B2B,생활용품,기존,,7,
2026-03-05,B2B,뷰티,신규,,0,
2026-03-05,B2B,뷰티,기존,,3,
2026-03-05,B2B,가전,신규,,2,
2026-03-05,B2B,가전,기존,,19,
2026-03-06,온라인,식품,신규,,5,1000
2026-03-06,온라인,식품,기존,,13,2600
2026-03-06,온라인,생활용품,신규,,4,800
2026-03-06,온라인,생활용품,기존,,9,1800
2026-03-06,온라인,뷰티,신규,,3,600
2026-03-06,온라인,뷰티,기존,,9,1800
2026-03-06,온라인,가전,신규,,3,600
2026-03-06,온라인,가전,기존,,12,2400
2026-03-06,오프라인,식품,신규,수도권,1,
2026-03-06,오프라인,식품,신규,영남,1,
2026-03-06,오프라인,식품,신규,호남,0,
2026-03-06,오프라인,식품,신규,충청,0,
2026-03-06,오프라인,식품,기존,수도권,8,
2026-03-06,오프라인,식품,기존,영남,6,
2026-03-06,오프라인,식품,기존,호남,2,
2026-03-06,오프라인,식품,기존,충청,1,
2026-03-06,오프라인,생활용품,신규,수도권,1,
2026-03-06,오프라인,생활용품,신규,영남,0,
2026-03-06,오프라인,생활용품,신규,호남,0,
2026-03-06,오프라인,생활용품,신규,충청,0,
2026-03-06,오프라인,생활용품,기존,수도권,5,
2026-03-06,오프라인,생활용품,기존,영남,3,
2026-03-06,오프라인,생활용품,기존,호남,1,
2026-03-06,오프라인,생활용품,기존,충청,1,
2026-03-06,오프라인,뷰티,신규,수도권,0,
2026-03-06,오프라인,뷰티,신규,영남,0,
2026-03-06,오프라인,뷰티,신규,호남,0,
2026-03-06,오프라인,뷰티,신규,충청,0,
2026-03-06,오프라인,뷰티,기존,수도권,4,
2026-03-06,오프라인,뷰티,기존,영남,2,
2026-03-06,오프라인,뷰티,기존,호남,1,
2026-03-06,오프라인,뷰티,기존,충청,0,
2026-03-06,오프라인,가전,신규,수도권,1,
2026-03-06,오프라인,가전,신규,영남,0,
2026-03-06,오프라인,가전,신규,호남,0,
2026-03-06,오프라인,가전,신규,충청,0,
2026-03-06,오프라인,가전,기존,수도권,3,
2026-03-06,오프라인,가전,기존,영남,2,
2026-03-06,오프라인,가전,기존,호남,1,
2026-03-06,오프라인,가전,기존,충청,1,
2026-03-06,B2B,식품,신규,,1,
2026-03-06,B2B,식품,기존,,11,
2026-03-06,B2B,생활용품,신규,,1,
2026-03-06,B2B,생활용품,기존,,6,
2026-03-06,B2B,뷰티,신규,,0,
2026-03-06,B2B,뷰티,기존,,3,
2026-03-06,B2B,가전,신규,,2,
2026-03-06,B2B,가전,기존,,12,
2026-03-07,온라인,식품,신규,,4,800
2026-03-07,온라인,식품,기존,,13,2600
2026-03-07,온라인,생활용품,신규,,4,800
2026-03-07,온라인,생활용품,기존,,12,2400
2026-03-07,온라인,뷰티,신규,,3,600
2026-03-07,온라인,뷰티,기존,,9,1800
2026-03-07,온라인,가전,신규,,4,800
2026-03-07,온라인,가전,기존,,11,2200
2026-03-07,오프라인,식품,신규,수도권,2,
2026-03-07,오프라인,식품,신규,영남,1,
2026-03-07,오프라인,식품,신규,호남,0,
2026-03-07,오프라인,식품,신규,충청,0,
2026-03-07,오프라인,식품,기존,수도권,11,
2026-03-07,오프라인,식품,기존,영남,7,
2026-03-07,오프라인,식품,기존,호남,3,
2026-03-07,오프라인,식품,기존,충청,1,
2026-03-07,오프라인,생활용품,신규,수도권,1,
2026-03-07,오프라인,생활용품,신규,영남,1,
2026-03-07,오프라인,생활용품,신규,호남,0,
2026-03-07,오프라인,생활용품,신규,충청,0,
2026-03-07,오프라인,생활용품,기존,수도권,7,
2026-03-07,오프라인,생활용품,기존,영남,4,
2026-03-07,오프라인,생활용품,기존,호남,1,
2026-03-07,오프라인,생활용품,기존,충청,1,
2026-03-07,오프라인,뷰티,신규,수도권,1,
2026-03-07,오프라인,뷰티,신규,영남,0,
2026-03-07,오프라인,뷰티,신규,호남,0,
2026-03-07,오프라인,뷰티,신규,충청,0,
2026-03-07,오프라인,뷰티,기존,수도권,4,
2026-03-07,오프라인,뷰티,기존,영남,2,
2026-03-07,오프라인,뷰티,기존,호남,1,
2026-03-07,오프라인,뷰티,기존,충청,1,
2026-03-07,오프라인,가전,신규,수도권,1,
2026-03-07,오프라인,가전,신규,영남,0,
2026-03-07,오프라인,가전,신규,호남,0,
2026-03-07,오프라인,가전,신규,충청,0,
2026-03-07,오프라인,가전,기존,수도권,4,
2026-03-07,오프라인,가전,기존,영남,2,
2026-03-07,오프라인,가전,기존,호남,1,
2026-03-07,오프라인,가전,기존,충청,1,
2026-03-07,B2B,식품,신규,,0,
2026-03-07,B2B,식품,기존,,0,
2026-03-07,B2B,생활용품,신규,,0,
2026-03-07,B2B,생활용품,기존,,0,
2026-03-07,B2B,뷰티,신규,,0,
2026-03-07,B2B,뷰티,기존,,0,
2026-03-07,B2B,가전,신규,,0,
2026-03-07,B2B,가전,기존,,1,
2026-03-08,온라인,식품,신규,,5,1000
2026-03-08,온라인,식품,기존,,15,3000
2026-03-08,온라인,생활용품,신규,,4,800
2026-03-08,온라인,생활용품,기존,,12,2400
2026-03-08,온라인,뷰티,신규,,3,600
2026-03-08,온라인,뷰티,기존,,9,1800
2026-03-08,온라인,가전,신규,,4,800
2026-03-08,온라인,가전,기존,,13,2600
2026-03-08,오프라인,식품,신규,수도권,2,
2026-03-08,오프라인,식품,신규,영남,1,
2026-03-08,오프라인,식품,신규,호남,0,
2026-03-08,오프라인,식품,신규,충청,0,
2026-03-08,오프라인,식품,기존,수도권,11,
2026-03-08,오프라인,식품,기존,영남,6,
2026-03-08,오프라인,식품,기존,호남,3,
2026-03-08,오프라인,식품,기존,충청,2,
2026-03-08,오프라인,생활용품,신규,수도권,1,
2026-03-08,오프라인,생활용품,신규,영남,1,
2026-03-08,오프라인,생활용품,신규,호남,0,
2026-03-08,오프라인,생활용품,신규,충청,0,
2026-03-08,오프라인,생활용품,기존,수도권,6,
2026-03-08,오프라인,생활용품,기존,영남,3,
2026-03-08,오프라인,생활용품,기존,호남,2,
2026-03-08,오프라인,생활용품,기존,충청,1,
2026-03-08,오프라인,뷰티,신규,수도권,1,
2026-03-08,오프라인,뷰티,신규,영남,0,
2026-03-08,오프라인,뷰티,신규,호남,0,
2026-03-08,오프라인,뷰티,신규,충청,0,
2026-03-08,오프라인,뷰티,기존,수도권,4,
2026-03-08,오프라인,뷰티,기존,영남,2,
2026-03-08,오프라인,뷰티,기존,호남,1,
2026-03-08,오프라인,뷰티,기존,충청,1,
2026-03-08,오프라인,가전,신규,수도권,1,
2026-03-08,오프라인,가전,신규,영남,0,
2026-03-08,오프라인,가전,신규,호남,0,
2026-03-08,오프라인,가전,신규,충청,0,
2026-03-08,오프라인,가전,기존,수도권,4,
2026-03-08,오프라인,가전,기존,영남,3,
2026-03-08,오프라인,가전,기존,호남,1,
2026-03-08,오프라인,가전,기존,충청,1,
2026-03-08,B2B,식품,신규,,0,
2026-03-08,B2B,식품,기존,,0,
2026-03-08,B2B,생활용품,신규,,0,
2026-03-08,B2B,생활용품,기존,,0,
2026-03-08,B2B,뷰티,신규,,0,
2026-03-08,B2B,뷰티,기존,,0,
2026-03-08,B2B,가전,신규,,0,
2026-03-08,B2B,가전,기존,,0,
2026-03-09,온라인,식품,신규,,4,800
2026-03-09,온라인,식품,기존,,12,2400
2026-03-09,온라인,생활용품,신규,,4,800
2026-03-09,온라인,생활용품,기존,,11,2200
2026-03-09,온라인,뷰티,신규,,2,400
2026-03-09,온라인,뷰티,기존,,7,1400
2026-03-09,온라인,가전,신규,,4,800
2026-03-09,온라인,가전,기존,,11,2200
2026-03-09,오프라인,식품,신규,수도권,1,
2026-03-09,오프라인,식품,신규,영남,1,
2026-03-09,오프라인,식품,신규,호남,0,
2026-03-09,오프라인,식품,신규,충청,0,
2026-03-09,오프라인,식품,기존,수도권,8,
2026-03-09,오프라인,식품,기존,영남,4,
2026-03-09,오프라인,식품,기존,호남,2,
2026-03-09,오프라인,식품,기존,충청,1,
2026-03-09,오프라인,생활용품,신규,수도권,1,
2026-03-09,오프라인,생활용품,신규,영남,0,
2026-03-09,오프라인,생활용품,신규,호남,0,
2026-03-09,오프라인,생활용품,신규,충청,0,
2026-03-09,오프라인,생활용품,기존,수도권,4,
2026-03-09,오프라인,생활용품,기존,영남,3,
2026-03-09,오프라인,생활용품,기존,호남,1,
2026-03-09,오프라인,생활용품,기존,충청,1,
2026-03-09,오프라인,뷰티,신규,수도권,1,
2026-03-09,오프라인,뷰티,신규,영남,0,
2026-03-09,오프라인,뷰티,신규,호남,0,
2026-03-09,오프라인,뷰티,신규,충청,0,
2026-03-09,오프라인,뷰티,기존,수도권,3,
2026-03-09,오프라인,뷰티,기존,영남,2,
2026-03-09,오프라인,뷰티,기존,호남,1,
2026-03-09,오프라인,뷰티,기존,충청,0,
2026-03-09,오프라인,가전,신규,수도권,1,
2026-03-09,오프라인,가전,신규,영남,0,
2026-03-09,오프라인,가전,신규,호남,0,
2026-03-09,오프라인,가전,신규,충청,0,
2026-03-09,오프라인,가전,기존,수도권,3,
2026-03-09,오프라인,가전,기존,영남,2,
2026-03-09,오프라인,가전,기존,호남,1,
2026-03-09,오프라인,가전,기존,충청,1,
2026-03-09,B2B,식품,신규,,1,
2026-03-09,B2B,식품,기존,,11,
2026-03-09,B2B,생활용품,신규,,1,
2026-03-09,B2B,생활용품,기존,,7,
2026-03-09,B2B,뷰티,신규,,0,
2026-03-09,B2B,뷰티,기존,,3,
2026-03-09,B2B,가전,신규,,2,
2026-03-09,B2B,가전,기존,,14,
2026-03-10,온라인,식품,신규,,4,800
2026-03-10,온라인,식품,기존,,12,2400
2026-03-10,온라인,생활용품,신규,,3,600
2026-03-10,온라인,생활용품,기존,,11,2200
2026-03-10,온라인,뷰티,신규,,3,600
2026-03-10,온라인,뷰티,기존,,7,1400
2026-03-10,온라인,가전,신규,,3,600
2026-03-10,온라인,가전,기존,,10,2000
2026-03-10,오프라인,식품,신규,수도권,2,
2026-03-10,오프라인,식품,신규,영남,1,
2026-03-10,오프라인,식품,신규,호남,0,
2026-03-10,오프라인,식품,신규,충청,0,
2026-03-10,오프라인,식품,기존,수도권,8,
2026-03-10,오프라인,식품,기존,영남,4,
2026-03-10,오프라인,식품,기존,호남,2,
2026-03-10,오프라인,식품,기존,충청,1,
2026-03-10,오프라인,생활용품,신규,수도권,1,
2026-03-10,오프라인,생활용품,신규,영남,0,
2026-03-10,오프라인,생활용품,신규,호남,0,
2026-03-10,오프라인,생활용품,신규,충청,0,
2026-03-10,오프라인,생활용품,기존,수도권,5,
2026-03-10,오프라인,생활용품,기존,영남,3,
2026-03-10,오프라인,생활용품,기존,호남,1,
2026-03-10,오프라인,생활용품,기존,충청,1,
2026-03-10,오프라인,뷰티,신규,수도권,1,
2026-03-10,오프라인,뷰티,신규,영남,0,
2026-03-10,오프라인,뷰티,신규,호남,0,
2026-03-10,오프라인,뷰티,신규,충청,0,
2026-03-10,오프라인,뷰티,기존,수도권,4,
2026-03-10,오프라인,뷰티,기존,영남,1,
2026-03-10,오프라인,뷰티,기존,호남,1,
2026-03-10,오프라인,뷰티,기존,충청,0,
2026-03-10,오프라인,가전,신규,수도권,1,
2026-03-10,오프라인,가전,신규,영남,0,
2026-03-10,오프라인,가전,신규,호남,0,
2026-03-10,오프라인,가전,신규,충청,0,
2026-03-10,오프라인,가전,기존,수도권,4,
2026-03-10,오프라인,가전,기존,영남,2,
2026-03-10,오프라인,가전,기존,호남,1,
2026-03-10,오프라인,가전,기존,충청,1,
2026-03-10,B2B,식품,신규,,1,
2026-03-10,B2B,식품,기존,,8,
2026-03-10,B2B,생활용품,신규,,1,
2026-03-10,B2B,생활용품,기존,,7,
2026-03-10,B2B,뷰티,신규,,0,
2026-03-10,B2B,뷰티,기존,,3,
2026-03-10,B2B,가전,신규,,2,
2026-03-10,B2B,가전,기존,,16,
2026-03-11,온라인,식품,신규,,4,800
2026-03-11,온라인,식품,기존,,12,2400
2026-03-11,온라인,생활용품,신규,,3,600
2026-03-11,온라인,생활용품,기존,,11,2200
2026-03-11,온라인,뷰티,신규,,3,600
2026-03-11,온라인,뷰티,기존,,8,1600
2026-03-11,온라인,가전,신규,,4,800
2026-03-11,온라인,가전,기존,,11,2200
2026-03-11,오프라인,식품,신규,수도권,1,
2026-03-11,오프라인,식품,신규,영남,1,
2026-03-11,오프라인,식품,신규,호남,0,
2026-03-11,오프라인,식품,신규,충청,0,
2026-03-11,오프라인,식품,기존,수도권,8,
2026-03-11,오프라인,식품,기존,영남,4,
2026-03-11,오프라인,식품,기존,호남,2,
2026-03-11,오프라인,식품,기존,충청,1,
2026-03-11,오프라인,생활용품,신규,수도권,1,
2026-03-11,오프라인,생활용품,신규,영남,1,
2026-03-11,오프라인,생활용품,신규,호남,0,
2026-03-11,오프라인,생활용품,신규,충청,0,
2026-03-11,오프라인,생활용품,기존,수도권,5,
2026-03-11,오프라인,생활용품,기존,영남,3,
2026-03-11,오프라인,생활용품,기존,호남,1,
2026-03-11,오프라인,생활용품,기존,충청,1,
2026-03-11,오프라인,뷰티,신규,수도권,1,
2026-03-11,오프라인,뷰티,신규,영남,0,
2026-03-11,오프라인,뷰티,신규,호남,0,
2026-03-11,오프라인,뷰티,신규,충청,0,
2026-03-11,오프라인,뷰티,기존,수도권,3,
2026-03-11,오프라인,뷰티,기존,영남,2,
2026-03-11,오프라인,뷰티,기존,호남,1,
2026-03-11,오프라인,뷰티,기존,충청,0,
2026-03-11,오프라인,가전,신규,수도권,1,
2026-03-11,오프라인,가전,신규,영남,0,
2026-03-11,오프라인,가전,신규,호남,0,
2026-03-11,오프라인,가전,신규,충청,0,
2026-03-11,오프라인,가전,기존,수도권,3,
2026-03-11,오프라인,가전,기존,영남,2,
2026-03-11,오프라인,가전,기존,호남,1,
2026-03-11,오프라인,가전,기존,충청,1,
2026-03-11,B2B,식품,신규,,1,
2026-03-11,B2B,식품,기존,,9,
2026-03-11,B2B,생활용품,신규,,1,
2026-03-11,B2B,생활용품,기존,,7,
2026-03-11,B2B,뷰티,신규,,0,
2026-03-11,B2B,뷰티,기존,,2,
2026-03-11,B2B,가전,신규,,2,
2026-03-11,B2B,가전,기존,,17,
2026-03-12,온라인,식품,신규,,4,800
2026-03-12,온라인,식품,기존,,13,2600
2026-03-12,온라인,생활용품,신규,,3,600
2026-03-12,온라인,생활용품,기존,,10,2000
2026-03-12,온라인,뷰티,신규,,3,600
2026-03-12,온라인,뷰티,기존,,10,2000
2026-03-12,온라인,가전,신규,,3,600
2026-03-12,온라인,가전,기존,,10,2000
2026-03-12,오프라인,식품,신규,수도권,1,
2026-03-12,오프라인,식품,신규,영남,1,
2026-03-12,오프라인,식품,신규,호남,0,
2026-03-12,오프라인,식품,신규,충청,0,
2026-03-12,오프라인,식품,기존,수도권,9,
2026-03-12,오프라인,식품,기존,영남,4,
2026-03-12,오프라인,식품,기존,호남,2,
2026-03-12,오프라인,식품,기존,충청,1,
2026-03-12,오프라인,생활용품,신규,수도권,1,
2026-03-12,오프라인,생활용품,신규,영남,1,
2026-03-12,오프라인,생활용품,신규,호남,0,
2026-03-12,오프라인,생활용품,신규,충청,0,
2026-03-12,오프라인,생활용품,기존,수도권,5,
2026-03-12,오프라인,생활용품,기존,영남,3,
2026-03-12,오프라인,생활용품,기존,호남,1,
2026-03-12,오프라인,생활용품,기존,충청,1,
2026-03-12,오프라인,뷰티,신규,수도권,1,
2026-03-12,오프라인,뷰티,신규,영남,0,
2026-03-12,오프라인,뷰티,신규,호남,0,
2026-03-12,오프라인,뷰티,신규,충청,0,
2026-03-12,오프라인,뷰티,기존,수도권,3,
2026-03-12,오프라인,뷰티,기존,영남,2,
2026-03-12,오프라인,뷰티,기존,호남,1,
2026-03-12,오프라인,뷰티,기존,충청,0,
2026-03-12,오프라인,가전,신규,수도권,1,
2026-03-12,오프라인,가전,신규,영남,0,
2026-03-12,오프라인,가전,신규,호남,0,
2026-03-12,오프라인,가전,신규,충청,0,
2026-03-12,오프라인,가전,기존,수도권,3,
2026-03-12,오프라인,가전,기존,영남,2,
2026-03-12,오프라인,가전,기존,호남,1,
2026-03-12,오프라인,가전,기존,충청,1,
2026-03-12,B2B,식품,신규,,2,
2026-03-12,B2B,식품,기존,,11,
2026-03-12,B2B,생활용품,신규,,1,
2026-03-12,B2B,생활용품,기존,,6,
2026-03-12,B2B,뷰티,신규,,0,
2026-03-12,B2B,뷰티,기존,,2,
2026-03-12,B2B,가전,신규,,2,
2026-03-12,B2B,가전,기존,,16,
2026-03-13,온라인,식품,신규,,3,600
2026-03-13,온라인,식품,기존,,14,2800
2026-03-13,온라인,생활용품,신규,,3,600
2026-03-13,온라인,생활용품,기존,,11,2200
2026-03-13,온라인,뷰티,신규,,3,600
2026-03-13,온라인,뷰티,기존,,7,1400
2026-03-13,온라인,가전,신규,,4,800
2026-03-13,온라인,가전,기존,,10,2000
2026-03-13,오프라인,식품,신규,수도권,2,
2026-03-13,오프라인,식품,신규,영남,1,
2026-03-13,오프라인,식품,신규,호남,0,
2026-03-13,오프라인,식품,신규,충청,0,
2026-03-13,오프라인,식품,기존,수도권,7,
2026-03-13,오프라인,식품,기존,영남,4,
2026-03-13,오프라인,식품,기존,호남,2,
2026-03-13,오프라인,식품,기존,충청,1,
2026-03-13,오프라인,생활용품,신규,수도권,1,
2026-03-13,오프라인,생활용품,신규,영남,1,
2026-03-13,오프라인,생활용품,신규,호남,0,
2026-03-13,오프라인,생활용품,신규,충청,0,
2026-03-13,오프라인,생활용품,기존,수도권,6,
2026-03-13,오프라인,생활용품,기존,영남,3,
2026-03-13,오프라인,생활용품,기존,호남,1,
2026-03-13,오프라인,생활용품,기존,충청,1,
2026-03-13,오프라인,뷰티,신규,수도권,1,
2026-03-13,오프라인,뷰티,신규,영남,0,
2026-03-13,오프라인,뷰티,신규,호남,0,
2026-03-13,오프라인,뷰티,신규,충청,0,
2026-03-13,오프라인,뷰티,기존,수도권,3,
2026-03-13,오프라인,뷰티,기존,영남,1,
2026-03-13,오프라인,뷰티,기존,호남,1,
2026-03-13,오프라인,뷰티,기존,충청,1,
2026-03-13,오프라인,가전,신규,수도권,1,
2026-03-13,오프라인,가전,신규,영남,0,
2026-03-13,오프라인,가전,신규,호남,0,
2026-03-13,오프라인,가전,신규,충청,0,
2026-03-13,오프라인,가전,기존,수도권,3,
2026-03-13,오프라인,가전,기존,영남,2,
2026-03-13,오프라인,가전,기존,호남,1,
2026-03-13,오프라인,가전,기존,충청,1,
2026-03-13,B2B,식품,신규,,1,
2026-03-13,B2B,식품,기존,,10,
2026-03-13,B2B,생활용품,신규,,1,
2026-03-13,B2B,생활용품,기존,,7,
2026-03-13,B2B,뷰티,신규,,0,
2026-03-13,B2B,뷰티,기존,,2,
2026-03-13,B2B,가전,신규,,2,
2026-03-13,B2B,가전,기존,,16,
2026-03-14,온라인,식품,신규,,5,1000
2026-03-14,온라인,식품,기존,,14,2800
2026-03-14,온라인,생활용품,신규,,4,800
2026-03-14,온라인,생활용품,기존,,12,2400
2026-03-14,온라인,뷰티,신규,,3,600
2026-03-14,온라인,뷰티,기존,,10,2000
2026-03-14,온라인,가전,신규,,4,800
2026-03-14,온라인,가전,기존,,12,2400
2026-03-14,오프라인,식품,신규,수도권,2,
2026-03-14,오프라인,식품,신규,영남,1,
2026-03-14,오프라인,식품,신규,호남,0,
2026-03-14,오프라인,식품,신규,충청,0,
2026-03-14,오프라인,식품,기존,수도권,11,
2026-03-14,오프라인,식품,기존,영남,6,
2026-03-14,오프라인,식품,기존,호남,2,
2026-03-14,오프라인,식품,기존,충청,2,
2026-03-14,오프라인,생활용품,신규,수도권,1,
2026-03-14,오프라인,생활용품,신규,영남,1,
2026-03-14,오프라인,생활용품,신규,호남,0,
2026-03-14,오프라인,생활용품,신규,충청,0,
2026-03-14,오프라인,생활용품,기존,수도권,8,
2026-03-14,오프라인,생활용품,기존,영남,5,
2026-03-14,오프라인,생활용품,기존,호남,2,
2026-03-14,오프라인,생활용품,기존,충청,1,
2026-03-14,오프라인,뷰티,신규,수도권,1,
2026-03-14,오프라인,뷰티,신규,영남,0,
2026-03-14,오프라인,뷰티,신규,호남,0,
2026-03-14,오프라인,뷰티,신규,충청,0,
2026-03-14,오프라인,뷰티,기존,수도권,4,
2026-03-14,오프라인,뷰티,기존,영남,2,
2026-03-14,오프라인,뷰티,기존,호남,1,
2026-03-14,오프라인,뷰티,기존,충청,1,
2026-03-14,오프라인,가전,신규,수도권,1,
2026-03-14,오프라인,가전,신규,영남,0,
2026-03-14,오프라인,가전,신규,호남,0,
2026-03-14,오프라인,가전,신규,충청,0,
2026-03-14,오프라인,가전,기존,수도권,3,
2026-03-14,오프라인,가전,기존,영남,3,
2026-03-14,오프라인,가전,기존,호남,1,
2026-03-14,오프라인,가전,기존,충청,1,
2026-03-14,B2B,식품,신규,,0,
2026-03-14,B2B,식품,기존,,0,
2026-03-14,B2B,생활용품,신규,,0,
2026-03-14,B2B,생활용품,기존,,0,
2026-03-14,B2B,뷰티,신규,,0,
2026-03-14,B2B,뷰티,기존,,0,
2026-03-14,B2B,가전,신규,,0,
2026-03-14,B2B,가전,기존,,1,
2026-03-15,온라인,식품,신규,,5,1000
2026-03-15,온라인,식품,기존,,13,2600
2026-03-15,온라인,생활용품,신규,,4,800
2026-03-15,온라인,생활용품,기존,,15,3000
2026-03-15,온라인,뷰티,신규,,3,600
2026-03-15,온라인,뷰티,기존,,11,2200
2026-03-15,온라인,가전,신규,,4,800
2026-03-15,온라인,가전,기존,,10,2000
2026-03-15,오프라인,식품,신규,수도권,2,
2026-03-15,오프라인,식품,신규,영남,1,
2026-03-15,오프라인,식품,신규,호남,0,
2026-03-15,오프라인,식품,신규,충청,0,
2026-03-15,오프라인,식품,기존,수도권,12,
2026-03-15,오프라인,식품,기존,영남,6,
2026-03-15,오프라인,식품,기존,호남,3,
2026-03-15,오프라인,식품,기존,충청,2,
2026-03-15,오프라인,생활용품,신규,수도권,1,
2026-03-15,오프라인,생활용품,신규,영남,1,
2026-03-15,오프라인,생활용품,신규,호남,0,
2026-03-15,오프라인,생활용품,신규,충청,0,
2026-03-15,오프라인,생활용품,기존,수도권,7,
2026-03-15,오프라인,생활용품,기존,영남,3,
2026-03-15,오프라인,생활용품,기존,호남,2,
2026-03-15,오프라인,생활용품,기존,충청,1,
2026-03-15,오프라인,뷰티,신규,수도권,1,
2026-03-15,오프라인,뷰티,신규,영남,0,
2026-03-15,오프라인,뷰티,신규,호남,0,
2026-03-15,오프라인,뷰티,신규,충청,0,
2026-03-15,오프라인,뷰티,기존,수도권,3,
2026-03-15,오프라인,뷰티,기존,영남,2,
2026-03-15,오프라인,뷰티,기존,호남,1,
2026-03-15,오프라인,뷰티,기존,충청,1,
2026-03-15,오프라인,가전,신규,수도권,1,
2026-03-15,오프라인,가전,신규,영남,0,
2026-03-15,오프라인,가전,신규,호남,0,
2026-03-15,오프라인,가전,신규,충청,0,
2026-03-15,오프라인,가전,기존,수도권,4,
2026-03-15,오프라인,가전,기존,영남,2,
2026-03-15,오프라인,가전,기존,호남,1,
2026-03-15,오프라인,가전,기존,충청,1,
2026-03-15,B2B,식품,신규,,0,
2026-03-15,B2B,식품,기존,,0,
2026-03-15,B2B,생활용품,신규,,0,
2026-03-15,B2B,생활용품,기존,,0,
2026-03-15,B2B,뷰티,신규,,0,
2026-03-15,B2B,뷰티,기존,,0,
2026-03-15,B2B,가전,신규,,0,
2026-03-15,B2B,가전,기존,,0,
2026-03-16,온라인,식품,신규,,5,1000
2026-03-16,온라인,식품,기존,,13,2600
2026-03-16,온라인,생활용품,신규,,4,800
2026-03-16,온라인,생활용품,기존,,8,1600
2026-03-16,온라인,뷰티,신규,,3,600
2026-03-16,온라인,뷰티,기존,,10,2000
2026-03-16,온라인,가전,신규,,3,600
2026-03-16,온라인,가전,기존,,9,1800
2026-03-16,오프라인,식품,신규,수도권,2,
2026-03-16,오프라인,식품,신규,영남,1,
2026-03-16,오프라인,식품,신규,호남,0,
2026-03-16,오프라인,식품,신규,충청,0,
2026-03-16,오프라인,식품,기존,수도권,8,
2026-03-16,오프라인,식품,기존,영남,5,
2026-03-16,오프라인,식품,기존,호남,2,
2026-03-16,오프라인,식품,기존,충청,1,
2026-03-16,오프라인,생활용품,신규,수도권,1,
2026-03-16,오프라인,생활용품,신규,영남,1,
2026-03-16,오프라인,생활용품,신규,호남,0,
2026-03-16,오프라인,생활용품,신규,충청,0,
2026-03-16,오프라인,생활용품,기존,수도권,5,
2026-03-16,오프라인,생활용품,기존,영남,3,
2026-03-16,오프라인,생활용품,기존,호남,1,
2026-03-16,오프라인,생활용품,기존,충청,1,
2026-03-16,오프라인,뷰티,신규,수도권,1,
2026-03-16,오프라인,뷰티,신규,영남,0,
2026-03-16,오프라인,뷰티,신규,호남,0,
2026-03-16,오프라인,뷰티,신규,충청,0,
2026-03-16,오프라인,뷰티,기존,수도권,3,
2026-03-16,오프라인,뷰티,기존,영남,2,
2026-03-16,오프라인,뷰티,기존,호남,1,
2026-03-16,오프라인,뷰티,기존,충청,0,
2026-03-16,오프라인,가전,신규,수도권,0,
2026-03-16,오프라인,가전,신규,영남,0,
2026-03-16,오프라인,가전,신규,호남,0,
2026-03-16,오프라인,가전,신규,충청,0,
2026-03-16,오프라인,가전,기존,수도권,3,
2026-03-16,오프라인,가전,기존,영남,2,
2026-03-16,오프라인,가전,기존,호남,1,
2026-03-16,오프라인,가전,기존,충청,1,
2026-03-16,B2B,식품,신규,,1,
2026-03-16,B2B,식품,기존,,10,
2026-03-16,B2B,생활용품,신규,,1,
2026-03-16,B2B,생활용품,기존,,6,
2026-03-16,B2B,뷰티,신규,,0,
2026-03-16,B2B,뷰티,기존,,2,
2026-03-16,B2B,가전,신규,,2,
2026-03-16,B2B,가전,기존,,16,
2026-03-17,온라인,식품,신규,,4,800
2026-03-17,온라인,식품,기존,,14,2800
2026-03-17,온라인,생활용품,신규,,4,800
2026-03-17,온라인,생활용품,기존,,10,2000
2026-03-17,온라인,뷰티,신규,,3,600
2026-03-17,온라인,뷰티,기존,,9,1800
2026-03-17,온라인,가전,신규,,3,600
2026-03-17,온라인,가전,기존,,11,2200
2026-03-17,오프라인,식품,신규,수도권,2,
2026-03-17,오프라인,식품,신규,영남,1,
2026-03-17,오프라인,식품,신규,호남,0,
2026-03-17,오프라인,식품,신규,충청,0,
2026-03-17,오프라인,식품,기존,수도권,8,
2026-03-17,오프라인,식품,기존,영남,4,
2026-03-17,오프라인,식품,기존,호남,2,
2026-03-17,오프라인,식품,기존,충청,1,
2026-03-17,오프라인,생활용품,신규,수도권,1,
2026-03-17,오프라인,생활용품,신규,영남,1,
2026-03-17,오프라인,생활용품,신규,호남,0,
2026-03-17,오프라인,생활용품,신규,충청,0,
2026-03-17,오프라인,생활용품,기존,수도권,5,
2026-03-17,오프라인,생활용품,기존,영남,3,
2026-03-17,오프라인,생활용품,기존,호남,1,
2026-03-17,오프라인,생활용품,기존,충청,1,
2026-03-17,오프라인,뷰티,신규,수도권,1,
2026-03-17,오프라인,뷰티,신규,영남,0,
2026-03-17,오프라인,뷰티,신규,호남,0,
2026-03-17,오프라인,뷰티,신규,충청,0,
2026-03-17,오프라인,뷰티,기존,수도권,3,
2026-03-17,오프라인,뷰티,기존,영남,1,
2026-03-17,오프라인,뷰티,기존,호남,1,
2026-03-17,오프라인,뷰티,기존,충청,0,
2026-03-17,오프라인,가전,신규,수도권,1,
2026-03-17,오프라인,가전,신규,영남,0,
2026-03-17,오프라인,가전,신규,호남,0,
2026-03-17,오프라인,가전,신규,충청,0,
2026-03-17,오프라인,가전,기존,수도권,4,
2026-03-17,오프라인,가전,기존,영남,2,
2026-03-17,오프라인,가전,기존,호남,1,
2026-03-17,오프라인,가전,기존,충청,1,
2026-03-17,B2B,식품,신규,,1,
2026-03-17,B2B,식품,기존,,11,
2026-03-17,B2B,생활용품,신규,,1,
2026-03-17,B2B,생활용품,기존,,7,
2026-03-17,B2B,뷰티,신규,,0,
2026-03-17,B2B,뷰티,기존,,3,
2026-03-17,B2B,가전,신규,,2,
2026-03-17,B2B,가전,기존,,19,
2026-03-18,온라인,식품,신규,,4,800
2026-03-18,온라인,식품,기존,,13,2600
2026-03-18,온라인,생활용품,신규,,4,800
2026-03-18,온라인,생활용품,기존,,9,1800
2026-03-18,온라인,뷰티,신규,,3,600
2026-03-18,온라인,뷰티,기존,,8,1600
2026-03-18,온라인,가전,신규,,3,600
2026-03-18,온라인,가전,기존,,11,2200
2026-03-18,오프라인,식품,신규,수도권,2,
2026-03-18,오프라인,식품,신규,영남,1,
2026-03-18,오프라인,식품,신규,호남,0,
2026-03-18,오프라인,식품,신규,충청,0,
2026-03-18,오프라인,식품,기존,수도권,9,
2026-03-18,오프라인,식품,기존,영남,4,
2026-03-18,오프라인,식품,기존,호남,2,
2026-03-18,오프라인,식품,기존,충청,1,
2026-03-18,오프라인,생활용품,신규,수도권,1,
2026-03-18,오프라인,생활용품,신규,영남,0,
2026-03-18,오프라인,생활용품,신규,호남,0,
2026-03-18,오프라인,생활용품,신규,충청,0,
2026-03-18,오프라인,생활용품,기존,수도권,5,
2026-03-18,오프라인,생활용품,기존,영남,3,
2026-03-18,오프라인,생활용품,기존,호남,1,
2026-03-18,오프라인,생활용품,기존,충청,1,
2026-03-18,오프라인,뷰티,신규,수도권,0,
2026-03-18,오프라인,뷰티,신규,영남,0,
2026-03-18,오프라인,뷰티,신규,호남,0,
2026-03-18,오프라인,뷰티,신규,충청,0,
2026-03-18,오프라인,뷰티,기존,수도권,3,
2026-03-18,오프라인,뷰티,기존,영남,2,
2026-03-18,오프라인,뷰티,기존,호남,1,
2026-03-18,오프라인,뷰티,기존,충청,0,
2026-03-18,오프라인,가전,신규,수도권,1,
2026-03-18,오프라인,가전,신규,영남,0,
2026-03-18,오프라인,가전,신규,호남,0,
2026-03-18,오프라인,가전,신규,충청,0,
2026-03-18,오프라인,가전,기존,수도권,3,
2026-03-18,오프라인,가전,기존,영남,2,
2026-03-18,오프라인,가전,기존,호남,1,
2026-03-18,오프라인,가전,기존,충청,0,
2026-03-18,B2B,식품,신규,,1,
2026-03-18,B2B,식품,기존,,10,
2026-03-18,B2B,생활용품,신규,,1,
2026-03-18,B2B,생활용품,기존,,6,
2026-03-18,B2B,뷰티,신규,,0,
2026-03-18,B2B,뷰티,기존,,3,
2026-03-18,B2B,가전,신규,,2,
2026-03-18,B2B,가전,기존,,17,
2026-03-19,온라인,식품,신규,,4,800
2026-03-19,온라인,식품,기존,,14,2800
2026-03-19,온라인,생활용품,신규,,4,800
2026-03-19,온라인,생활용품,기존,,11,2200
2026-03-19,온라인,뷰티,신규,,3,600
2026-03-19,온라인,뷰티,기존,,9,1800
2026-03-19,온라인,가전,신규,,3,600
2026-03-19,온라인,가전,기존,,11,2200
2026-03-19,오프라인,식품,신규,수도권,2,
2026-03-19,오프라인,식품,신규,영남,1,
2026-03-19,오프라인,식품,신규,호남,0,
2026-03-19,오프라인,식품,신규,충청,0,
2026-03-19,오프라인,식품,기존,수도권,7,
2026-03-19,오프라인,식품,기존,영남,4,
2026-03-19,오프라인,식품,기존,호남,2,
2026-03-19,오프라인,식품,기존,충청,1,
2026-03-19,오프라인,생활용품,신규,수도권,1,
2026-03-19,오프라인,생활용품,신규,영남,1,
2026-03-19,오프라인,생활용품,신규,호남,0,
2026-03-19,오프라인,생활용품,신규,충청,0,
2026-03-19,오프라인,생활용품,기존,수도권,5,
2026-03-19,오프라인,생활용품,기존,영남,3,
2026-03-19,오프라인,생활용품,기존,호남,1,
2026-03-19,오프라인,생활용품,기존,충청,1,
2026-03-19,오프라인,뷰티,신규,수도권,1,
2026-03-19,오프라인,뷰티,신규,영남,0,
2026-03-19,오프라인,뷰티,신규,호남,0,
2026-03-19,오프라인,뷰티,신규,충청,0,
2026-03-19,오프라인,뷰티,기존,수도권,4,
2026-03-19,오프라인,뷰티,기존,영남,2,
2026-03-19,오프라인,뷰티,기존,호남,1,
2026-03-19,오프라인,뷰티,기존,충청,0,
2026-03-19,오프라인,가전,신규,수도권,1,
2026-03-19,오프라인,가전,신규,영남,0,
2026-03-19,오프라인,가전,신규,호남,0,
2026-03-19,오프라인,가전,신규,충청,0,
2026-03-19,오프라인,가전,기존,수도권,3,
2026-03-19,오프라인,가전,기존,영남,2,
2026-03-19,오프라인,가전,기존,호남,1,
2026-03-19,오프라인,가전,기존,충청,1,
2026-03-19,B2B,식품,신규,,1,
2026-03-19,B2B,식품,기존,,9,
2026-03-19,B2B,생활용품,신규,,1,
2026-03-19,B2B,생활용품,기존,,7,
2026-03-19,B2B,뷰티,신규,,0,
2026-03-19,B2B,뷰티,기존,,3,
2026-03-19,B2B,가전,신규,,2,
2026-03-19,B2B,가전,기존,,13,
2026-03-20,온라인,식품,신규,,5,1000
2026-03-20,온라인,식품,기존,,15,3000
2026-03-20,온라인,생활용품,신규,,3,600
2026-03-20,온라인,생활용품,기존,,11,2200
2026-03-20,온라인,뷰티,신규,,3,600
2026-03-20,온라인,뷰티,기존,,9,1800
2026-03-20,온라인,가전,신규,,4,800
2026-03-20,온라인,가전,기존,,11,2200
2026-03-20,오프라인,식품,신규,수도권,2,
2026-03-20,오프라인,식품,신규,영남,1,
2026-03-20,오프라인,식품,신규,호남,0,
2026-03-20,오프라인,식품,신규,충청,0,
2026-03-20,오프라인,식품,기존,수도권,8,
2026-03-20,오프라인,식품,기존,영남,5,
2026-03-20,오프라인,식품,기존,호남,2,
2026-03-20,오프라인,식품,기존,충청,1,
2026-03-20,오프라인,생활용품,신규,수도권,1,
2026-03-20,오프라인,생활용품,신규,영남,0,
2026-03-20,오프라인,생활용품,신규,호남,0,
2026-03-20,오프라인,생활용품,신규,충청,0,
2026-03-20,오프라인,생활용품,기존,수도권,5,
2026-03-20,오프라인,생활용품,기존,영남,2,
2026-03-20,오프라인,생활용품,기존,호남,1,
2026-03-20,오프라인,생활용품,기존,충청,1,
2026-03-20,오프라인,뷰티,신규,수도권,1,
2026-03-20,오프라인,뷰티,신규,영남,0,
2026-03-20,오프라인,뷰티,신규,호남,0,
2026-03-20,오프라인,뷰티,신규,충청,0,
2026-03-20,오프라인,뷰티,기존,수도권,3,
2026-03-20,오프라인,뷰티,기존,영남,2,
2026-03-20,오프라인,뷰티,기존,호남,1,
2026-03-20,오프라인,뷰티,기존,충청,0,
2026-03-20,오프라인,가전,신규,수도권,1,
2026-03-20,오프라인,가전,신규,영남,0,
2026-03-20,오프라인,가전,신규,호남,0,
2026-03-20,오프라인,가전,신규,충청,0,
2026-03-20,오프라인,가전,기존,수도권,3,
2026-03-20,오프라인,가전,기존,영남,2,
2026-03-20,오프라인,가전,기존,호남,1,
2026-03-20,오프라인,가전,기존,충청,1,
2026-03-20,B2B,식품,신규,,1,
2026-03-20,B2B,식품,기존,,9,
2026-03-20,B2B,생활용품,신규,,1,
2026-03-20,B2B,생활용품,기존,,8,
2026-03-20,B2B,뷰티,신규,,0,
2026-03-20,B2B,뷰티,기존,,2,
2026-03-20,B2B,가전,신규,,2,
2026-03-20,B2B,가전,기존,,16,
2026-03-21,온라인,식품,신규,,5,1000
2026-03-21,온라인,식품,기존,,15,3000
2026-03-21,온라인,생활용품,신규,,3,600
2026-03-21,온라인,생활용품,기존,,10,2000
2026-03-21,온라인,뷰티,신규,,4,800
2026-03-21,온라인,뷰티,기존,,10,2000
2026-03-21,온라인,가전,신규,,4,800
2026-03-21,온라인,가전,기존,,12,2400
2026-03-21,오프라인,식품,신규,수도권,2,
2026-03-21,오프라인,식품,신규,영남,1,
2026-03-21,오프라인,식품,신규,호남,0,
2026-03-21,오프라인,식품,신규,충청,0,
2026-03-21,오프라인,식품,기존,수도권,12,
2026-03-21,오프라인,식품,기존,영남,6,
2026-03-21,오프라인,식품,기존,호남,2,
2026-03-21,오프라인,식품,기존,충청,2,
2026-03-21,오프라인,생활용품,신규,수도권,1,
2026-03-21,오프라인,생활용품,신규,영남,1,
2026-03-21,오프라인,생활용품,신규,호남,0,
2026-03-21,오프라인,생활용품,신규,충청,0,
2026-03-21,오프라인,생활용품,기존,수도권,6,
2026-03-21,오프라인,생활용품,기존,영남,4,
2026-03-21,오프라인,생활용품,기존,호남,2,
2026-03-21,오프라인,생활용품,기존,충청,1,
2026-03-21,오프라인,뷰티,신규,수도권,1,
2026-03-21,오프라인,뷰티,신규,영남,0,
2026-03-21,오프라인,뷰티,신규,호남,0,
2026-03-21,오프라인,뷰티,신규,충청,0,
2026-03-21,오프라인,뷰티,기존,수도권,4,
2026-03-21,오프라인,뷰티,기존,영남,2,
2026-03-21,오프라인,뷰티,기존,호남,1,
2026-03-21,오프라인,뷰티,기존,충청,1,
2026-03-21,오프라인,가전,신규,수도권,1,
2026-03-21,오프라인,가전,신규,영남,0,
2026-03-21,오프라인,가전,신규,호남,0,
2026-03-21,오프라인,가전,신규,충청,0,
2026-03-21,오프라인,가전,기존,수도권,4,
2026-03-21,오프라인,가전,기존,영남,2,
2026-03-21,오프라인,가전,기존,호남,1,
2026-03-21,오프라인,가전,기존,충청,1,
2026-03-21,B2B,식품,신규,,0,
2026-03-21,B2B,식품,기존,,0,
2026-03-21,B2B,생활용품,신규,,0,
2026-03-21,B2B,생활용품,기존,,0,
2026-03-21,B2B,뷰티,신규,,0,
2026-03-21,B2B,뷰티,기존,,0,
2026-03-21,B2B,가전,신규,,0,
2026-03-21,B2B,가전,기존,,1,
2026-03-22,온라인,식품,신규,,4,800
2026-03-22,온라인,식품,기존,,13,2600
2026-03-22,온라인,생활용품,신규,,5,1000
2026-03-22,온라인,생활용품,기존,,13,2600
2026-03-22,온라인,뷰티,신규,,4,800
2026-03-22,온라인,뷰티,기존,,8,1600
2026-03-22,온라인,가전,신규,,4,800
2026-03-22,온라인,가전,기존,,13,2600
2026-03-22,오프라인,식품,신규,수도권,2,
2026-03-22,오프라인,식품,신규,영남,1,
2026-03-22,오프라인,식품,신규,호남,0,
2026-03-22,오프라인,식품,신규,충청,0,
2026-03-22,오프라인,식품,기존,수도권,12,
2026-03-22,오프라인,식품,기존,영남,6,
2026-03-22,오프라인,식품,기존,호남,3,
2026-03-22,오프라인,식품,기존,충청,2,
2026-03-22,오프라인,생활용품,신규,수도권,1,
2026-03-22,오프라인,생활용품,신규,영남,1,
2026-03-22,오프라인,생활용품,신규,호남,0,
2026-03-22,오프라인,생활용품,신규,충청,0,
2026-03-22,오프라인,생활용품,기존,수도권,6,
2026-03-22,오프라인,생활용품,기존,영남,3,
2026-03-22,오프라인,생활용품,기존,호남,1,
2026-03-22,오프라인,생활용품,기존,충청,1,
2026-03-22,오프라인,뷰티,신규,수도권,1,
2026-03-22,오프라인,뷰티,신규,영남,0,
2026-03-22,오프라인,뷰티,신규,호남,0,
2026-03-22,오프라인,뷰티,신규,충청,0,
2026-03-22,오프라인,뷰티,기존,수도권,3,
2026-03-22,오프라인,뷰티,기존,영남,3,
2026-03-22,오프라인,뷰티,기존,호남,1,
2026-03-22,오프라인,뷰티,기존,충청,1,
2026-03-22,오프라인,가전,신규,수도권,1,
2026-03-22,오프라인,가전,신규,영남,0,
2026-03-22,오프라인,가전,신규,호남,0,
2026-03-22,오프라인,가전,신규,충청,0,
2026-03-22,오프라인,가전,기존,수도권,4,
2026-03-22,오프라인,가전,기존,영남,2,
2026-03-22,오프라인,가전,기존,호남,1,
2026-03-22,오프라인,가전,기존,충청,1,
2026-03-22,B2B,식품,신규,,0,
2026-03-22,B2B,식품,기존,,0,
2026-03-22,B2B,생활용품,신규,,0,
2026-03-22,B2B,생활용품,기존,,0,
2026-03-22,B2B,뷰티,신규,,0,
2026-03-22,B2B,뷰티,기존,,0,
2026-03-22,B2B,가전,신규,,0,
2026-03-22,B2B,가전,기존,,0,
2026-03-23,온라인,식품,신규,,4,800
2026-03-23,온라인,식품,기존,,14,2800
2026-03-23,온라인,생활용품,신규,,3,600
2026-03-23,온라인,생활용품,기존,,10,2000
2026-03-23,온라인,뷰티,신규,,2,400
2026-03-23,온라인,뷰티,기존,,9,1800
2026-03-23,온라인,가전,신규,,4,800
2026-03-23,온라인,가전,기존,,11,2200
2026-03-23,오프라인,식품,신규,수도권,2,
2026-03-23,오프라인,식품,신규,영남,1,
2026-03-23,오프라인,식품,신규,호남,0,
2026-03-23,오프라인,식품,신규,충청,0,
2026-03-23,오프라인,식품,기존,수도권,7,
2026-03-23,오프라인,식품,기존,영남,5,
2026-03-23,오프라인,식품,기존,호남,2,
2026-03-23,오프라인,식품,기존,충청,1,
2026-03-23,오프라인,생활용품,신규,수도권,1,
2026-03-23,오프라인,생활용품,신규,영남,0,
2026-03-23,오프라인,생활용품,신규,호남,0,
2026-03-23,오프라인,생활용품,신규,충청,0,
2026-03-23,오프라인,생활용품,기존,수도권,5,
2026-03-23,오프라인,생활용품,기존,영남,2,
2026-03-23,오프라인,생활용품,기존,호남,1,
2026-03-23,오프라인,생활용품,기존,충청,1,
2026-03-23,오프라인,뷰티,신규,수도권,1,
2026-03-23,오프라인,뷰티,신규,영남,0,
2026-03-23,오프라인,뷰티,신규,호남,0,
2026-03-23,오프라인,뷰티,신규,충청,0,
2026-03-23,오프라인,뷰티,기존,수도권,3,
2026-03-23,오프라인,뷰티,기존,영남,2,
2026-03-23,오프라인,뷰티,기존,호남,1,
2026-03-23,오프라인,뷰티,기존,충청,0,
2026-03-23,오프라인,가전,신규,수도권,1,
2026-03-23,오프라인,가전,신규,영남,0,
2026-03-23,오프라인,가전,신규,호남,0,
2026-03-23,오프라인,가전,신규,충청,0,
2026-03-23,오프라인,가전,기존,수도권,4,
2026-03-23,오프라인,가전,기존,영남,2,
2026-03-23,오프라인,가전,기존,호남,1,
2026-03-23,오프라인,가전,기존,충청,1,
2026-03-23,B2B,식품,신규,,1,
2026-03-23,B2B,식품,기존,,8,
2026-03-23,B2B,생활용품,신규,,1,
2026-03-23,B2B,생활용품,기존,,7,
2026-03-23,B2B,뷰티,신규,,0,
2026-03-23,B2B,뷰티,기존,,3,
2026-03-23,B2B,가전,신규,,2,
2026-03-23,B2B,가전,기존,,16,
2026-03-24,온라인,식품,신규,,5,1000
2026-03-24,온라인,식품,기존,,12,2400
2026-03-24,온라인,생활용품,신규,,4,800
2026-03-24,온라인,생활용품,기존,,10,2000
2026-03-24,온라인,뷰티,신규,,3,600
2026-03-24,온라인,뷰티,기존,,9,1800
2026-03-24,온라인,가전,신규,,4,800
2026-03-24,온라인,가전,기존,,11,2200
2026-03-24,오프라인,식품,신규,수도권,1,
2026-03-24,오프라인,식품,신규,영남,1,
2026-03-24,오프라인,식품,신규,호남,0,
2026-03-24,오프라인,식품,신규,충청,0,
2026-03-24,오프라인,식품,기존,수도권,8,
2026-03-24,오프라인,식품,기존,영남,4,
2026-03-24,오프라인,식품,기존,호남,2,
2026-03-24,오프라인,식품,기존,충청,1,
2026-03-24,오프라인,생활용품,신규,수도권,1,
2026-03-24,오프라인,생활용품,신규,영남,1,
2026-03-24,오프라인,생활용품,신규,호남,0,
2026-03-24,오프라인,생활용품,신규,충청,0,
2026-03-24,오프라인,생활용품,기존,수도권,6,
2026-03-24,오프라인,생활용품,기존,영남,2,
2026-03-24,오프라인,생활용품,기존,호남,1,
2026-03-24,오프라인,생활용품,기존,충청,1,
2026-03-24,오프라인,뷰티,신규,수도권,0,
2026-03-24,오프라인,뷰티,신규,영남,0,
2026-03-24,오프라인,뷰티,신규,호남,0,
2026-03-24,오프라인,뷰티,신규,충청,0,
2026-03-24,오프라인,뷰티,기존,수도권,3,
2026-03-24,오프라인,뷰티,기존,영남,2,
2026-03-24,오프라인,뷰티,기존,호남,1,
2026-03-24,오프라인,뷰티,기존,충청,0,
2026-03-24,오프라인,가전,신규,수도권,1,
2026-03-24,오프라인,가전,신규,영남,0,
2026-03-24,오프라인,가전,신규,호남,0,
2026-03-24,오프라인,가전,신규,충청,0,
2026-03-24,오프라인,가전,기존,수도권,4,
2026-03-24,오프라인,가전,기존,영남,2,
2026-03-24,오프라인,가전,기존,호남,1,
2026-03-24,오프라인,가전,기존,충청,1,
2026-03-24,B2B,식품,신규,,1,
2026-03-24,B2B,식품,기존,,9,
2026-03-24,B2B,생활용품,신규,,1,
2026-03-24,B2B,생활용품,기존,,7,
2026-03-24,B2B,뷰티,신규,,0,
2026-03-24,B2B,뷰티,기존,,3,
2026-03-24,B2B,가전,신규,,2,
2026-03-24,B2B,가전,기존,,15,
2026-03-25,온라인,식품,신규,,5,1000
2026-03-25,온라인,식품,기존,,13,2600
2026-03-25,온라인,생활용품,신규,,4,800
2026-03-25,온라인,생활용품,기존,,12,2400
2026-03-25,온라인,뷰티,신규,,3,600
2026-03-25,온라인,뷰티,기존,,9,1800
2026-03-25,온라인,가전,신규,,4,800
2026-03-25,온라인,가전,기존,,9,1800
2026-03-25,오프라인,식품,신규,수도권,2,
2026-03-25,오프라인,식품,신규,영남,1,
2026-03-25,오프라인,식품,신규,호남,0,
2026-03-25,오프라인,식품,신규,충청,0,
2026-03-25,오프라인,식품,기존,수도권,8,
2026-03-25,오프라인,식품,기존,영남,4,
2026-03-25,오프라인,식품,기존,호남,2,
2026-03-25,오프라인,식품,기존,충청,1,
2026-03-25,오프라인,생활용품,신규,수도권,1,
2026-03-25,오프라인,생활용품,신규,영남,1,
2026-03-25,오프라인,생활용품,신규,호남,0,
2026-03-25,오프라인,생활용품,신규,충청,0,
2026-03-25,오프라인,생활용품,기존,수도권,4,
2026-03-25,오프라인,생활용품,기존,영남,3,
2026-03-25,오프라인,생활용품,기존,호남,1,
2026-03-25,오프라인,생활용품,기존,충청,1,
2026-03-25,오프라인,뷰티,신규,수도권,1,
2026-03-25,오프라인,뷰티,신규,영남,0,
2026-03-25,오프라인,뷰티,신규,호남,0,
2026-03-25,오프라인,뷰티,신규,충청,0,
2026-03-25,오프라인,뷰티,기존,수도권,3,
2026-03-25,오프라인,뷰티,기존,영남,2,
2026-03-25,오프라인,뷰티,기존,호남,1,
2026-03-25,오프라인,뷰티,기존,충청,0,
2026-03-25,오프라인,가전,신규,수도권,1,
2026-03-25,오프라인,가전,신규,영남,0,
2026-03-25,오프라인,가전,신규,호남,0,
2026-03-25,오프라인,가전,신규,충청,0,
2026-03-25,오프라인,가전,기존,수도권,3,
2026-03-25,오프라인,가전,기존,영남,2,
2026-03-25,오프라인,가전,기존,호남,1,
2026-03-25,오프라인,가전,기존,충청,0,
2026-03-25,B2B,식품,신규,,1,
2026-03-25,B2B,식품,기존,,11,
2026-03-25,B2B,생활용품,신규,,1,
2026-03-25,B2B,생활용품,기존,,7,
2026-03-25,B2B,뷰티,신규,,0,
2026-03-25,B2B,뷰티,기존,,3,
2026-03-25,B2B,가전,신규,,2,
2026-03-25,B2B,가전,기존,,15,
2026-03-26,온라인,식품,신규,,5,1000
2026-03-26,온라인,식품,기존,,12,2400
2026-03-26,온라인,생활용품,신규,,3,600
2026-03-26,온라인,생활용품,기존,,13,2600
2026-03-26,온라인,뷰티,신규,,3,600
2026-03-26,온라인,뷰티,기존,,8,1600
2026-03-26,온라인,가전,신규,,4,800
2026-03-26,온라인,가전,기존,,11,2200
2026-03-26,오프라인,식품,신규,수도권,2,
2026-03-26,오프라인,식품,신규,영남,1,
2026-03-26,오프라인,식품,신규,호남,0,
2026-03-26,오프라인,식품,신규,충청,0,
2026-03-26,오프라인,식품,기존,수도권,9,
2026-03-26,오프라인,식품,기존,영남,5,
2026-03-26,오프라인,식품,기존,호남,2,
2026-03-26,오프라인,식품,기존,충청,1,
2026-03-26,오프라인,생활용품,신규,수도권,1,
2026-03-26,오프라인,생활용품,신규,영남,0,
2026-03-26,오프라인,생활용품,신규,호남,0,
2026-03-26,오프라인,생활용품,신규,충청,0,
2026-03-26,오프라인,생활용품,기존,수도권,5,
2026-03-26,오프라인,생활용품,기존,영남,3,
2026-03-26,오프라인,생활용품,기존,호남,1,
2026-03-26,오프라인,생활용품,기존,충청,1,
2026-03-26,오프라인,뷰티,신규,수도권,1,
2026-03-26,오프라인,뷰티,신규,영남,0,
2026-03-26,오프라인,뷰티,신규,호남,0,
2026-03-26,오프라인,뷰티,신규,충청,0,
2026-03-26,오프라인,뷰티,기존,수도권,2,
2026-03-26,오프라인,뷰티,기존,영남,2,
2026-03-26,오프라인,뷰티,기존,호남,1,
2026-03-26,오프라인,뷰티,기존,충청,0,
2026-03-26,오프라인,가전,신규,수도권,1,
2026-03-26,오프라인,가전,신규,영남,0,
2026-03-26,오프라인,가전,신규,호남,0,
2026-03-26,오프라인,가전,신규,충청,0,
2026-03-26,오프라인,가전,기존,수도권,4,
2026-03-26,오프라인,가전,기존,영남,2,
2026-03-26,오프라인,가전,기존,호남,1,
2026-03-26,오프라인,가전,기존,충청,0,
2026-03-26,B2B,식품,신규,,1,
2026-03-26,B2B,식품,기존,,9,
2026-03-26,B2B,생활용품,신규,,1,
2026-03-26,B2B,생활용품,기존,,8,
2026-03-26,B2B,뷰티,신규,,0,
2026-03-26,B2B,뷰티,기존,,3,
2026-03-26,B2B,가전,신규,,2,
2026-03-26,B2B,가전,기존,,15,
2026-03-27,온라인,식품,신규,,4,800
2026-03-27,온라인,식품,기존,,15,3000
2026-03-27,온라인,생활용품,신규,,4,800
2026-03-27,온라인,생활용품,기존,,12,2400
2026-03-27,온라인,뷰티,신규,,3,600
2026-03-27,온라인,뷰티,기존,,8,1600
2026-03-27,온라인,가전,신규,,4,800
2026-03-27,온라인,가전,기존,,9,1800
2026-03-27,오프라인,식품,신규,수도권,2,
2026-03-27,오프라인,식품,신규,영남,1,
2026-03-27,오프라인,식품,신규,호남,0,
2026-03-27,오프라인,식품,신규,충청,0,
2026-03-27,오프라인,식품,기존,수도권,8,
2026-03-27,오프라인,식품,기존,영남,5,
2026-03-27,오프라인,식품,기존,호남,2,
2026-03-27,오프라인,식품,기존,충청,1,
2026-03-27,오프라인,생활용품,신규,수도권,1,
2026-03-27,오프라인,생활용품,신규,영남,1,
2026-03-27,오프라인,생활용품,신규,호남,0,
2026-03-27,오프라인,생활용품,신규,충청,0,
2026-03-27,오프라인,생활용품,기존,수도권,5,
2026-03-27,오프라인,생활용품,기존,영남,3,
2026-03-27,오프라인,생활용품,기존,호남,1,
2026-03-27,오프라인,생활용품,기존,충청,1,
2026-03-27,오프라인,뷰티,신규,수도권,1,
2026-03-27,오프라인,뷰티,신규,영남,0,
2026-03-27,오프라인,뷰티,신규,호남,0,
2026-03-27,오프라인,뷰티,신규,충청,0,
2026-03-27,오프라인,뷰티,기존,수도권,3,
2026-03-27,오프라인,뷰티,기존,영남,2,
2026-03-27,오프라인,뷰티,기존,호남,1,
2026-03-27,오프라인,뷰티,기존,충청,0,
2026-03-27,오프라인,가전,신규,수도권,1,
2026-03-27,오프라인,가전,신규,영남,0,
2026-03-27,오프라인,가전,신규,호남,0,
2026-03-27,오프라인,가전,신규,충청,0,
2026-03-27,오프라인,가전,기존,수도권,3,
2026-03-27,오프라인,가전,기존,영남,2,
2026-03-27,오프라인,가전,기존,호남,1,
2026-03-27,오프라인,가전,기존,충청,1,
2026-03-27,B2B,식품,신규,,1,
2026-03-27,B2B,식품,기존,,10,
2026-03-27,B2B,생활용품,신규,,1,
2026-03-27,B2B,생활용품,기존,,6,
2026-03-27,B2B,뷰티,신규,,0,
2026-03-27,B2B,뷰티,기존,,3,
2026-03-27,B2B,가전,신규,,2,
2026-03-27,B2B,가전,기존,,13,
2026-03-28,온라인,식품,신규,,4,800
2026-03-28,온라인,식품,기존,,17,3400
2026-03-28,온라인,생활용품,신규,,4,800
2026-03-28,온라인,생활용품,기존,,11,2200
2026-03-28,온라인,뷰티,신규,,4,800
2026-03-28,온라인,뷰티,기존,,10,2000
2026-03-28,온라인,가전,신규,,4,800
2026-03-28,온라인,가전,기존,,12,2400
2026-03-28,오프라인,식품,신규,수도권,2,
2026-03-28,오프라인,식품,신규,영남,1,
2026-03-28,오프라인,식품,신규,호남,0,
2026-03-28,오프라인,식품,신규,충청,0,
2026-03-28,오프라인,식품,기존,수도권,10,
2026-03-28,오프라인,식품,기존,영남,6,
2026-03-28,오프라인,식품,기존,호남,3,
2026-03-28,오프라인,식품,기존,충청,2,
2026-03-28,오프라인,생활용품,신규,수도권,1,
2026-03-28,오프라인,생활용품,신규,영남,1,
2026-03-28,오프라인,생활용품,신규,호남,0,
2026-03-28,오프라인,생활용품,신규,충청,0,
2026-03-28,오프라인,생활용품,기존,수도권,7,
2026-03-28,오프라인,생활용품,기존,영남,5,
2026-03-28,오프라인,생활용품,기존,호남,1,
2026-03-28,오프라인,생활용품,기존,충청,1,
2026-03-28,오프라인,뷰티,신규,수도권,1,
2026-03-28,오프라인,뷰티,신규,영남,0,
2026-03-28,오프라인,뷰티,신규,호남,0,
2026-03-28,오프라인,뷰티,신규,충청,0,
2026-03-28,오프라인,뷰티,기존,수도권,4,
2026-03-28,오프라인,뷰티,기존,영남,2,
2026-03-28,오프라인,뷰티,기존,호남,1,
2026-03-28,오프라인,뷰티,기존,충청,1,
2026-03-28,오프라인,가전,신규,수도권,1,
2026-03-28,오프라인,가전,신규,영남,0,
2026-03-28,오프라인,가전,신규,호남,0,
2026-03-28,오프라인,가전,신규,충청,0,
2026-03-28,오프라인,가전,기존,수도권,5,
2026-03-28,오프라인,가전,기존,영남,2,
2026-03-28,오프라인,가전,기존,호남,1,
2026-03-28,오프라인,가전,기존,충청,1,
2026-03-28,B2B,식품,신규,,0,
2026-03-28,B2B,식품,기존,,0,
2026-03-28,B2B,생활용품,신규,,0,
2026-03-28,B2B,생활용품,기존,,0,
2026-03-28,B2B,뷰티,신규,,0,
2026-03-28,B2B,뷰티,기존,,0,
2026-03-28,B2B,가전,신규,,0,
2026-03-28,B2B,가전,기존,,1,
2026-03-29,온라인,식품,신규,,5,1000
2026-03-29,온라인,식품,기존,,14,2800
2026-03-29,온라인,생활용품,신규,,3,600
2026-03-29,온라인,생활용품,기존,,13,2600
2026-03-29,온라인,뷰티,신규,,4,800
2026-03-29,온라인,뷰티,기존,,11,2200
2026-03-29,온라인,가전,신규,,3,600
2026-03-29,온라인,가전,기존,,12,2400
2026-03-29,오프라인,식품,신규,수도권,2,
2026-03-29,오프라인,식품,신규,영남,1,
2026-03-29,오프라인,식품,신규,호남,0,
2026-03-29,오프라인,식품,신규,충청,0,
2026-03-29,오프라인,식품,기존,수도권,10,
2026-03-29,오프라인,식품,기존,영남,6,
2026-03-29,오프라인,식품,기존,호남,3,
2026-03-29,오프라인,식품,기존,충청,2,
2026-03-29,오프라인,생활용품,신규,수도권,1,
2026-03-29,오프라인,생활용품,신규,영남,1,
2026-03-29,오프라인,생활용품,신규,호남,0,
2026-03-29,오프라인,생활용품,신규,충청,0,
2026-03-29,오프라인,생활용품,기존,수도권,7,
2026-03-29,오프라인,생활용품,기존,영남,4,
2026-03-29,오프라인,생활용품,기존,호남,1,
2026-03-29,오프라인,생활용품,기존,충청,1,
2026-03-29,오프라인,뷰티,신규,수도권,1,
2026-03-29,오프라인,뷰티,신규,영남,0,
2026-03-29,오프라인,뷰티,신규,호남,0,
2026-03-29,오프라인,뷰티,신규,충청,0,
2026-03-29,오프라인,뷰티,기존,수도권,4,
2026-03-29,오프라인,뷰티,기존,영남,2,
2026-03-29,오프라인,뷰티,기존,호남,1,
2026-03-29,오프라인,뷰티,기존,충청,1,
2026-03-29,오프라인,가전,신규,수도권,1,
2026-03-29,오프라인,가전,신규,영남,0,
2026-03-29,오프라인,가전,신규,호남,0,
2026-03-29,오프라인,가전,신규,충청,0,
2026-03-29,오프라인,가전,기존,수도권,5,
2026-03-29,오프라인,가전,기존,영남,2,
2026-03-29,오프라인,가전,기존,호남,1,
2026-03-29,오프라인,가전,기존,충청,1,
2026-03-29,B2B,식품,신규,,0,
2026-03-29,B2B,식품,기존,,0,
2026-03-29,B2B,생활용품,신규,,0,
2026-03-29,B2B,생활용품,기존,,0,
2026-03-29,B2B,뷰티,신규,,0,
2026-03-29,B2B,뷰티,기존,,0,
2026-03-29,B2B,가전,신규,,0,
2026-03-29,B2B,가전,기존,,0,
2026-03-30,온라인,식품,신규,,4,800
2026-03-30,온라인,식품,기존,,14,2800
2026-03-30,온라인,생활용품,신규,,4,800
2026-03-30,온라인,생활용품,기존,,10,2000
2026-03-30,온라인,뷰티,신규,,3,600
2026-03-30,온라인,뷰티,기존,,8,1600
2026-03-30,온라인,가전,신규,,4,800
2026-03-30,온라인,가전,기존,,11,2200
2026-03-30,오프라인,식품,신규,수도권,1,
2026-03-30,오프라인,식품,신규,영남,1,
2026-03-30,오프라인,식품,신규,호남,0,
2026-03-30,오프라인,식품,신규,충청,0,
2026-03-30,오프라인,식품,기존,수도권,9,
2026-03-30,오프라인,식품,기존,영남,4,
2026-03-30,오프라인,식품,기존,호남,2,
2026-03-30,오프라인,식품,기존,충청,1,
2026-03-30,오프라인,생활용품,신규,수도권,1,
2026-03-30,오프라인,생활용품,신규,영남,1,
2026-03-30,오프라인,생활용품,신규,호남,0,
2026-03-30,오프라인,생활용품,신규,충청,0,
2026-03-30,오프라인,생활용품,기존,수도권,6,
2026-03-30,오프라인,생활용품,기존,영남,3,
2026-03-30,오프라인,생활용품,기존,호남,1,
2026-03-30,오프라인,생활용품,기존,충청,1,
2026-03-30,오프라인,뷰티,신규,수도권,1,
2026-03-30,오프라인,뷰티,신규,영남,0,
2026-03-30,오프라인,뷰티,신규,호남,0,
2026-03-30,오프라인,뷰티,신규,충청,0,
2026-03-30,오프라인,뷰티,기존,수도권,3,
2026-03-30,오프라인,뷰티,기존,영남,2,
2026-03-30,오프라인,뷰티,기존,호남,1,
2026-03-30,오프라인,뷰티,기존,충청,0,
2026-03-30,오프라인,가전,신규,수도권,1,
2026-03-30,오프라인,가전,신규,영남,0,
2026-03-30,오프라인,가전,신규,호남,0,
2026-03-30,오프라인,가전,신규,충청,0,
2026-03-30,오프라인,가전,기존,수도권,3,
2026-03-30,오프라인,가전,기존,영남,2,
2026-03-30,오프라인,가전,기존,호남,1,
2026-03-30,오프라인,가전,기존,충청,1,
2026-03-30,B2B,식품,신규,,1,
2026-03-30,B2B,식품,기존,,8,
2026-03-30,B2B,생활용품,신규,,1,
2026-03-30,B2B,생활용품,기존,,6,
2026-03-30,B2B,뷰티,신규,,0,
2026-03-30,B2B,뷰티,기존,,3,
2026-03-30,B2B,가전,신규,,2,
2026-03-30,B2B,가전,기존,,15,
2026-03-31,온라인,식품,신규,,4,800
2026-03-31,온라인,식품,기존,,13,2600
2026-03-31,온라인,생활용품,신규,,4,800
2026-03-31,온라인,생활용품,기존,,10,2000
2026-03-31,온라인,뷰티,신규,,3,600
2026-03-31,온라인,뷰티,기존,,9,1800
2026-03-31,온라인,가전,신규,,3,600
2026-03-31,온라인,가전,기존,,9,1800
2026-03-31,오프라인,식품,신규,수도권,1,
2026-03-31,오프라인,식품,신규,영남,1,
2026-03-31,오프라인,식품,신규,호남,0,
2026-03-31,오프라인,식품,신규,충청,0,
2026-03-31,오프라인,식품,기존,수도권,8,
2026-03-31,오프라인,식품,기존,영남,5,
2026-03-31,오프라인,식품,기존,호남,2,
2026-03-31,오프라인,식품,기존,충청,1,
2026-03-31,오프라인,생활용품,신규,수도권,1,
2026-03-31,오프라인,생활용품,신규,영남,1,
2026-03-31,오프라인,생활용품,신규,호남,0,
2026-03-31,오프라인,생활용품,신규,충청,0,
2026-03-31,오프라인,생활용품,기존,수도권,5,
2026-03-31,오프라인,생활용품,기존,영남,3,
2026-03-31,오프라인,생활용품,기존,호남,1,
2026-03-31,오프라인,생활용품,기존,충청,1,
2026-03-31,오프라인,뷰티,신규,수도권,1,
2026-03-31,오프라인,뷰티,신규,영남,0,
2026-03-31,오프라인,뷰티,신규,호남,0,
2026-03-31,오프라인,뷰티,신규,충청,0,
2026-03-31,오프라인,뷰티,기존,수도권,3,
2026-03-31,오프라인,뷰티,기존,영남,1,
2026-03-31,오프라인,뷰티,기존,호남,1,
2026-03-31,오프라인,뷰티,기존,충청,0,
2026-03-31,오프라인,가전,신규,수도권,1,
2026-03-31,오프라인,가전,신규,영남,0,
2026-03-31,오프라인,가전,신규,호남,0,
2026-03-31,오프라인,가전,신규,충청,0,
2026-03-31,오프라인,가전,기존,수도권,4,
2026-03-31,오프라인,가전,기존,영남,2,
2026-03-31,오프라인,가전,기존,호남,1,
2026-03-31,오프라인,가전,기존,충청,1,
2026-03-31,B2B,식품,신규,,1,
2026-03-31,B2B,식품,기존,,9,
2026-03-31,B2B,생활용품,신규,,1,
2026-03-31,B2B,생활용품,기존,,7,
2026-03-31,B2B,뷰티,신규,,0,
2026-03-31,B2B,뷰티,기존,,3,
2026-03-31,B2B,가전,신규,,2,
2026-03-31,B2B,가전,기존,,14,
2026-04-01,온라인,식품,신규,,4,800
2026-04-01,온라인,식품,기존,,17,3400
2026-04-01,온라인,생활용품,신규,,4,800
2026-04-01,온라인,생활용품,기존,,10,2000
2026-04-01,온라인,뷰티,신규,,2,400
2026-04-01,온라인,뷰티,기존,,11,2200
2026-04-01,온라인,가전,신규,,4,800
2026-04-01,온라인,가전,기존,,10,2000
2026-04-01,오프라인,식품,신규,수도권,2,
2026-04-01,오프라인,식품,신규,영남,1,
2026-04-01,오프라인,식품,신규,호남,0,
2026-04-01,오프라인,식품,신규,충청,0,
2026-04-01,오프라인,식품,기존,수도권,9,
2026-04-01,오프라인,식품,기존,영남,5,
2026-04-01,오프라인,식품,기존,호남,2,
2026-04-01,오프라인,식품,기존,충청,1,
2026-04-01,오프라인,생활용품,신규,수도권,1,
2026-04-01,오프라인,생활용품,신규,영남,0,
2026-04-01,오프라인,생활용품,신규,호남,0,
2026-04-01,오프라인,생활용품,신규,충청,0,
2026-04-01,오프라인,생활용품,기존,수도권,5,
2026-04-01,오프라인,생활용품,기존,영남,3,
2026-04-01,오프라인,생활용품,기존,호남,1,
2026-04-01,오프라인,생활용품,기존,충청,1,
2026-04-01,오프라인,뷰티,신규,수도권,1,
2026-04-01,오프라인,뷰티,신규,영남,0,
2026-04-01,오프라인,뷰티,신규,호남,0,
2026-04-01,오프라인,뷰티,신규,충청,0,
2026-04-01,오프라인,뷰티,기존,수도권,3,
2026-04-01,오프라인,뷰티,기존,영남,2,
2026-04-01,오프라인,뷰티,기존,호남,1,
2026-04-01,오프라인,뷰티,기존,충청,1,
2026-04-01,오프라인,가전,신규,수도권,1,
2026-04-01,오프라인,가전,신규,영남,0,
2026-04-01,오프라인,가전,신규,호남,0,
2026-04-01,오프라인,가전,신규,충청,0,
2026-04-01,오프라인,가전,기존,수도권,3,
2026-04-01,오프라인,가전,기존,영남,2,
2026-04-01,오프라인,가전,기존,호남,1,
2026-04-01,오프라인,가전,기존,충청,1,
2026-04-01,B2B,식품,신규,,1,
2026-04-01,B2B,식품,기존,,10,
2026-04-01,B2B,생활용품,신규,,1,
2026-04-01,B2B,생활용품,기존,,8,
2026-04-01,B2B,뷰티,신규,,0,
2026-04-01,B2B,뷰티,기존,,3,
2026-04-01,B2B,가전,신규,,2,
2026-04-01,B2B,가전,기존,,15,
2026-04-02,온라인,식품,신규,,4,800
2026-04-02,온라인,식품,기존,,14,2800
2026-04-02,온라인,생활용품,신규,,3,600
2026-04-02,온라인,생활용품,기존,,11,2200
2026-04-02,온라인,뷰티,신규,,3,600
2026-04-02,온라인,뷰티,기존,,9,1800
2026-04-02,온라인,가전,신규,,3,600
2026-04-02,온라인,가전,기존,,8,1600
2026-04-02,오프라인,식품,신규,수도권,2,
2026-04-02,오프라인,식품,신규,영남,1,
2026-04-02,오프라인,식품,신규,호남,0,
2026-04-02,오프라인,식품,신규,충청,0,
2026-04-02,오프라인,식품,기존,수도권,9,
2026-04-02,오프라인,식품,기존,영남,4,
2026-04-02,오프라인,식품,기존,호남,2,
2026-04-02,오프라인,식품,기존,충청,2,
2026-04-02,오프라인,생활용품,신규,수도권,1,
2026-04-02,오프라인,생활용품,신규,영남,1,
2026-04-02,오프라인,생활용품,신규,호남,0,
2026-04-02,오프라인,생활용품,신규,충청,0,
2026-04-02,오프라인,생활용품,기존,수도권,5,
2026-04-02,오프라인,생활용품,기존,영남,3,
2026-04-02,오프라인,생활용품,기존,호남,1,
2026-04-02,오프라인,생활용품,기존,충청,1,
2026-04-02,오프라인,뷰티,신규,수도권,1,
2026-04-02,오프라인,뷰티,신규,영남,0,
2026-04-02,오프라인,뷰티,신규,호남,0,
2026-04-02,오프라인,뷰티,신규,충청,0,
2026-04-02,오프라인,뷰티,기존,수도권,3,
2026-04-02,오프라인,뷰티,기존,영남,2,
2026-04-02,오프라인,뷰티,기존,호남,1,
2026-04-02,오프라인,뷰티,기존,충청,0,
2026-04-02,오프라인,가전,신규,수도권,1,
2026-04-02,오프라인,가전,신규,영남,0,
2026-04-02,오프라인,가전,신규,호남,0,
2026-04-02,오프라인,가전,신규,충청,0,
2026-04-02,오프라인,가전,기존,수도권,4,
2026-04-02,오프라인,가전,기존,영남,2,
2026-04-02,오프라인,가전,기존,호남,1,
2026-04-02,오프라인,가전,기존,충청,1,
2026-04-02,B2B,식품,신규,,1,
2026-04-02,B2B,식품,기존,,9,
2026-04-02,B2B,생활용품,신규,,1,
2026-04-02,B2B,생활용품,기존,,8,
2026-04-02,B2B,뷰티,신규,,0,
2026-04-02,B2B,뷰티,기존,,3,
2026-04-02,B2B,가전,신규,,2,
2026-04-02,B2B,가전,기존,,17,
2026-04-03,온라인,식품,신규,,4,800
2026-04-03,온라인,식품,기존,,13,2600
2026-04-03,온라인,생활용품,신규,,3,600
2026-04-03,온라인,생활용품,기존,,13,2600
2026-04-03,온라인,뷰티,신규,,3,600
2026-04-03,온라인,뷰티,기존,,8,1600
2026-04-03,온라인,가전,신규,,4,800
2026-04-03,온라인,가전,기존,,13,2600
2026-04-03,오프라인,식품,신규,수도권,1,
2026-04-03,오프라인,식품,신규,영남,1,
2026-04-03,오프라인,식품,신규,호남,0,
2026-04-03,오프라인,식품,신규,충청,0,
2026-04-03,오프라인,식품,기존,수도권,9,
2026-04-03,오프라인,식품,기존,영남,4,
2026-04-03,오프라인,식품,기존,호남,3,
2026-04-03,오프라인,식품,기존,충청,1,
2026-04-03,오프라인,생활용품,신규,수도권,1,
2026-04-03,오프라인,생활용품,신규,영남,0,
2026-04-03,오프라인,생활용품,신규,호남,0,
2026-04-03,오프라인,생활용품,신규,충청,0,
2026-04-03,오프라인,생활용품,기존,수도권,5,
2026-04-03,오프라인,생활용품,기존,영남,3,
2026-04-03,오프라인,생활용품,기존,호남,1,
2026-04-03,오프라인,생활용품,기존,충청,1,
2026-04-03,오프라인,뷰티,신규,수도권,0,
2026-04-03,오프라인,뷰티,신규,영남,0,
2026-04-03,오프라인,뷰티,신규,호남,0,
2026-04-03,오프라인,뷰티,신규,충청,0,
2026-04-03,오프라인,뷰티,기존,수도권,3,
2026-04-03,오프라인,뷰티,기존,영남,2,
2026-04-03,오프라인,뷰티,기존,호남,1,
2026-04-03,오프라인,뷰티,기존,충청,0,
2026-04-03,오프라인,가전,신규,수도권,1,
2026-04-03,오프라인,가전,신규,영남,0,
2026-04-03,오프라인,가전,신규,호남,0,
2026-04-03,오프라인,가전,신규,충청,0,
2026-04-03,오프라인,가전,기존,수도권,3,
2026-04-03,오프라인,가전,기존,영남,2,
2026-04-03,오프라인,가전,기존,호남,1,
2026-04-03,오프라인,가전,기존,충청,1,
2026-04-03,B2B,식품,신규,,1,
2026-04-03,B2B,식품,기존,,9,
2026-04-03,B2B,생활용품,신규,,1,
2026-04-03,B2B,생활용품,기존,,8,
2026-04-03,B2B,뷰티,신규,,0,
2026-04-03,B2B,뷰티,기존,,3,
2026-04-03,B2B,가전,신규,,2,
2026-04-03,B2B,가전,기존,,23,
2026-04-04,온라인,식품,신규,,6,1200
2026-04-04,온라인,식품,기존,,14,2800
2026-04-04,온라인,생활용품,신규,,5,1000
2026-04-04,온라인,생활용품,기존,,12,2400
2026-04-04,온라인,뷰티,신규,,3,600
2026-04-04,온라인,뷰티,기존,,9,1800
2026-04-04,온라인,가전,신규,,5,1000
2026-04-04,온라인,가전,기존,,11,2200
2026-04-04,오프라인,식품,신규,수도권,2,
2026-04-04,오프라인,식품,신규,영남,1,
2026-04-04,오프라인,식품,신규,호남,0,
2026-04-04,오프라인,식품,신규,충청,0,
2026-04-04,오프라인,식품,기존,수도권,10,
2026-04-04,오프라인,식품,기존,영남,7,
2026-04-04,오프라인,식품,기존,호남,3,
2026-04-04,오프라인,식품,기존,충청,2,
2026-04-04,오프라인,생활용품,신규,수도권,1,
2026-04-04,오프라인,생활용품,신규,영남,1,
2026-04-04,오프라인,생활용품,신규,호남,0,
2026-04-04,오프라인,생활용품,신규,충청,0,
2026-04-04,오프라인,생활용품,기존,수도권,7,
2026-04-04,오프라인,생활용품,기존,영남,4,
2026-04-04,오프라인,생활용품,기존,호남,2,
2026-04-04,오프라인,생활용품,기존,충청,1,
2026-04-04,오프라인,뷰티,신규,수도권,1,
2026-04-04,오프라인,뷰티,신규,영남,0,
2026-04-04,오프라인,뷰티,신규,호남,0,
2026-04-04,오프라인,뷰티,신규,충청,0,
2026-04-04,오프라인,뷰티,기존,수도권,4,
2026-04-04,오프라인,뷰티,기존,영남,2,
2026-04-04,오프라인,뷰티,기존,호남,1,
2026-04-04,오프라인,뷰티,기존,충청,1,
2026-04-04,오프라인,가전,신규,수도권,1,
2026-04-04,오프라인,가전,신규,영남,0,
2026-04-04,오프라인,가전,신규,호남,0,
2026-04-04,오프라인,가전,신규,충청,0,
2026-04-04,오프라인,가전,기존,수도권,4,
2026-04-04,오프라인,가전,기존,영남,3,
2026-04-04,오프라인,가전,기존,호남,1,
2026-04-04,오프라인,가전,기존,충청,1,
2026-04-04,B2B,식품,신규,,0,
2026-04-04,B2B,식품,기존,,0,
2026-04-04,B2B,생활용품,신규,,0,
2026-04-04,B2B,생활용품,기존,,0,
2026-04-04,B2B,뷰티,신규,,0,
2026-04-04,B2B,뷰티,기존,,0,
2026-04-04,B2B,가전,신규,,0,
2026-04-04,B2B,가전,기존,,1,
2026-04-05,온라인,식품,신규,,5,1000
2026-04-05,온라인,식품,기존,,15,3000
2026-04-05,온라인,생활용품,신규,,4,800
2026-04-05,온라인,생활용품,기존,,15,3000
2026-04-05,온라인,뷰티,신규,,4,800
2026-04-05,온라인,뷰티,기존,,10,2000
2026-04-05,온라인,가전,신규,,5,1000
2026-04-05,온라인,가전,기존,,11,2200
2026-04-05,오프라인,식품,신규,수도권,2,
2026-04-05,오프라인,식품,신규,영남,1,
2026-04-05,오프라인,식품,신규,호남,0,
2026-04-05,오프라인,식품,신규,충청,0,
2026-04-05,오프라인,식품,기존,수도권,11,
2026-04-05,오프라인,식품,기존,영남,6,
2026-04-05,오프라인,식품,기존,호남,3,
2026-04-05,오프라인,식품,기존,충청,2,
2026-04-05,오프라인,생활용품,신규,수도권,1,
2026-04-05,오프라인,생활용품,신규,영남,1,
2026-04-05,오프라인,생활용품,신규,호남,0,
2026-04-05,오프라인,생활용품,신규,충청,0,
2026-04-05,오프라인,생활용품,기존,수도권,7,
2026-04-05,오프라인,생활용품,기존,영남,4,
2026-04-05,오프라인,생활용품,기존,호남,2,
2026-04-05,오프라인,생활용품,기존,충청,1,
2026-04-05,오프라인,뷰티,신규,수도권,1,
2026-04-05,오프라인,뷰티,신규,영남,0,
2026-04-05,오프라인,뷰티,신규,호남,0,
2026-04-05,오프라인,뷰티,신규,충청,0,
2026-04-05,오프라인,뷰티,기존,수도권,4,
2026-04-05,오프라인,뷰티,기존,영남,2,
2026-04-05,오프라인,뷰티,기존,호남,1,
2026-04-05,오프라인,뷰티,기존,충청,1,
2026-04-05,오프라인,가전,신규,수도권,1,
2026-04-05,오프라인,가전,신규,영남,0,
2026-04-05,오프라인,가전,신규,호남,0,
2026-04-05,오프라인,가전,신규,충청,0,
2026-04-05,오프라인,가전,기존,수도권,4,
2026-04-05,오프라인,가전,기존,영남,2,
2026-04-05,오프라인,가전,기존,호남,1,
2026-04-05,오프라인,가전,기존,충청,1,
2026-04-05,B2B,식품,신규,,0,
2026-04-05,B2B,식품,기존,,0,
2026-04-05,B2B,생활용품,신규,,0,
2026-04-05,B2B,생활용품,기존,,0,
2026-04-05,B2B,뷰티,신규,,0,
2026-04-05,B2B,뷰티,기존,,0,
2026-04-05,B2B,가전,신규,,0,
2026-04-05,B2B,가전,기존,,0,
2026-04-06,온라인,식품,신규,,5,1000
2026-04-06,온라인,식품,기존,,14,2800
2026-04-06,온라인,생활용품,신규,,5,1000
2026-04-06,온라인,생활용품,기존,,13,2600
2026-04-06,온라인,뷰티,신규,,4,800
2026-04-06,온라인,뷰티,기존,,9,1800
2026-04-06,온라인,가전,신규,,4,800
2026-04-06,온라인,가전,기존,,13,2600
2026-04-06,오프라인,식품,신규,수도권,1,
2026-04-06,오프라인,식품,신규,영남,1,
2026-04-06,오프라인,식품,신규,호남,0,
2026-04-06,오프라인,식품,신규,충청,0,
2026-04-06,오프라인,식품,기존,수도권,9,
2026-04-06,오프라인,식품,기존,영남,5,
2026-04-06,오프라인,식품,기존,호남,2,
2026-04-06,오프라인,식품,기존,충청,1,
2026-04-06,오프라인,생활용품,신규,수도권,1,
2026-04-06,오프라인,생활용품,신규,영남,0,
2026-04-06,오프라인,생활용품,신규,호남,0,
2026-04-06,오프라인,생활용품,신규,충청,0,
2026-04-06,오프라인,생활용품,기존,수도권,5,
2026-04-06,오프라인,생활용품,기존,영남,3,
2026-04-06,오프라인,생활용품,기존,호남,1,
2026-04-06,오프라인,생활용품,기존,충청,1,
2026-04-06,오프라인,뷰티,신규,수도권,1,
2026-04-06,오프라인,뷰티,신규,영남,0,
2026-04-06,오프라인,뷰티,신규,호남,0,
2026-04-06,오프라인,뷰티,신규,충청,0,
2026-04-06,오프라인,뷰티,기존,수도권,4,
2026-04-06,오프라인,뷰티,기존,영남,2,
2026-04-06,오프라인,뷰티,기존,호남,1,
2026-04-06,오프라인,뷰티,기존,충청,0,
2026-04-06,오프라인,가전,신규,수도권,1,
2026-04-06,오프라인,가전,신규,영남,0,
2026-04-06,오프라인,가전,신규,호남,0,
2026-04-06,오프라인,가전,신규,충청,0,
2026-04-06,오프라인,가전,기존,수도권,4,
2026-04-06,오프라인,가전,기존,영남,2,
2026-04-06,오프라인,가전,기존,호남,1,
2026-04-06,오프라인,가전,기존,충청,0,
2026-04-06,B2B,식품,신규,,1,
2026-04-06,B2B,식품,기존,,10,
2026-04-06,B2B,생활용품,신규,,1,
2026-04-06,B2B,생활용품,기존,,8,
2026-04-06,B2B,뷰티,신규,,0,
2026-04-06,B2B,뷰티,기존,,3,
2026-04-06,B2B,가전,신규,,2,
2026-04-06,B2B,가전,기존,,20,
2026-04-07,온라인,식품,신규,,4,800
2026-04-07,온라인,식품,기존,,13,2600
2026-04-07,온라인,생활용품,신규,,4,800
2026-04-07,온라인,생활용품,기존,,10,2000
2026-04-07,온라인,뷰티,신규,,3,600
2026-04-07,온라인,뷰티,기존,,10,2000
2026-04-07,온라인,가전,신규,,3,600
2026-04-07,온라인,가전,기존,,9,1800
2026-04-07,오프라인,식품,신규,수도권,2,
2026-04-07,오프라인,식품,신규,영남,1,
2026-04-07,오프라인,식품,신규,호남,0,
2026-04-07,오프라인,식품,신규,충청,0,
2026-04-07,오프라인,식품,기존,수도권,9,
2026-04-07,오프라인,식품,기존,영남,5,
2026-04-07,오프라인,식품,기존,호남,2,
2026-04-07,오프라인,식품,기존,충청,1,
2026-04-07,오프라인,생활용품,신규,수도권,1,
2026-04-07,오프라인,생활용품,신규,영남,1,
2026-04-07,오프라인,생활용품,신규,호남,0,
2026-04-07,오프라인,생활용품,신규,충청,0,
2026-04-07,오프라인,생활용품,기존,수도권,6,
2026-04-07,오프라인,생활용품,기존,영남,3,
2026-04-07,오프라인,생활용품,기존,호남,1,
2026-04-07,오프라인,생활용품,기존,충청,1,
2026-04-07,오프라인,뷰티,신규,수도권,1,
2026-04-07,오프라인,뷰티,신규,영남,0,
2026-04-07,오프라인,뷰티,신규,호남,0,
2026-04-07,오프라인,뷰티,신규,충청,0,
2026-04-07,오프라인,뷰티,기존,수도권,3,
2026-04-07,오프라인,뷰티,기존,영남,2,
2026-04-07,오프라인,뷰티,기존,호남,1,
2026-04-07,오프라인,뷰티,기존,충청,1,
2026-04-07,오프라인,가전,신규,수도권,1,
2026-04-07,오프라인,가전,신규,영남,0,
2026-04-07,오프라인,가전,신규,호남,0,
2026-04-07,오프라인,가전,신규,충청,0,
2026-04-07,오프라인,가전,기존,수도권,4,
2026-04-07,오프라인,가전,기존,영남,2,
2026-04-07,오프라인,가전,기존,호남,1,
2026-04-07,오프라인,가전,기존,충청,1,
2026-04-07,B2B,식품,신규,,1,
2026-04-07,B2B,식품,기존,,9,
2026-04-07,B2B,생활용품,신규,,1,
2026-04-07,B2B,생활용품,기존,,7,
2026-04-07,B2B,뷰티,신규,,0,
2026-04-07,B2B,뷰티,기존,,3,
2026-04-07,B2B,가전,신규,,2,
2026-04-07,B2B,가전,기존,,18,
2026-04-08,온라인,식품,신규,,5,1000
2026-04-08,온라인,식품,기존,,15,3000
2026-04-08,온라인,생활용품,신규,,4,800
2026-04-08,온라인,생활용품,기존,,10,2000
2026-04-08,온라인,뷰티,신규,,3,600
2026-04-08,온라인,뷰티,기존,,10,2000
2026-04-08,온라인,가전,신규,,4,800
2026-04-08,온라인,가전,기존,,11,2200
2026-04-08,오프라인,식품,신규,수도권,1,
2026-04-08,오프라인,식품,신규,영남,1,
2026-04-08,오프라인,식품,신규,호남,0,
2026-04-08,오프라인,식품,신규,충청,0,
2026-04-08,오프라인,식품,기존,수도권,9,
2026-04-08,오프라인,식품,기존,영남,6,
2026-04-08,오프라인,식품,기존,호남,2,
2026-04-08,오프라인,식품,기존,충청,1,
2026-04-08,오프라인,생활용품,신규,수도권,1,
2026-04-08,오프라인,생활용품,신규,영남,1,
2026-04-08,오프라인,생활용품,신규,호남,0,
2026-04-08,오프라인,생활용품,신규,충청,0,
2026-04-08,오프라인,생활용품,기존,수도권,5,
2026-04-08,오프라인,생활용품,기존,영남,3,
2026-04-08,오프라인,생활용품,기존,호남,2,
2026-04-08,오프라인,생활용품,기존,충청,1,
2026-04-08,오프라인,뷰티,신규,수도권,1,
2026-04-08,오프라인,뷰티,신규,영남,0,
2026-04-08,오프라인,뷰티,신규,호남,0,
2026-04-08,오프라인,뷰티,신규,충청,0,
2026-04-08,오프라인,뷰티,기존,수도권,3,
2026-04-08,오프라인,뷰티,기존,영남,2,
2026-04-08,오프라인,뷰티,기존,호남,1,
2026-04-08,오프라인,뷰티,기존,충청,1,
2026-04-08,오프라인,가전,신규,수도권,1,
2026-04-08,오프라인,가전,신규,영남,0,
2026-04-08,오프라인,가전,신규,호남,0,
2026-04-08,오프라인,가전,신규,충청,0,
2026-04-08,오프라인,가전,기존,수도권,4,
2026-04-08,오프라인,가전,기존,영남,2,
2026-04-08,오프라인,가전,기존,호남,1,
2026-04-08,오프라인,가전,기존,충청,1,
2026-04-08,B2B,식품,신규,,1,
2026-04-08,B2B,식품,기존,,11,
2026-04-08,B2B,생활용품,신규,,1,
2026-04-08,B2B,생활용품,기존,,8,
2026-04-08,B2B,뷰티,신규,,0,
2026-04-08,B2B,뷰티,기존,,2,
2026-04-08,B2B,가전,신규,,2,
2026-04-08,B2B,가전,기존,,19,
2026-04-09,온라인,식품,신규,,4,800
2026-04-09,온라인,식품,기존,,11,2200
2026-04-09,온라인,생활용품,신규,,4,800
2026-04-09,온라인,생활용품,기존,,12,2400
2026-04-09,온라인,뷰티,신규,,3,600
2026-04-09,온라인,뷰티,기존,,11,2200
2026-04-09,온라인,가전,신규,,3,600
2026-04-09,온라인,가전,기존,,11,2200
2026-04-09,오프라인,식품,신규,수도권,2,
2026-04-09,오프라인,식품,신규,영남,1,
2026-04-09,오프라인,식품,신규,호남,0,
2026-04-09,오프라인,식품,신규,충청,0,
2026-04-09,오프라인,식품,기존,수도권,8,
2026-04-09,오프라인,식품,기존,영남,5,
2026-04-09,오프라인,식품,기존,호남,2,
2026-04-09,오프라인,식품,기존,충청,1,
2026-04-09,오프라인,생활용품,신규,수도권,1,
2026-04-09,오프라인,생활용품,신규,영남,0,
2026-04-09,오프라인,생활용품,신규,호남,0,
2026-04-09,오프라인,생활용품,신규,충청,0,
2026-04-09,오프라인,생활용품,기존,수도권,6,
2026-04-09,오프라인,생활용품,기존,영남,3,
2026-04-09,오프라인,생활용품,기존,호남,1,
2026-04-09,오프라인,생활용품,기존,충청,1,
2026-04-09,오프라인,뷰티,신규,수도권,1,
2026-04-09,오프라인,뷰티,신규,영남,0,
2026-04-09,오프라인,뷰티,신규,호남,0,
2026-04-09,오프라인,뷰티,신규,충청,0,
2026-04-09,오프라인,뷰티,기존,수도권,3,
2026-04-09,오프라인,뷰티,기존,영남,2,
2026-04-09,오프라인,뷰티,기존,호남,1,
2026-04-09,오프라인,뷰티,기존,충청,0,
2026-04-09,오프라인,가전,신규,수도권,1,
2026-04-09,오프라인,가전,신규,영남,0,
2026-04-09,오프라인,가전,신규,호남,0,
2026-04-09,오프라인,가전,신규,충청,0,
2026-04-09,오프라인,가전,기존,수도권,3,
2026-04-09,오프라인,가전,기존,영남,2,
2026-04-09,오프라인,가전,기존,호남,1,
2026-04-09,오프라인,가전,기존,충청,1,
2026-04-09,B2B,식품,신규,,1,
2026-04-09,B2B,식품,기존,,9,
2026-04-09,B2B,생활용품,신규,,1,
2026-04-09,B2B,생활용품,기존,,7,
2026-04-09,B2B,뷰티,신규,,0,
2026-04-09,B2B,뷰티,기존,,3,
2026-04-09,B2B,가전,신규,,2,
2026-04-09,B2B,가전,기존,,17,
2026-04-10,온라인,식품,신규,,4,800
2026-04-10,온라인,식품,기존,,14,2800
2026-04-10,온라인,생활용품,신규,,4,800
2026-04-10,온라인,생활용품,기존,,13,2600
2026-04-10,온라인,뷰티,신규,,4,800
2026-04-10,온라인,뷰티,기존,,8,1600
2026-04-10,온라인,가전,신규,,4,800
2026-04-10,온라인,가전,기존,,12,2400
2026-04-10,오프라인,식품,신규,수도권,2,
2026-04-10,오프라인,식품,신규,영남,1,
2026-04-10,오프라인,식품,신규,호남,0,
2026-04-10,오프라인,식품,신규,충청,0,
2026-04-10,오프라인,식품,기존,수도권,8,
2026-04-10,오프라인,식품,기존,영남,5,
2026-04-10,오프라인,식품,기존,호남,2,
2026-04-10,오프라인,식품,기존,충청,1,
2026-04-10,오프라인,생활용품,신규,수도권,1,
2026-04-10,오프라인,생활용품,신규,영남,0,
2026-04-10,오프라인,생활용품,신규,호남,0,
2026-04-10,오프라인,생활용품,신규,충청,0,
2026-04-10,오프라인,생활용품,기존,수도권,6,
2026-04-10,오프라인,생활용품,기존,영남,3,
2026-04-10,오프라인,생활용품,기존,호남,1,
2026-04-10,오프라인,생활용품,기존,충청,1,
2026-04-10,오프라인,뷰티,신규,수도권,1,
2026-04-10,오프라인,뷰티,신규,영남,0,
2026-04-10,오프라인,뷰티,신규,호남,0,
2026-04-10,오프라인,뷰티,신규,충청,0,
2026-04-10,오프라인,뷰티,기존,수도권,3,
2026-04-10,오프라인,뷰티,기존,영남,2,
2026-04-10,오프라인,뷰티,기존,호남,1,
2026-04-10,오프라인,뷰티,기존,충청,0,
2026-04-10,오프라인,가전,신규,수도권,1,
2026-04-10,오프라인,가전,신규,영남,0,
2026-04-10,오프라인,가전,신규,호남,0,
2026-04-10,오프라인,가전,신규,충청,0,
2026-04-10,오프라인,가전,기존,수도권,3,
2026-04-10,오프라인,가전,기존,영남,2,
2026-04-10,오프라인,가전,기존,호남,1,
2026-04-10,오프라인,가전,기존,충청,0,
2026-04-10,B2B,식품,신규,,1,
2026-04-10,B2B,식품,기존,,9,
2026-04-10,B2B,생활용품,신규,,1,
2026-04-10,B2B,생활용품,기존,,7,
2026-04-10,B2B,뷰티,신규,,0,
2026-04-10,B2B,뷰티,기존,,3,
2026-04-10,B2B,가전,신규,,2,
2026-04-10,B2B,가전,기존,,15,
2026-04-11,온라인,식품,신규,,5,1000
2026-04-11,온라인,식품,기존,,14,2800
2026-04-11,온라인,생활용품,신규,,5,1000
2026-04-11,온라인,생활용품,기존,,14,2800
2026-04-11,온라인,뷰티,신규,,3,600
2026-04-11,온라인,뷰티,기존,,9,1800
2026-04-11,온라인,가전,신규,,5,1000
2026-04-11,온라인,가전,기존,,12,2400
2026-04-11,오프라인,식품,신규,수도권,3,
2026-04-11,오프라인,식품,신규,영남,1,
2026-04-11,오프라인,식품,신규,호남,1,
2026-04-11,오프라인,식품,신규,충청,0,
2026-04-11,오프라인,식품,기존,수도권,11,
2026-04-11,오프라인,식품,기존,영남,7,
2026-04-11,오프라인,식품,기존,호남,2,
2026-04-11,오프라인,식품,기존,충청,2,
2026-04-11,오프라인,생활용품,신규,수도권,1,
2026-04-11,오프라인,생활용품,신규,영남,1,
2026-04-11,오프라인,생활용품,신규,호남,0,
2026-04-11,오프라인,생활용품,신규,충청,0,
2026-04-11,오프라인,생활용품,기존,수도권,7,
2026-04-11,오프라인,생활용품,기존,영남,4,
2026-04-11,오프라인,생활용품,기존,호남,2,
2026-04-11,오프라인,생활용품,기존,충청,1,
2026-04-11,오프라인,뷰티,신규,수도권,1,
2026-04-11,오프라인,뷰티,신규,영남,0,
2026-04-11,오프라인,뷰티,신규,호남,0,
2026-04-11,오프라인,뷰티,신규,충청,0,
2026-04-11,오프라인,뷰티,기존,수도권,4,
2026-04-11,오프라인,뷰티,기존,영남,2,
2026-04-11,오프라인,뷰티,기존,호남,1,
2026-04-11,오프라인,뷰티,기존,충청,1,
2026-04-11,오프라인,가전,신규,수도권,1,
2026-04-11,오프라인,가전,신규,영남,0,
2026-04-11,오프라인,가전,신규,호남,0,
2026-04-11,오프라인,가전,신규,충청,0,
2026-04-11,오프라인,가전,기존,수도권,5,
2026-04-11,오프라인,가전,기존,영남,2,
2026-04-11,오프라인,가전,기존,호남,1,
2026-04-11,오프라인,가전,기존,충청,1,
2026-04-11,B2B,식품,신규,,0,
2026-04-11,B2B,식품,기존,,0,
2026-04-11,B2B,생활용품,신규,,0,
2026-04-11,B2B,생활용품,기존,,0,
2026-04-11,B2B,뷰티,신규,,0,
2026-04-11,B2B,뷰티,기존,,0,
2026-04-11,B2B,가전,신규,,0,
2026-04-11,B2B,가전,기존,,1,
2026-04-12,온라인,식품,신규,,5,1000
2026-04-12,온라인,식품,기존,,15,3000
2026-04-12,온라인,생활용품,신규,,5,1000
2026-04-12,온라인,생활용품,기존,,11,2200
2026-04-12,온라인,뷰티,신규,,4,800
2026-04-12,온라인,뷰티,기존,,12,2400
2026-04-12,온라인,가전,신규,,3,600
2026-04-12,온라인,가전,기존,,11,2200
2026-04-12,오프라인,식품,신규,수도권,2,
2026-04-12,오프라인,식품,신규,영남,1,
2026-04-12,오프라인,식품,신규,호남,0,
2026-04-12,오프라인,식품,신규,충청,0,
2026-04-12,오프라인,식품,기존,수도권,12,
2026-04-12,오프라인,식품,기존,영남,6,
2026-04-12,오프라인,식품,기존,호남,2,
2026-04-12,오프라인,식품,기존,충청,2,
2026-04-12,오프라인,생활용품,신규,수도권,1,
2026-04-12,오프라인,생활용품,신규,영남,1,
2026-04-12,오프라인,생활용품,신규,호남,0,
2026-04-12,오프라인,생활용품,신규,충청,0,
2026-04-12,오프라인,생활용품,기존,수도권,6,
2026-04-12,오프라인,생활용품,기존,영남,4,
2026-04-12,오프라인,생활용품,기존,호남,2,
2026-04-12,오프라인,생활용품,기존,충청,1,
2026-04-12,오프라인,뷰티,신규,수도권,1,
2026-04-12,오프라인,뷰티,신규,영남,0,
2026-04-12,오프라인,뷰티,신규,호남,0,
2026-04-12,오프라인,뷰티,신규,충청,0,
2026-04-12,오프라인,뷰티,기존,수도권,3,
2026-04-12,오프라인,뷰티,기존,영남,2,
2026-04-12,오프라인,뷰티,기존,호남,1,
2026-04-12,오프라인,뷰티,기존,충청,1,
2026-04-12,오프라인,가전,신규,수도권,1,
2026-04-12,오프라인,가전,신규,영남,0,
2026-04-12,오프라인,가전,신규,호남,0,
2026-04-12,오프라인,가전,신규,충청,0,
2026-04-12,오프라인,가전,기존,수도권,5,
2026-04-12,오프라인,가전,기존,영남,2,
2026-04-12,오프라인,가전,기존,호남,1,
2026-04-12,오프라인,가전,기존,충청,1,
2026-04-12,B2B,식품,신규,,0,
2026-04-12,B2B,식품,기존,,0,
2026-04-12,B2B,생활용품,신규,,0,
2026-04-12,B2B,생활용품,기존,,0,
2026-04-12,B2B,뷰티,신규,,0,
2026-04-12,B2B,뷰티,기존,,0,
2026-04-12,B2B,가전,신규,,0,
2026-04-12,B2B,가전,기존,,0,
2026-04-13,온라인,식품,신규,,4,800
2026-04-13,온라인,식품,기존,,14,2800
2026-04-13,온라인,생활용품,신규,,3,600
2026-04-13,온라인,생활용품,기존,,11,2200
2026-04-13,온라인,뷰티,신규,,3,600
2026-04-13,온라인,뷰티,기존,,8,1600
2026-04-13,온라인,가전,신규,,4,800
2026-04-13,온라인,가전,기존,,13,2600
2026-04-13,오프라인,식품,신규,수도권,2,
2026-04-13,오프라인,식품,신규,영남,1,
2026-04-13,오프라인,식품,신규,호남,0,
2026-04-13,오프라인,식품,신규,충청,0,
2026-04-13,오프라인,식품,기존,수도권,8,
2026-04-13,오프라인,식품,기존,영남,5,
2026-04-13,오프라인,식품,기존,호남,2,
2026-04-13,오프라인,식품,기존,충청,1,
2026-04-13,오프라인,생활용품,신규,수도권,1,
2026-04-13,오프라인,생활용품,신규,영남,0,
2026-04-13,오프라인,생활용품,신규,호남,0,
2026-04-13,오프라인,생활용품,신규,충청,0,
2026-04-13,오프라인,생활용품,기존,수도권,7,
2026-04-13,오프라인,생활용품,기존,영남,3,
2026-04-13,오프라인,생활용품,기존,호남,1,
2026-04-13,오프라인,생활용품,기존,충청,1,
2026-04-13,오프라인,뷰티,신규,수도권,1,
2026-04-13,오프라인,뷰티,신규,영남,0,
2026-04-13,오프라인,뷰티,신규,호남,0,
2026-04-13,오프라인,뷰티,신규,충청,0,
2026-04-13,오프라인,뷰티,기존,수도권,3,
2026-04-13,오프라인,뷰티,기존,영남,2,
2026-04-13,오프라인,뷰티,기존,호남,1,
2026-04-13,오프라인,뷰티,기존,충청,1,
2026-04-13,오프라인,가전,신규,수도권,1,
2026-04-13,오프라인,가전,신규,영남,0,
2026-04-13,오프라인,가전,신규,호남,0,
2026-04-13,오프라인,가전,신규,충청,0,
2026-04-13,오프라인,가전,기존,수도권,4,
2026-04-13,오프라인,가전,기존,영남,2,
2026-04-13,오프라인,가전,기존,호남,1,
2026-04-13,오프라인,가전,기존,충청,1,
2026-04-13,B2B,식품,신규,,1,
2026-04-13,B2B,식품,기존,,10,
2026-04-13,B2B,생활용품,신규,,1,
2026-04-13,B2B,생활용품,기존,,7,
2026-04-13,B2B,뷰티,신규,,0,
2026-04-13,B2B,뷰티,기존,,3,
2026-04-13,B2B,가전,신규,,2,
2026-04-13,B2B,가전,기존,,16,
2026-04-14,온라인,식품,신규,,4,800
2026-04-14,온라인,식품,기존,,12,2400
2026-04-14,온라인,생활용품,신규,,3,600
2026-04-14,온라인,생활용품,기존,,10,2000
2026-04-14,온라인,뷰티,신규,,3,600
2026-04-14,온라인,뷰티,기존,,10,2000
2026-04-14,온라인,가전,신규,,4,800
2026-04-14,온라인,가전,기존,,10,2000
2026-04-14,오프라인,식품,신규,수도권,2,
2026-04-14,오프라인,식품,신규,영남,1,
2026-04-14,오프라인,식품,신규,호남,0,
2026-04-14,오프라인,식품,신규,충청,0,
2026-04-14,오프라인,식품,기존,수도권,8,
2026-04-14,오프라인,식품,기존,영남,5,
2026-04-14,오프라인,식품,기존,호남,2,
2026-04-14,오프라인,식품,기존,충청,1,
2026-04-14,오프라인,생활용품,신규,수도권,1,
2026-04-14,오프라인,생활용품,신규,영남,0,
2026-04-14,오프라인,생활용품,신규,호남,0,
2026-04-14,오프라인,생활용품,신규,충청,0,
2026-04-14,오프라인,생활용품,기존,수도권,5,
2026-04-14,오프라인,생활용품,기존,영남,3,
2026-04-14,오프라인,생활용품,기존,호남,1,
2026-04-14,오프라인,생활용품,기존,충청,1,
2026-04-14,오프라인,뷰티,신규,수도권,1,
2026-04-14,오프라인,뷰티,신규,영남,0,
2026-04-14,오프라인,뷰티,신규,호남,0,
2026-04-14,오프라인,뷰티,신규,충청,0,
2026-04-14,오프라인,뷰티,기존,수도권,3,
2026-04-14,오프라인,뷰티,기존,영남,2,
2026-04-14,오프라인,뷰티,기존,호남,1,
2026-04-14,오프라인,뷰티,기존,충청,0,
2026-04-14,오프라인,가전,신규,수도권,1,
2026-04-14,오프라인,가전,신규,영남,0,
2026-04-14,오프라인,가전,신규,호남,0,
2026-04-14,오프라인,가전,신규,충청,0,
2026-04-14,오프라인,가전,기존,수도권,4,
2026-04-14,오프라인,가전,기존,영남,2,
2026-04-14,오프라인,가전,기존,호남,1,
2026-04-14,오프라인,가전,기존,충청,0,
2026-04-14,B2B,식품,신규,,1,
2026-04-14,B2B,식품,기존,,10,
2026-04-14,B2B,생활용품,신규,,1,
2026-04-14,B2B,생활용품,기존,,7,
2026-04-14,B2B,뷰티,신규,,0,
2026-04-14,B2B,뷰티,기존,,3,
2026-04-14,B2B,가전,신규,,2,
2026-04-14,B2B,가전,기존,,15,
2026-04-15,온라인,식품,신규,,4,800
2026-04-15,온라인,식품,기존,,15,3000
2026-04-15,온라인,생활용품,신규,,4,800
2026-04-15,온라인,생활용품,기존,,12,2400
2026-04-15,온라인,뷰티,신규,,3,600
2026-04-15,온라인,뷰티,기존,,7,1400
2026-04-15,온라인,가전,신규,,4,800
2026-04-15,온라인,가전,기존,,13,2600
2026-04-15,오프라인,식품,신규,수도권,1,
2026-04-15,오프라인,식품,신규,영남,1,
2026-04-15,오프라인,식품,신규,호남,0,
2026-04-15,오프라인,식품,신규,충청,0,
2026-04-15,오프라인,식품,기존,수도권,9,
2026-04-15,오프라인,식품,기존,영남,5,
2026-04-15,오프라인,식품,기존,호남,2,
2026-04-15,오프라인,식품,기존,충청,1,
2026-04-15,오프라인,생활용품,신규,수도권,1,
2026-04-15,오프라인,생활용품,신규,영남,1,
2026-04-15,오프라인,생활용품,신규,호남,0,
2026-04-15,오프라인,생활용품,신규,충청,0,
2026-04-15,오프라인,생활용품,기존,수도권,5,
2026-04-15,오프라인,생활용품,기존,영남,3,
2026-04-15,오프라인,생활용품,기존,호남,1,
2026-04-15,오프라인,생활용품,기존,충청,1,
2026-04-15,오프라인,뷰티,신규,수도권,1,
2026-04-15,오프라인,뷰티,신규,영남,0,
2026-04-15,오프라인,뷰티,신규,호남,0,
2026-04-15,오프라인,뷰티,신규,충청,0,
2026-04-15,오프라인,뷰티,기존,수도권,3,
2026-04-15,오프라인,뷰티,기존,영남,2,
2026-04-15,오프라인,뷰티,기존,호남,1,
2026-04-15,오프라인,뷰티,기존,충청,0,
2026-04-15,오프라인,가전,신규,수도권,1,
2026-04-15,오프라인,가전,신규,영남,0,
2026-04-15,오프라인,가전,신규,호남,0,
2026-04-15,오프라인,가전,신규,충청,0,
2026-04-15,오프라인,가전,기존,수도권,3,
2026-04-15,오프라인,가전,기존,영남,2,
2026-04-15,오프라인,가전,기존,호남,1,
2026-04-15,오프라인,가전,기존,충청,0,
2026-04-15,B2B,식품,신규,,1,
2026-04-15,B2B,식품,기존,,10,
2026-04-15,B2B,생활용품,신규,,1,
2026-04-15,B2B,생활용품,기존,,8,
2026-04-15,B2B,뷰티,신규,,0,
2026-04-15,B2B,뷰티,기존,,3,
2026-04-15,B2B,가전,신규,,2,
2026-04-15,B2B,가전,기존,,16,
2026-04-16,온라인,식품,신규,,5,1000
2026-04-16,온라인,식품,기존,,17,3400
2026-04-16,온라인,생활용품,신규,,4,800
2026-04-16,온라인,생활용품,기존,,12,2400
2026-04-16,온라인,뷰티,신규,,3,600
2026-04-16,온라인,뷰티,기존,,9,1800
2026-04-16,온라인,가전,신규,,4,800
2026-04-16,온라인,가전,기존,,12,2400
2026-04-16,오프라인,식품,신규,수도권,2,
2026-04-16,오프라인,식품,신규,영남,1,
2026-04-16,오프라인,식품,신규,호남,0,
2026-04-16,오프라인,식품,신규,충청,0,
2026-04-16,오프라인,식품,기존,수도권,10,
2026-04-16,오프라인,식품,기존,영남,5,
2026-04-16,오프라인,식품,기존,호남,2,
2026-04-16,오프라인,식품,기존,충청,2,
2026-04-16,오프라인,생활용품,신규,수도권,1,
2026-04-16,오프라인,생활용품,신규,영남,1,
2026-04-16,오프라인,생활용품,신규,호남,0,
2026-04-16,오프라인,생활용품,신규,충청,0,
2026-04-16,오프라인,생활용품,기존,수도권,5,
2026-04-16,오프라인,생활용품,기존,영남,3,
2026-04-16,오프라인,생활용품,기존,호남,1,
2026-04-16,오프라인,생활용품,기존,충청,1,
2026-04-16,오프라인,뷰티,신규,수도권,1,
2026-04-16,오프라인,뷰티,신규,영남,0,
2026-04-16,오프라인,뷰티,신규,호남,0,
2026-04-16,오프라인,뷰티,신규,충청,0,
2026-04-16,오프라인,뷰티,기존,수도권,3,
2026-04-16,오프라인,뷰티,기존,영남,2,
2026-04-16,오프라인,뷰티,기존,호남,1,
2026-04-16,오프라인,뷰티,기존,충청,0,
2026-04-16,오프라인,가전,신규,수도권,1,
2026-04-16,오프라인,가전,신규,영남,0,
2026-04-16,오프라인,가전,신규,호남,0,
2026-04-16,오프라인,가전,신규,충청,0,
2026-04-16,오프라인,가전,기존,수도권,4,
2026-04-16,오프라인,가전,기존,영남,2,
2026-04-16,오프라인,가전,기존,호남,1,
2026-04-16,오프라인,가전,기존,충청,1,
2026-04-16,B2B,식품,신규,,1,
2026-04-16,B2B,식품,기존,,10,
2026-04-16,B2B,생활용품,신규,,1,
2026-04-16,B2B,생활용품,기존,,7,
2026-04-16,B2B,뷰티,신규,,0,
2026-04-16,B2B,뷰티,기존,,3,
2026-04-16,B2B,가전,신규,,2,
2026-04-16,B2B,가전,기존,,22,
2026-04-17,온라인,식품,신규,,5,1000
2026-04-17,온라인,식품,기존,,14,2800
2026-04-17,온라인,생활용품,신규,,4,800
2026-04-17,온라인,생활용품,기존,,12,2400
2026-04-17,온라인,뷰티,신규,,3,600
2026-04-17,온라인,뷰티,기존,,10,2000
2026-04-17,온라인,가전,신규,,3,600
2026-04-17,온라인,가전,기존,,10,2000
2026-04-17,오프라인,식품,신규,수도권,1,
2026-04-17,오프라인,식품,신규,영남,1,
2026-04-17,오프라인,식품,신규,호남,0,
2026-04-17,오프라인,식품,신규,충청,0,
2026-04-17,오프라인,식품,기존,수도권,8,
2026-04-17,오프라인,식품,기존,영남,5,
2026-04-17,오프라인,식품,기존,호남,2,
2026-04-17,오프라인,식품,기존,충청,1,
2026-04-17,오프라인,생활용품,신규,수도권,1,
2026-04-17,오프라인,생활용품,신규,영남,0,
2026-04-17,오프라인,생활용품,신규,호남,0,
2026-04-17,오프라인,생활용품,신규,충청,0,
2026-04-17,오프라인,생활용품,기존,수도권,5,
2026-04-17,오프라인,생활용품,기존,영남,3,
2026-04-17,오프라인,생활용품,기존,호남,2,
2026-04-17,오프라인,생활용품,기존,충청,1,
2026-04-17,오프라인,뷰티,신규,수도권,1,
2026-04-17,오프라인,뷰티,신규,영남,0,
2026-04-17,오프라인,뷰티,신규,호남,0,
2026-04-17,오프라인,뷰티,신규,충청,0,
2026-04-17,오프라인,뷰티,기존,수도권,3,
2026-04-17,오프라인,뷰티,기존,영남,2,
2026-04-17,오프라인,뷰티,기존,호남,1,
2026-04-17,오프라인,뷰티,기존,충청,1,
2026-04-17,오프라인,가전,신규,수도권,1,
2026-04-17,오프라인,가전,신규,영남,0,
2026-04-17,오프라인,가전,신규,호남,0,
2026-04-17,오프라인,가전,신규,충청,0,
2026-04-17,오프라인,가전,기존,수도권,3,
2026-04-17,오프라인,가전,기존,영남,2,
2026-04-17,오프라인,가전,기존,호남,1,
2026-04-17,오프라인,가전,기존,충청,1,
2026-04-17,B2B,식품,신규,,1,
2026-04-17,B2B,식품,기존,,12,
2026-04-17,B2B,생활용품,신규,,1,
2026-04-17,B2B,생활용품,기존,,7,
2026-04-17,B2B,뷰티,신규,,0,
2026-04-17,B2B,뷰티,기존,,2,
2026-04-17,B2B,가전,신규,,2,
2026-04-17,B2B,가전,기존,,18,
2026-04-18,온라인,식품,신규,,6,1200
2026-04-18,온라인,식품,기존,,13,2600
2026-04-18,온라인,생활용품,신규,,4,800
2026-04-18,온라인,생활용품,기존,,12,2400
2026-04-18,온라인,뷰티,신규,,3,600
2026-04-18,온라인,뷰티,기존,,10,2000
2026-04-18,온라인,가전,신규,,4,800
2026-04-18,온라인,가전,기존,,12,2400
2026-04-18,오프라인,식품,신규,수도권,2,
2026-04-18,오프라인,식품,신규,영남,1,
2026-04-18,오프라인,식품,신규,호남,0,
2026-04-18,오프라인,식품,신규,충청,0,
2026-04-18,오프라인,식품,기존,수도권,13,
2026-04-18,오프라인,식품,기존,영남,6,
2026-04-18,오프라인,식품,기존,호남,3,
2026-04-18,오프라인,식품,기존,충청,2,
2026-04-18,오프라인,생활용품,신규,수도권,1,
2026-04-18,오프라인,생활용품,신규,영남,1,
2026-04-18,오프라인,생활용품,신규,호남,0,
2026-04-18,오프라인,생활용품,신규,충청,0,
2026-04-18,오프라인,생활용품,기존,수도권,7,
2026-04-18,오프라인,생활용품,기존,영남,4,
2026-04-18,오프라인,생활용품,기존,호남,1,
2026-04-18,오프라인,생활용품,기존,충청,1,
2026-04-18,오프라인,뷰티,신규,수도권,1,
2026-04-18,오프라인,뷰티,신규,영남,0,
2026-04-18,오프라인,뷰티,신규,호남,0,
2026-04-18,오프라인,뷰티,신규,충청,0,
2026-04-18,오프라인,뷰티,기존,수도권,4,
2026-04-18,오프라인,뷰티,기존,영남,2,
2026-04-18,오프라인,뷰티,기존,호남,1,
2026-04-18,오프라인,뷰티,기존,충청,1,
2026-04-18,오프라인,가전,신규,수도권,1,
2026-04-18,오프라인,가전,신규,영남,0,
2026-04-18,오프라인,가전,신규,호남,0,
2026-04-18,오프라인,가전,신규,충청,0,
2026-04-18,오프라인,가전,기존,수도권,5,
2026-04-18,오프라인,가전,기존,영남,2,
2026-04-18,오프라인,가전,기존,호남,1,
2026-04-18,오프라인,가전,기존,충청,1,
2026-04-18,B2B,식품,신규,,0,
2026-04-18,B2B,식품,기존,,0,
2026-04-18,B2B,생활용품,신규,,0,
2026-04-18,B2B,생활용품,기존,,0,
2026-04-18,B2B,뷰티,신규,,0,
2026-04-18,B2B,뷰티,기존,,0,
2026-04-18,B2B,가전,신규,,0,
2026-04-18,B2B,가전,기존,,1,
2026-04-19,온라인,식품,신규,,6,1200
2026-04-19,온라인,식품,기존,,19,3800
2026-04-19,온라인,생활용품,신규,,5,1000
2026-04-19,온라인,생활용품,기존,,14,2800
2026-04-19,온라인,뷰티,신규,,3,600
2026-04-19,온라인,뷰티,기존,,10,2000
2026-04-19,온라인,가전,신규,,5,1000
2026-04-19,온라인,가전,기존,,13,2600
2026-04-19,오프라인,식품,신규,수도권,2,
2026-04-19,오프라인,식품,신규,영남,1,
2026-04-19,오프라인,식품,신규,호남,1,
2026-04-19,오프라인,식품,신규,충청,0,
2026-04-19,오프라인,식품,기존,수도권,8,
2026-04-19,오프라인,식품,기존,영남,6,
2026-04-19,오프라인,식품,기존,호남,3,
2026-04-19,오프라인,식품,기존,충청,2,
2026-04-19,오프라인,생활용품,신규,수도권,1,
2026-04-19,오프라인,생활용품,신규,영남,1,
2026-04-19,오프라인,생활용품,신규,호남,0,
2026-04-19,오프라인,생활용품,신규,충청,0,
2026-04-19,오프라인,생활용품,기존,수도권,7,
2026-04-19,오프라인,생활용품,기존,영남,3,
2026-04-19,오프라인,생활용품,기존,호남,1,
2026-04-19,오프라인,생활용품,기존,충청,1,
2026-04-19,오프라인,뷰티,신규,수도권,1,
2026-04-19,오프라인,뷰티,신규,영남,0,
2026-04-19,오프라인,뷰티,신규,호남,0,
2026-04-19,오프라인,뷰티,신규,충청,0,
2026-04-19,오프라인,뷰티,기존,수도권,4,
2026-04-19,오프라인,뷰티,기존,영남,2,
2026-04-19,오프라인,뷰티,기존,호남,1,
2026-04-19,오프라인,뷰티,기존,충청,1,
2026-04-19,오프라인,가전,신규,수도권,1,
2026-04-19,오프라인,가전,신규,영남,0,
2026-04-19,오프라인,가전,신규,호남,0,
2026-04-19,오프라인,가전,신규,충청,0,
2026-04-19,오프라인,가전,기존,수도권,5,
2026-04-19,오프라인,가전,기존,영남,2,
2026-04-19,오프라인,가전,기존,호남,1,
2026-04-19,오프라인,가전,기존,충청,1,
2026-04-19,B2B,식품,신규,,0,
2026-04-19,B2B,식품,기존,,0,
2026-04-19,B2B,생활용품,신규,,0,
2026-04-19,B2B,생활용품,기존,,0,
2026-04-19,B2B,뷰티,신규,,0,
2026-04-19,B2B,뷰티,기존,,0,
2026-04-19,B2B,가전,신규,,0,
2026-04-19,B2B,가전,기존,,0,
2026-04-20,온라인,식품,신규,,4,800
2026-04-20,온라인,식품,기존,,13,2600
2026-04-20,온라인,생활용품,신규,,4,800
2026-04-20,온라인,생활용품,기존,,9,1800
2026-04-20,온라인,뷰티,신규,,3,600
2026-04-20,온라인,뷰티,기존,,11,2200
2026-04-20,온라인,가전,신규,,5,1000
2026-04-20,온라인,가전,기존,,10,2000
2026-04-20,오프라인,식품,신규,수도권,2,
2026-04-20,오프라인,식품,신규,영남,1,
2026-04-20,오프라인,식품,신규,호남,0,
2026-04-20,오프라인,식품,신규,충청,0,
2026-04-20,오프라인,식품,기존,수도권,9,
2026-04-20,오프라인,식품,기존,영남,4,
2026-04-20,오프라인,식품,기존,호남,2,
2026-04-20,오프라인,식품,기존,충청,2,
2026-04-20,오프라인,생활용품,신규,수도권,1,
2026-04-20,오프라인,생활용품,신규,영남,1,
2026-04-20,오프라인,생활용품,신규,호남,0,
2026-04-20,오프라인,생활용품,신규,충청,0,
2026-04-20,오프라인,생활용품,기존,수도권,6,
2026-04-20,오프라인,생활용품,기존,영남,4,
2026-04-20,오프라인,생활용품,기존,호남,1,
2026-04-20,오프라인,생활용품,기존,충청,1,
2026-04-20,오프라인,뷰티,신규,수도권,1,
2026-04-20,오프라인,뷰티,신규,영남,0,
2026-04-20,오프라인,뷰티,신규,호남,0,
2026-04-20,오프라인,뷰티,신규,충청,0,
2026-04-20,오프라인,뷰티,기존,수도권,3,
2026-04-20,오프라인,뷰티,기존,영남,2,
2026-04-20,오프라인,뷰티,기존,호남,1,
2026-04-20,오프라인,뷰티,기존,충청,0,
2026-04-20,오프라인,가전,신규,수도권,1,
2026-04-20,오프라인,가전,신규,영남,0,
2026-04-20,오프라인,가전,신규,호남,0,
2026-04-20,오프라인,가전,신규,충청,0,
2026-04-20,오프라인,가전,기존,수도권,3,
2026-04-20,오프라인,가전,기존,영남,2,
2026-04-20,오프라인,가전,기존,호남,1,
2026-04-20,오프라인,가전,기존,충청,1,
2026-04-20,B2B,식품,신규,,1,
2026-04-20,B2B,식품,기존,,12,
2026-04-20,B2B,생활용품,신규,,1,
2026-04-20,B2B,생활용품,기존,,8,
2026-04-20,B2B,뷰티,신규,,0,
2026-04-20,B2B,뷰티,기존,,3,
2026-04-20,B2B,가전,신규,,2,
2026-04-20,B2B,가전,기존,,17,
2026-04-21,온라인,식품,신규,,5,1000
2026-04-21,온라인,식품,기존,,16,3200
2026-04-21,온라인,생활용품,신규,,3,600
2026-04-21,온라인,생활용품,기존,,12,2400
2026-04-21,온라인,뷰티,신규,,3,600
2026-04-21,온라인,뷰티,기존,,8,1600
2026-04-21,온라인,가전,신규,,4,800
2026-04-21,온라인,가전,기존,,11,2200
2026-04-21,오프라인,식품,신규,수도권,2,
2026-04-21,오프라인,식품,신규,영남,1,
2026-04-21,오프라인,식품,신규,호남,0,
2026-04-21,오프라인,식품,신규,충청,0,
2026-04-21,오프라인,식품,기존,수도권,10,
2026-04-21,오프라인,식품,기존,영남,4,
2026-04-21,오프라인,식품,기존,호남,2,
2026-04-21,오프라인,식품,기존,충청,1,
2026-04-21,오프라인,생활용품,신규,수도권,1,
2026-04-21,오프라인,생활용품,신규,영남,1,
2026-04-21,오프라인,생활용품,신규,호남,0,
2026-04-21,오프라인,생활용품,신규,충청,0,
2026-04-21,오프라인,생활용품,기존,수도권,5,
2026-04-21,오프라인,생활용품,기존,영남,3,
2026-04-21,오프라인,생활용품,기존,호남,2,
2026-04-21,오프라인,생활용품,기존,충청,1,
2026-04-21,오프라인,뷰티,신규,수도권,0,
2026-04-21,오프라인,뷰티,신규,영남,0,
2026-04-21,오프라인,뷰티,신규,호남,0,
2026-04-21,오프라인,뷰티,신규,충청,0,
2026-04-21,오프라인,뷰티,기존,수도권,3,
2026-04-21,오프라인,뷰티,기존,영남,2,
2026-04-21,오프라인,뷰티,기존,호남,1,
2026-04-21,오프라인,뷰티,기존,충청,0,
2026-04-21,오프라인,가전,신규,수도권,1,
2026-04-21,오프라인,가전,신규,영남,0,
2026-04-21,오프라인,가전,신규,호남,0,
2026-04-21,오프라인,가전,신규,충청,0,
2026-04-21,오프라인,가전,기존,수도권,4,
2026-04-21,오프라인,가전,기존,영남,2,
2026-04-21,오프라인,가전,기존,호남,1,
2026-04-21,오프라인,가전,기존,충청,1,
2026-04-21,B2B,식품,신규,,1,
2026-04-21,B2B,식품,기존,,11,
2026-04-21,B2B,생활용품,신규,,1,
2026-04-21,B2B,생활용품,기존,,9,
2026-04-21,B2B,뷰티,신규,,0,
2026-04-21,B2B,뷰티,기존,,3,
2026-04-21,B2B,가전,신규,,2,
2026-04-21,B2B,가전,기존,,14,
2026-04-22,온라인,식품,신규,,4,800
2026-04-22,온라인,식품,기존,,15,3000
2026-04-22,온라인,생활용품,신규,,4,800
2026-04-22,온라인,생활용품,기존,,12,2400
2026-04-22,온라인,뷰티,신규,,3,600
2026-04-22,온라인,뷰티,기존,,9,1800
2026-04-22,온라인,가전,신규,,4,800
2026-04-22,온라인,가전,기존,,11,2200
2026-04-22,오프라인,식품,신규,수도권,1,
2026-04-22,오프라인,식품,신규,영남,1,
2026-04-22,오프라인,식품,신규,호남,0,
2026-04-22,오프라인,식품,신규,충청,0,
2026-04-22,오프라인,식품,기존,수도권,8,
2026-04-22,오프라인,식품,기존,영남,5,
2026-04-22,오프라인,식품,기존,호남,2,
2026-04-22,오프라인,식품,기존,충청,2,
2026-04-22,오프라인,생활용품,신규,수도권,1,
2026-04-22,오프라인,생활용품,신규,영남,0,
2026-04-22,오프라인,생활용품,신규,호남,0,
2026-04-22,오프라인,생활용품,신규,충청,0,
2026-04-22,오프라인,생활용품,기존,수도권,5,
2026-04-22,오프라인,생활용품,기존,영남,3,
2026-04-22,오프라인,생활용품,기존,호남,1,
2026-04-22,오프라인,생활용품,기존,충청,1,
2026-04-22,오프라인,뷰티,신규,수도권,0,
2026-04-22,오프라인,뷰티,신규,영남,0,
2026-04-22,오프라인,뷰티,신규,호남,0,
2026-04-22,오프라인,뷰티,신규,충청,0,
2026-04-22,오프라인,뷰티,기존,수도권,3,
2026-04-22,오프라인,뷰티,기존,영남,2,
2026-04-22,오프라인,뷰티,기존,호남,1,
2026-04-22,오프라인,뷰티,기존,충청,0,
2026-04-22,오프라인,가전,신규,수도권,1,
2026-04-22,오프라인,가전,신규,영남,0,
2026-04-22,오프라인,가전,신규,호남,0,
2026-04-22,오프라인,가전,신규,충청,0,
2026-04-22,오프라인,가전,기존,수도권,4,
2026-04-22,오프라인,가전,기존,영남,2,
2026-04-22,오프라인,가전,기존,호남,1,
2026-04-22,오프라인,가전,기존,충청,1,
2026-04-22,B2B,식품,신규,,1,
2026-04-22,B2B,식품,기존,,11,
2026-04-22,B2B,생활용품,신규,,1,
2026-04-22,B2B,생활용품,기존,,7,
2026-04-22,B2B,뷰티,신규,,0,
2026-04-22,B2B,뷰티,기존,,3,
2026-04-22,B2B,가전,신규,,2,
2026-04-22,B2B,가전,기존,,17,
2026-04-23,온라인,식품,신규,,4,800
2026-04-23,온라인,식품,기존,,13,2600
2026-04-23,온라인,생활용품,신규,,4,800
2026-04-23,온라인,생활용품,기존,,11,2200
2026-04-23,온라인,뷰티,신규,,3,600
2026-04-23,온라인,뷰티,기존,,9,1800
2026-04-23,온라인,가전,신규,,3,600
2026-04-23,온라인,가전,기존,,13,2600
2026-04-23,오프라인,식품,신규,수도권,2,
2026-04-23,오프라인,식품,신규,영남,1,
2026-04-23,오프라인,식품,신규,호남,0,
2026-04-23,오프라인,식품,신규,충청,0,
2026-04-23,오프라인,식품,기존,수도권,9,
2026-04-23,오프라인,식품,기존,영남,4,
2026-04-23,오프라인,식품,기존,호남,2,
2026-04-23,오프라인,식품,기존,충청,1,
2026-04-23,오프라인,생활용품,신규,수도권,1,
2026-04-23,오프라인,생활용품,신규,영남,0,
2026-04-23,오프라인,생활용품,신규,호남,0,
2026-04-23,오프라인,생활용품,신규,충청,0,
2026-04-23,오프라인,생활용품,기존,수도권,6,
2026-04-23,오프라인,생활용품,기존,영남,3,
2026-04-23,오프라인,생활용품,기존,호남,1,
2026-04-23,오프라인,생활용품,기존,충청,1,
2026-04-23,오프라인,뷰티,신규,수도권,1,
2026-04-23,오프라인,뷰티,신규,영남,0,
2026-04-23,오프라인,뷰티,신규,호남,0,
2026-04-23,오프라인,뷰티,신규,충청,0,
2026-04-23,오프라인,뷰티,기존,수도권,3,
2026-04-23,오프라인,뷰티,기존,영남,1,
2026-04-23,오프라인,뷰티,기존,호남,1,
2026-04-23,오프라인,뷰티,기존,충청,0,
2026-04-23,오프라인,가전,신규,수도권,1,
2026-04-23,오프라인,가전,신규,영남,0,
2026-04-23,오프라인,가전,신규,호남,0,
2026-04-23,오프라인,가전,신규,충청,0,
2026-04-23,오프라인,가전,기존,수도권,4,
2026-04-23,오프라인,가전,기존,영남,2,
2026-04-23,오프라인,가전,기존,호남,1,
2026-04-23,오프라인,가전,기존,충청,1,
2026-04-23,B2B,식품,신규,,1,
2026-04-23,B2B,식품,기존,,10,
2026-04-23,B2B,생활용품,신규,,1,
2026-04-23,B2B,생활용품,기존,,6,
2026-04-23,B2B,뷰티,신규,,0,
2026-04-23,B2B,뷰티,기존,,3,
2026-04-23,B2B,가전,신규,,2,
2026-04-23,B2B,가전,기존,,15,
2026-04-24,온라인,식품,신규,,4,800
2026-04-24,온라인,식품,기존,,12,2400
2026-04-24,온라인,생활용품,신규,,4,800
2026-04-24,온라인,생활용품,기존,,10,2000
2026-04-24,온라인,뷰티,신규,,3,600
2026-04-24,온라인,뷰티,기존,,9,1800
2026-04-24,온라인,가전,신규,,4,800
2026-04-24,온라인,가전,기존,,10,2000
2026-04-24,오프라인,식품,신규,수도권,2,
2026-04-24,오프라인,식품,신규,영남,1,
2026-04-24,오프라인,식품,신규,호남,0,
2026-04-24,오프라인,식품,신규,충청,0,
2026-04-24,오프라인,식품,기존,수도권,9,
2026-04-24,오프라인,식품,기존,영남,5,
2026-04-24,오프라인,식품,기존,호남,2,
2026-04-24,오프라인,식품,기존,충청,1,
2026-04-24,오프라인,생활용품,신규,수도권,1,
2026-04-24,오프라인,생활용품,신규,영남,1,
2026-04-24,오프라인,생활용품,신규,호남,0,
2026-04-24,오프라인,생활용품,신규,충청,0,
2026-04-24,오프라인,생활용품,기존,수도권,7,
2026-04-24,오프라인,생활용품,기존,영남,3,
2026-04-24,오프라인,생활용품,기존,호남,1,
2026-04-24,오프라인,생활용품,기존,충청,1,
2026-04-24,오프라인,뷰티,신규,수도권,1,
2026-04-24,오프라인,뷰티,신규,영남,0,
2026-04-24,오프라인,뷰티,신규,호남,0,
2026-04-24,오프라인,뷰티,신규,충청,0,
2026-04-24,오프라인,뷰티,기존,수도권,3,
2026-04-24,오프라인,뷰티,기존,영남,2,
2026-04-24,오프라인,뷰티,기존,호남,1,
2026-04-24,오프라인,뷰티,기존,충청,1,
2026-04-24,오프라인,가전,신규,수도권,1,
2026-04-24,오프라인,가전,신규,영남,0,
2026-04-24,오프라인,가전,신규,호남,0,
2026-04-24,오프라인,가전,신규,충청,0,
2026-04-24,오프라인,가전,기존,수도권,3,
2026-04-24,오프라인,가전,기존,영남,2,
2026-04-24,오프라인,가전,기존,호남,1,
2026-04-24,오프라인,가전,기존,충청,1,
2026-04-24,B2B,식품,신규,,1,
2026-04-24,B2B,식품,기존,,9,
2026-04-24,B2B,생활용품,신규,,1,
2026-04-24,B2B,생활용품,기존,,8,
2026-04-24,B2B,뷰티,신규,,0,
2026-04-24,B2B,뷰티,기존,,2,
2026-04-24,B2B,가전,신규,,2,
2026-04-24,B2B,가전,기존,,16,
2026-04-25,온라인,식품,신규,,4,800
2026-04-25,온라인,식품,기존,,14,2800
2026-04-25,온라인,생활용품,신규,,5,1000
2026-04-25,온라인,생활용품,기존,,15,3000
2026-04-25,온라인,뷰티,신규,,3,600
2026-04-25,온라인,뷰티,기존,,10,2000
2026-04-25,온라인,가전,신규,,4,800
2026-04-25,온라인,가전,기존,,11,2200
2026-04-25,오프라인,식품,신규,수도권,2,
2026-04-25,오프라인,식품,신규,영남,1,
2026-04-25,오프라인,식품,신규,호남,0,
2026-04-25,오프라인,식품,신규,충청,0,
2026-04-25,오프라인,식품,기존,수도권,10,
2026-04-25,오프라인,식품,기존,영남,5,
2026-04-25,오프라인,식품,기존,호남,3,
2026-04-25,오프라인,식품,기존,충청,2,
2026-04-25,오프라인,생활용품,신규,수도권,1,
2026-04-25,오프라인,생활용품,신규,영남,1,
2026-04-25,오프라인,생활용품,신규,호남,0,
2026-04-25,오프라인,생활용품,신규,충청,0,
2026-04-25,오프라인,생활용품,기존,수도권,7,
2026-04-25,오프라인,생활용품,기존,영남,5,
2026-04-25,오프라인,생활용품,기존,호남,2,
2026-04-25,오프라인,생활용품,기존,충청,1,
2026-04-25,오프라인,뷰티,신규,수도권,1,
2026-04-25,오프라인,뷰티,신규,영남,0,
2026-04-25,오프라인,뷰티,신규,호남,0,
2026-04-25,오프라인,뷰티,신규,충청,0,
2026-04-25,오프라인,뷰티,기존,수도권,5,
2026-04-25,오프라인,뷰티,기존,영남,2,
2026-04-25,오프라인,뷰티,기존,호남,1,
2026-04-25,오프라인,뷰티,기존,충청,1,
2026-04-25,오프라인,가전,신규,수도권,1,
2026-04-25,오프라인,가전,신규,영남,0,
2026-04-25,오프라인,가전,신규,호남,0,
2026-04-25,오프라인,가전,신규,충청,0,
2026-04-25,오프라인,가전,기존,수도권,5,
2026-04-25,오프라인,가전,기존,영남,2,
2026-04-25,오프라인,가전,기존,호남,1,
2026-04-25,오프라인,가전,기존,충청,1,
2026-04-25,B2B,식품,신규,,0,
2026-04-25,B2B,식품,기존,,0,
2026-04-25,B2B,생활용품,신규,,0,
2026-04-25,B2B,생활용품,기존,,0,
2026-04-25,B2B,뷰티,신규,,0,
2026-04-25,B2B,뷰티,기존,,0,
2026-04-25,B2B,가전,신규,,0,
2026-04-25,B2B,가전,기존,,1,
2026-04-26,온라인,식품,신규,,5,1000
2026-04-26,온라인,식품,기존,,12,2400
2026-04-26,온라인,생활용품,신규,,5,1000
2026-04-26,온라인,생활용품,기존,,13,2600
2026-04-26,온라인,뷰티,신규,,3,600
2026-04-26,온라인,뷰티,기존,,10,2000
2026-04-26,온라인,가전,신규,,4,800
2026-04-26,온라인,가전,기존,,12,2400
2026-04-26,오프라인,식품,신규,수도권,2,
2026-04-26,오프라인,식품,신규,영남,1,
2026-04-26,오프라인,식품,신규,호남,0,
2026-04-26,오프라인,식품,신규,충청,0,
2026-04-26,오프라인,식품,기존,수도권,12,
2026-04-26,오프라인,식품,기존,영남,6,
2026-04-26,오프라인,식품,기존,호남,3,
2026-04-26,오프라인,식품,기존,충청,1,
2026-04-26,오프라인,생활용품,신규,수도권,1,
2026-04-26,오프라인,생활용품,신규,영남,1,
2026-04-26,오프라인,생활용품,신규,호남,0,
2026-04-26,오프라인,생활용품,신규,충청,0,
2026-04-26,오프라인,생활용품,기존,수도권,7,
2026-04-26,오프라인,생활용품,기존,영남,3,
2026-04-26,오프라인,생활용품,기존,호남,2,
2026-04-26,오프라인,생활용품,기존,충청,1,
2026-04-26,오프라인,뷰티,신규,수도권,1,
2026-04-26,오프라인,뷰티,신규,영남,0,
2026-04-26,오프라인,뷰티,신규,호남,0,
2026-04-26,오프라인,뷰티,신규,충청,0,
2026-04-26,오프라인,뷰티,기존,수도권,4,
2026-04-26,오프라인,뷰티,기존,영남,2,
2026-04-26,오프라인,뷰티,기존,호남,1,
2026-04-26,오프라인,뷰티,기존,충청,1,
2026-04-26,오프라인,가전,신규,수도권,1,
2026-04-26,오프라인,가전,신규,영남,0,
2026-04-26,오프라인,가전,신규,호남,0,
2026-04-26,오프라인,가전,신규,충청,0,
2026-04-26,오프라인,가전,기존,수도권,4,
2026-04-26,오프라인,가전,기존,영남,3,
2026-04-26,오프라인,가전,기존,호남,1,
2026-04-26,오프라인,가전,기존,충청,1,
2026-04-26,B2B,식품,신규,,0,
2026-04-26,B2B,식품,기존,,0,
2026-04-26,B2B,생활용품,신규,,0,
2026-04-26,B2B,생활용품,기존,,0,
2026-04-26,B2B,뷰티,신규,,0,
2026-04-26,B2B,뷰티,기존,,0,
2026-04-26,B2B,가전,신규,,0,
2026-04-26,B2B,가전,기존,,0,
2026-04-27,온라인,식품,신규,,5,1000
2026-04-27,온라인,식품,기존,,12,2400
2026-04-27,온라인,생활용품,신규,,4,800
2026-04-27,온라인,생활용품,기존,,11,2200
2026-04-27,온라인,뷰티,신규,,3,600
2026-04-27,온라인,뷰티,기존,,8,1600
2026-04-27,온라인,가전,신규,,3,600
2026-04-27,온라인,가전,기존,,10,2000
2026-04-27,오프라인,식품,신규,수도권,2,
2026-04-27,오프라인,식품,신규,영남,1,
2026-04-27,오프라인,식품,신규,호남,0,
2026-04-27,오프라인,식품,신규,충청,0,
2026-04-27,오프라인,식품,기존,수도권,8,
2026-04-27,오프라인,식품,기존,영남,5,
2026-04-27,오프라인,식품,기존,호남,2,
2026-04-27,오프라인,식품,기존,충청,1,
2026-04-27,오프라인,생활용품,신규,수도권,1,
2026-04-27,오프라인,생활용품,신규,영남,0,
2026-04-27,오프라인,생활용품,신규,호남,0,
2026-04-27,오프라인,생활용품,신규,충청,0,
2026-04-27,오프라인,생활용품,기존,수도권,5,
2026-04-27,오프라인,생활용품,기존,영남,3,
2026-04-27,오프라인,생활용품,기존,호남,1,
2026-04-27,오프라인,생활용품,기존,충청,1,
2026-04-27,오프라인,뷰티,신규,수도권,1,
2026-04-27,오프라인,뷰티,신규,영남,0,
2026-04-27,오프라인,뷰티,신규,호남,0,
2026-04-27,오프라인,뷰티,신규,충청,0,
2026-04-27,오프라인,뷰티,기존,수도권,3,
2026-04-27,오프라인,뷰티,기존,영남,2,
2026-04-27,오프라인,뷰티,기존,호남,1,
2026-04-27,오프라인,뷰티,기존,충청,1,
2026-04-27,오프라인,가전,신규,수도권,1,
2026-04-27,오프라인,가전,신규,영남,0,
2026-04-27,오프라인,가전,신규,호남,0,
2026-04-27,오프라인,가전,신규,충청,0,
2026-04-27,오프라인,가전,기존,수도권,4,
2026-04-27,오프라인,가전,기존,영남,2,
2026-04-27,오프라인,가전,기존,호남,1,
2026-04-27,오프라인,가전,기존,충청,0,
2026-04-27,B2B,식품,신규,,1,
2026-04-27,B2B,식품,기존,,10,
2026-04-27,B2B,생활용품,신규,,1,
2026-04-27,B2B,생활용품,기존,,8,
2026-04-27,B2B,뷰티,신규,,0,
2026-04-27,B2B,뷰티,기존,,3,
2026-04-27,B2B,가전,신규,,2,
2026-04-27,B2B,가전,기존,,14,
2026-04-28,온라인,식품,신규,,4,800
2026-04-28,온라인,식품,기존,,12,2400
2026-04-28,온라인,생활용품,신규,,4,800
2026-04-28,온라인,생활용품,기존,,13,2600
2026-04-28,온라인,뷰티,신규,,3,600
2026-04-28,온라인,뷰티,기존,,10,2000
2026-04-28,온라인,가전,신규,,4,800
2026-04-28,온라인,가전,기존,,11,2200
2026-04-28,오프라인,식품,신규,수도권,2,
2026-04-28,오프라인,식품,신규,영남,1,
2026-04-28,오프라인,식품,신규,호남,0,
2026-04-28,오프라인,식품,신규,충청,0,
2026-04-28,오프라인,식품,기존,수도권,7,
2026-04-28,오프라인,식품,기존,영남,5,
2026-04-28,오프라인,식품,기존,호남,2,
2026-04-28,오프라인,식품,기존,충청,1,
2026-04-28,오프라인,생활용품,신규,수도권,1,
2026-04-28,오프라인,생활용품,신규,영남,1,
2026-04-28,오프라인,생활용품,신규,호남,0,
2026-04-28,오프라인,생활용품,신규,충청,0,
2026-04-28,오프라인,생활용품,기존,수도권,6,
2026-04-28,오프라인,생활용품,기존,영남,3,
2026-04-28,오프라인,생활용품,기존,호남,1,
2026-04-28,오프라인,생활용품,기존,충청,1,
2026-04-28,오프라인,뷰티,신규,수도권,1,
2026-04-28,오프라인,뷰티,신규,영남,0,
2026-04-28,오프라인,뷰티,신규,호남,0,
2026-04-28,오프라인,뷰티,신규,충청,0,
2026-04-28,오프라인,뷰티,기존,수도권,3,
2026-04-28,오프라인,뷰티,기존,영남,2,
2026-04-28,오프라인,뷰티,기존,호남,1,
2026-04-28,오프라인,뷰티,기존,충청,0,
2026-04-28,오프라인,가전,신규,수도권,1,
2026-04-28,오프라인,가전,신규,영남,0,
2026-04-28,오프라인,가전,신규,호남,0,
2026-04-28,오프라인,가전,신규,충청,0,
2026-04-28,오프라인,가전,기존,수도권,4,
2026-04-28,오프라인,가전,기존,영남,2,
2026-04-28,오프라인,가전,기존,호남,1,
2026-04-28,오프라인,가전,기존,충청,1,
2026-04-28,B2B,식품,신규,,1,
2026-04-28,B2B,식품,기존,,9,
2026-04-28,B2B,생활용품,신규,,1,
2026-04-28,B2B,생활용품,기존,,9,
2026-04-28,B2B,뷰티,신규,,0,
2026-04-28,B2B,뷰티,기존,,3,
2026-04-28,B2B,가전,신규,,2,
2026-04-28,B2B,가전,기존,,15,
2026-04-29,온라인,식품,신규,,4,800
2026-04-29,온라인,식품,기존,,12,2400
2026-04-29,온라인,생활용품,신규,,4,800
2026-04-29,온라인,생활용품,기존,,12,2400
2026-04-29,온라인,뷰티,신규,,3,600
2026-04-29,온라인,뷰티,기존,,10,2000
2026-04-29,온라인,가전,신규,,4,800
2026-04-29,온라인,가전,기존,,11,2200
2026-04-29,오프라인,식품,신규,수도권,1,
2026-04-29,오프라인,식품,신규,영남,1,
2026-04-29,오프라인,식품,신규,호남,0,
2026-04-29,오프라인,식품,신규,충청,0,
2026-04-29,오프라인,식품,기존,수도권,9,
2026-04-29,오프라인,식품,기존,영남,5,
2026-04-29,오프라인,식품,기존,호남,2,
2026-04-29,오프라인,식품,기존,충청,1,
2026-04-29,오프라인,생활용품,신규,수도권,1,
2026-04-29,오프라인,생활용품,신규,영남,1,
2026-04-29,오프라인,생활용품,신규,호남,0,
2026-04-29,오프라인,생활용품,신규,충청,0,
2026-04-29,오프라인,생활용품,기존,수도권,6,
2026-04-29,오프라인,생활용품,기존,영남,3,
2026-04-29,오프라인,생활용품,기존,호남,1,
2026-04-29,오프라인,생활용품,기존,충청,1,
2026-04-29,오프라인,뷰티,신규,수도권,1,
2026-04-29,오프라인,뷰티,신규,영남,0,
2026-04-29,오프라인,뷰티,신규,호남,0,
2026-04-29,오프라인,뷰티,신규,충청,0,
2026-04-29,오프라인,뷰티,기존,수도권,3,
2026-04-29,오프라인,뷰티,기존,영남,2,
2026-04-29,오프라인,뷰티,기존,호남,1,
2026-04-29,오프라인,뷰티,기존,충청,0,
2026-04-29,오프라인,가전,신규,수도권,1,
2026-04-29,오프라인,가전,신규,영남,0,
2026-04-29,오프라인,가전,신규,호남,0,
2026-04-29,오프라인,가전,신규,충청,0,
2026-04-29,오프라인,가전,기존,수도권,3,
2026-04-29,오프라인,가전,기존,영남,2,
2026-04-29,오프라인,가전,기존,호남,1,
2026-04-29,오프라인,가전,기존,충청,1,
2026-04-29,B2B,식품,신규,,1,
2026-04-29,B2B,식품,기존,,9,
2026-04-29,B2B,생활용품,신규,,1,
2026-04-29,B2B,생활용품,기존,,8,
2026-04-29,B2B,뷰티,신규,,0,
2026-04-29,B2B,뷰티,기존,,2,
2026-04-29,B2B,가전,신규,,2,
2026-04-29,B2B,가전,기존,,17,
2026-04-30,온라인,식품,신규,,5,1000
2026-04-30,온라인,식품,기존,,15,3000
2026-04-30,온라인,생활용품,신규,,4,800
2026-04-30,온라인,생활용품,기존,,11,2200
2026-04-30,온라인,뷰티,신규,,3,600
2026-04-30,온라인,뷰티,기존,,8,1600
2026-04-30,온라인,가전,신규,,3,600
2026-04-30,온라인,가전,기존,,12,2400
2026-04-30,오프라인,식품,신규,수도권,2,
2026-04-30,오프라인,식품,신규,영남,1,
2026-04-30,오프라인,식품,신규,호남,0,
2026-04-30,오프라인,식품,신규,충청,0,
2026-04-30,오프라인,식품,기존,수도권,8,
2026-04-30,오프라인,식품,기존,영남,5,
2026-04-30,오프라인,식품,기존,호남,2,
2026-04-30,오프라인,식품,기존,충청,1,
2026-04-30,오프라인,생활용품,신규,수도권,1,
2026-04-30,오프라인,생활용품,신규,영남,0,
2026-04-30,오프라인,생활용품,신규,호남,0,
2026-04-30,오프라인,생활용품,신규,충청,0,
2026-04-30,오프라인,생활용품,기존,수도권,6,
2026-04-30,오프라인,생활용품,기존,영남,3,
2026-04-30,오프라인,생활용품,기존,호남,1,
2026-04-30,오프라인,생활용품,기존,충청,1,
2026-04-30,오프라인,뷰티,신규,수도권,1,
2026-04-30,오프라인,뷰티,신규,영남,0,
2026-04-30,오프라인,뷰티,신규,호남,0,
2026-04-30,오프라인,뷰티,신규,충청,0,
2026-04-30,오프라인,뷰티,기존,수도권,3,
2026-04-30,오프라인,뷰티,기존,영남,2,
2026-04-30,오프라인,뷰티,기존,호남,1,
2026-04-30,오프라인,뷰티,기존,충청,0,
2026-04-30,오프라인,가전,신규,수도권,1,
2026-04-30,오프라인,가전,신규,영남,0,
2026-04-30,오프라인,가전,신규,호남,0,
2026-04-30,오프라인,가전,신규,충청,0,
2026-04-30,오프라인,가전,기존,수도권,4,
2026-04-30,오프라인,가전,기존,영남,2,
2026-04-30,오프라인,가전,기존,호남,1,
2026-04-30,오프라인,가전,기존,충청,1,
2026-04-30,B2B,식품,신규,,1,
2026-04-30,B2B,식품,기존,,10,
2026-04-30,B2B,생활용품,신규,,1,
2026-04-30,B2B,생활용품,기존,,8,
2026-04-30,B2B,뷰티,신규,,0,
2026-04-30,B2B,뷰티,기존,,3,
2026-04-30,B2B,가전,신규,,2,
2026-04-30,B2B,가전,기존,,16,
2026-05-01,온라인,식품,신규,,4,800
2026-05-01,온라인,식품,기존,,12,2400
2026-05-01,온라인,생활용품,신규,,4,800
2026-05-01,온라인,생활용품,기존,,10,2000
2026-05-01,온라인,뷰티,신규,,3,600
2026-05-01,온라인,뷰티,기존,,8,1600
2026-05-01,온라인,가전,신규,,4,800
2026-05-01,온라인,가전,기존,,12,2400
2026-05-01,오프라인,식품,신규,수도권,2,
2026-05-01,오프라인,식품,신규,영남,1,
2026-05-01,오프라인,식품,신규,호남,0,
2026-05-01,오프라인,식품,신규,충청,0,
2026-05-01,오프라인,식품,기존,수도권,10,
2026-05-01,오프라인,식품,기존,영남,5,
2026-05-01,오프라인,식품,기존,호남,2,
2026-05-01,오프라인,식품,기존,충청,1,
2026-05-01,오프라인,생활용품,신규,수도권,1,
2026-05-01,오프라인,생활용품,신규,영남,1,
2026-05-01,오프라인,생활용품,신규,호남,0,
2026-05-01,오프라인,생활용품,신규,충청,0,
2026-05-01,오프라인,생활용품,기존,수도권,5,
2026-05-01,오프라인,생활용품,기존,영남,3,
2026-05-01,오프라인,생활용품,기존,호남,1,
2026-05-01,오프라인,생활용품,기존,충청,1,
2026-05-01,오프라인,뷰티,신규,수도권,1,
2026-05-01,오프라인,뷰티,신규,영남,0,
2026-05-01,오프라인,뷰티,신규,호남,0,
2026-05-01,오프라인,뷰티,신규,충청,0,
2026-05-01,오프라인,뷰티,기존,수도권,3,
2026-05-01,오프라인,뷰티,기존,영남,2,
2026-05-01,오프라인,뷰티,기존,호남,1,
2026-05-01,오프라인,뷰티,기존,충청,0,
2026-05-01,오프라인,가전,신규,수도권,1,
2026-05-01,오프라인,가전,신규,영남,0,
2026-05-01,오프라인,가전,신규,호남,0,
2026-05-01,오프라인,가전,신규,충청,0,
2026-05-01,오프라인,가전,기존,수도권,5,
2026-05-01,오프라인,가전,기존,영남,2,
2026-05-01,오프라인,가전,기존,호남,1,
2026-05-01,오프라인,가전,기존,충청,1,
2026-05-01,B2B,식품,신규,,1,
2026-05-01,B2B,식품,기존,,9,
2026-05-01,B2B,생활용품,신규,,1,
2026-05-01,B2B,생활용품,기존,,9,
2026-05-01,B2B,뷰티,신규,,0,
2026-05-01,B2B,뷰티,기존,,3,
2026-05-01,B2B,가전,신규,,2,
2026-05-01,B2B,가전,기존,,21,
2026-05-02,온라인,식품,신규,,6,1200
2026-05-02,온라인,식품,기존,,15,3000
2026-05-02,온라인,생활용품,신규,,4,800
2026-05-02,온라인,생활용품,기존,,13,2600
2026-05-02,온라인,뷰티,신규,,3,600
2026-05-02,온라인,뷰티,기존,,9,1800
2026-05-02,온라인,가전,신규,,4,800
2026-05-02,온라인,가전,기존,,12,2400
2026-05-02,오프라인,식품,신규,수도권,2,
2026-05-02,오프라인,식품,신규,영남,1,
2026-05-02,오프라인,식품,신규,호남,0,
2026-05-02,오프라인,식품,신규,충청,0,
2026-05-02,오프라인,식품,기존,수도권,11,
2026-05-02,오프라인,식품,기존,영남,6,
2026-05-02,오프라인,식품,기존,호남,3,
2026-05-02,오프라인,식품,기존,충청,2,
2026-05-02,오프라인,생활용품,신규,수도권,1,
2026-05-02,오프라인,생활용품,신규,영남,1,
2026-05-02,오프라인,생활용품,신규,호남,0,
2026-05-02,오프라인,생활용품,신규,충청,0,
2026-05-02,오프라인,생활용품,기존,수도권,7,
2026-05-02,오프라인,생활용품,기존,영남,4,
2026-05-02,오프라인,생활용품,기존,호남,2,
2026-05-02,오프라인,생활용품,기존,충청,1,
2026-05-02,오프라인,뷰티,신규,수도권,1,
2026-05-02,오프라인,뷰티,신규,영남,0,
2026-05-02,오프라인,뷰티,신규,호남,0,
2026-05-02,오프라인,뷰티,신규,충청,0,
2026-05-02,오프라인,뷰티,기존,수도권,4,
2026-05-02,오프라인,뷰티,기존,영남,3,
2026-05-02,오프라인,뷰티,기존,호남,1,
2026-05-02,오프라인,뷰티,기존,충청,1,
2026-05-02,오프라인,가전,신규,수도권,1,
2026-05-02,오프라인,가전,신규,영남,0,
2026-05-02,오프라인,가전,신규,호남,0,
2026-05-02,오프라인,가전,신규,충청,0,
2026-05-02,오프라인,가전,기존,수도권,5,
2026-05-02,오프라인,가전,기존,영남,3,
2026-05-02,오프라인,가전,기존,호남,1,
2026-05-02,오프라인,가전,기존,충청,1,
2026-05-02,B2B,식품,신규,,0,
2026-05-02,B2B,식품,기존,,0,
2026-05-02,B2B,생활용품,신규,,0,
2026-05-02,B2B,생활용품,기존,,0,
2026-05-02,B2B,뷰티,신규,,0,
2026-05-02,B2B,뷰티,기존,,0,
2026-05-02,B2B,가전,신규,,0,
2026-05-02,B2B,가전,기존,,1,
2026-05-03,온라인,식품,신규,,5,1000
2026-05-03,온라인,식품,기존,,15,3000
2026-05-03,온라인,생활용품,신규,,5,1000
2026-05-03,온라인,생활용품,기존,,13,2600
2026-05-03,온라인,뷰티,신규,,3,600
2026-05-03,온라인,뷰티,기존,,11,2200
2026-05-03,온라인,가전,신규,,5,1000
2026-05-03,온라인,가전,기존,,13,2600
2026-05-03,오프라인,식품,신규,수도권,2,
2026-05-03,오프라인,식품,신규,영남,1,
2026-05-03,오프라인,식품,신규,호남,1,
2026-05-03,오프라인,식품,신규,충청,0,
2026-05-03,오프라인,식품,기존,수도권,11,
2026-05-03,오프라인,식품,기존,영남,7,
2026-05-03,오프라인,식품,기존,호남,2,
2026-05-03,오프라인,식품,기존,충청,2,
2026-05-03,오프라인,생활용품,신규,수도권,1,
2026-05-03,오프라인,생활용품,신규,영남,1,
2026-05-03,오프라인,생활용품,신규,호남,0,
2026-05-03,오프라인,생활용품,신규,충청,0,
2026-05-03,오프라인,생활용품,기존,수도권,8,
2026-05-03,오프라인,생활용품,기존,영남,4,
2026-05-03,오프라인,생활용품,기존,호남,2,
2026-05-03,오프라인,생활용품,기존,충청,1,
2026-05-03,오프라인,뷰티,신규,수도권,1,
2026-05-03,오프라인,뷰티,신규,영남,0,
2026-05-03,오프라인,뷰티,신규,호남,0,
2026-05-03,오프라인,뷰티,신규,충청,0,
2026-05-03,오프라인,뷰티,기존,수도권,3,
2026-05-03,오프라인,뷰티,기존,영남,2,
2026-05-03,오프라인,뷰티,기존,호남,1,
2026-05-03,오프라인,뷰티,기존,충청,1,
2026-05-03,오프라인,가전,신규,수도권,1,
2026-05-03,오프라인,가전,신규,영남,0,
2026-05-03,오프라인,가전,신규,호남,0,
2026-05-03,오프라인,가전,신규,충청,0,
2026-05-03,오프라인,가전,기존,수도권,5,
2026-05-03,오프라인,가전,기존,영남,2,
2026-05-03,오프라인,가전,기존,호남,1,
2026-05-03,오프라인,가전,기존,충청,1,
2026-05-03,B2B,식품,신규,,0,
2026-05-03,B2B,식품,기존,,0,
2026-05-03,B2B,생활용품,신규,,0,
2026-05-03,B2B,생활용품,기존,,0,
2026-05-03,B2B,뷰티,신규,,0,
2026-05-03,B2B,뷰티,기존,,0,
2026-05-03,B2B,가전,신규,,0,
2026-05-03,B2B,가전,기존,,0,
2026-05-04,온라인,식품,신규,,4,800
2026-05-04,온라인,식품,기존,,13,2600
2026-05-04,온라인,생활용품,신규,,4,800
2026-05-04,온라인,생활용품,기존,,11,2200
2026-05-04,온라인,뷰티,신규,,3,600
2026-05-04,온라인,뷰티,기존,,8,1600
2026-05-04,온라인,가전,신규,,4,800
2026-05-04,온라인,가전,기존,,11,2200
2026-05-04,오프라인,식품,신규,수도권,2,
2026-05-04,오프라인,식품,신규,영남,1,
2026-05-04,오프라인,식품,신규,호남,0,
2026-05-04,오프라인,식품,신규,충청,0,
2026-05-04,오프라인,식품,기존,수도권,9,
2026-05-04,오프라인,식품,기존,영남,5,
2026-05-04,오프라인,식품,기존,호남,2,
2026-05-04,오프라인,식품,기존,충청,1,
2026-05-04,오프라인,생활용품,신규,수도권,1,
2026-05-04,오프라인,생활용품,신규,영남,1,
2026-05-04,오프라인,생활용품,신규,호남,0,
2026-05-04,오프라인,생활용품,신규,충청,0,
2026-05-04,오프라인,생활용품,기존,수도권,5,
2026-05-04,오프라인,생활용품,기존,영남,3,
2026-05-04,오프라인,생활용품,기존,호남,1,
2026-05-04,오프라인,생활용품,기존,충청,1,
2026-05-04,오프라인,뷰티,신규,수도권,1,
2026-05-04,오프라인,뷰티,신규,영남,0,
2026-05-04,오프라인,뷰티,신규,호남,0,
2026-05-04,오프라인,뷰티,신규,충청,0,
2026-05-04,오프라인,뷰티,기존,수도권,3,
2026-05-04,오프라인,뷰티,기존,영남,2,
2026-05-04,오프라인,뷰티,기존,호남,1,
2026-05-04,오프라인,뷰티,기존,충청,1,
2026-05-04,오프라인,가전,신규,수도권,1,
2026-05-04,오프라인,가전,신규,영남,0,
2026-05-04,오프라인,가전,신규,호남,0,
2026-05-04,오프라인,가전,신규,충청,0,
2026-05-04,오프라인,가전,기존,수도권,4,
2026-05-04,오프라인,가전,기존,영남,2,
2026-05-04,오프라인,가전,기존,호남,1,
2026-05-04,오프라인,가전,기존,충청,1,
2026-05-04,B2B,식품,신규,,1,
2026-05-04,B2B,식품,기존,,11,
2026-05-04,B2B,생활용품,신규,,1,
2026-05-04,B2B,생활용품,기존,,9,
2026-05-04,B2B,뷰티,신규,,0,
2026-05-04,B2B,뷰티,기존,,3,
2026-05-04,B2B,가전,신규,,2,
2026-05-04,B2B,가전,기존,,17,
2026-05-05,온라인,식품,신규,,5,1000
2026-05-05,온라인,식품,기존,,16,3200
2026-05-05,온라인,생활용품,신규,,3,600
2026-05-05,온라인,생활용품,기존,,12,2400
2026-05-05,온라인,뷰티,신규,,3,600
2026-05-05,온라인,뷰티,기존,,9,1800
2026-05-05,온라인,가전,신규,,3,600
2026-05-05,온라인,가전,기존,,9,1800
2026-05-05,오프라인,식품,신규,수도권,1,
2026-05-05,오프라인,식품,신규,영남,1,
2026-05-05,오프라인,식품,신규,호남,0,
2026-05-05,오프라인,식품,신규,충청,0,
2026-05-05,오프라인,식품,기존,수도권,9,
2026-05-05,오프라인,식품,기존,영남,5,
2026-05-05,오프라인,식품,기존,호남,2,
2026-05-05,오프라인,식품,기존,충청,1,
2026-05-05,오프라인,생활용품,신규,수도권,1,
2026-05-05,오프라인,생활용품,신규,영남,1,
2026-05-05,오프라인,생활용품,신규,호남,0,
2026-05-05,오프라인,생활용품,신규,충청,0,
2026-05-05,오프라인,생활용품,기존,수도권,5,
2026-05-05,오프라인,생활용품,기존,영남,3,
2026-05-05,오프라인,생활용품,기존,호남,1,
2026-05-05,오프라인,생활용품,기존,충청,1,
2026-05-05,오프라인,뷰티,신규,수도권,1,
2026-05-05,오프라인,뷰티,신규,영남,0,
2026-05-05,오프라인,뷰티,신규,호남,0,
2026-05-05,오프라인,뷰티,신규,충청,0,
2026-05-05,오프라인,뷰티,기존,수도권,3,
2026-05-05,오프라인,뷰티,기존,영남,2,
2026-05-05,오프라인,뷰티,기존,호남,1,
2026-05-05,오프라인,뷰티,기존,충청,0,
2026-05-05,오프라인,가전,신규,수도권,1,
2026-05-05,오프라인,가전,신규,영남,0,
2026-05-05,오프라인,가전,신규,호남,0,
2026-05-05,오프라인,가전,신규,충청,0,
2026-05-05,오프라인,가전,기존,수도권,4,
2026-05-05,오프라인,가전,기존,영남,2,
2026-05-05,오프라인,가전,기존,호남,1,
2026-05-05,오프라인,가전,기존,충청,1,
2026-05-05,B2B,식품,신규,,1,
2026-05-05,B2B,식품,기존,,12,
2026-05-05,B2B,생활용품,신규,,1,
2026-05-05,B2B,생활용품,기존,,7,
2026-05-05,B2B,뷰티,신규,,0,
2026-05-05,B2B,뷰티,기존,,3,
2026-05-05,B2B,가전,신규,,2,
2026-05-05,B2B,가전,기존,,17,
2026-05-06,온라인,식품,신규,,4,800
2026-05-06,온라인,식품,기존,,17,3400
2026-05-06,온라인,생활용품,신규,,3,600
2026-05-06,온라인,생활용품,기존,,13,2600
2026-05-06,온라인,뷰티,신규,,3,600
2026-05-06,온라인,뷰티,기존,,10,2000
2026-05-06,온라인,가전,신규,,3,600
2026-05-06,온라인,가전,기존,,11,2200
2026-05-06,오프라인,식품,신규,수도권,1,
2026-05-06,오프라인,식품,신규,영남,1,
2026-05-06,오프라인,식품,신규,호남,0,
2026-05-06,오프라인,식품,신규,충청,0,
2026-05-06,오프라인,식품,기존,수도권,10,
2026-05-06,오프라인,식품,기존,영남,5,
2026-05-06,오프라인,식품,기존,호남,2,
2026-05-06,오프라인,식품,기존,충청,1,
2026-05-06,오프라인,생활용품,신규,수도권,1,
2026-05-06,오프라인,생활용품,신규,영남,1,
2026-05-06,오프라인,생활용품,신규,호남,0,
2026-05-06,오프라인,생활용품,신규,충청,0,
2026-05-06,오프라인,생활용품,기존,수도권,6,
2026-05-06,오프라인,생활용품,기존,영남,3,
2026-05-06,오프라인,생활용품,기존,호남,2,
2026-05-06,오프라인,생활용품,기존,충청,1,
2026-05-06,오프라인,뷰티,신규,수도권,1,
2026-05-06,오프라인,뷰티,신규,영남,0,
2026-05-06,오프라인,뷰티,신규,호남,0,
2026-05-06,오프라인,뷰티,신규,충청,0,
2026-05-06,오프라인,뷰티,기존,수도권,3,
2026-05-06,오프라인,뷰티,기존,영남,2,
2026-05-06,오프라인,뷰티,기존,호남,1,
2026-05-06,오프라인,뷰티,기존,충청,0,
2026-05-06,오프라인,가전,신규,수도권,1,
2026-05-06,오프라인,가전,신규,영남,0,
2026-05-06,오프라인,가전,신규,호남,0,
2026-05-06,오프라인,가전,신규,충청,0,
2026-05-06,오프라인,가전,기존,수도권,3,
2026-05-06,오프라인,가전,기존,영남,2,
2026-05-06,오프라인,가전,기존,호남,1,
2026-05-06,오프라인,가전,기존,충청,1,
2026-05-06,B2B,식품,신규,,1,
2026-05-06,B2B,식품,기존,,11,
2026-05-06,B2B,생활용품,신규,,1,
2026-05-06,B2B,생활용품,기존,,6,
2026-05-06,B2B,뷰티,신규,,0,
2026-05-06,B2B,뷰티,기존,,3,
2026-05-06,B2B,가전,신규,,2,
2026-05-06,B2B,가전,기존,,17,
2026-05-07,온라인,식품,신규,,4,800
2026-05-07,온라인,식품,기존,,12,2400
2026-05-07,온라인,생활용품,신규,,4,800
2026-05-07,온라인,생활용품,기존,,11,2200
2026-05-07,온라인,뷰티,신규,,3,600
2026-05-07,온라인,뷰티,기존,,8,1600
2026-05-07,온라인,가전,신규,,5,1000
2026-05-07,온라인,가전,기존,,10,2000
2026-05-07,오프라인,식품,신규,수도권,1,
2026-05-07,오프라인,식품,신규,영남,1,
2026-05-07,오프라인,식품,신규,호남,0,
2026-05-07,오프라인,식품,신규,충청,0,
2026-05-07,오프라인,식품,기존,수도권,9,
2026-05-07,오프라인,식품,기존,영남,5,
2026-05-07,오프라인,식품,기존,호남,2,
2026-05-07,오프라인,식품,기존,충청,2,
2026-05-07,오프라인,생활용품,신규,수도권,1,
2026-05-07,오프라인,생활용품,신규,영남,1,
2026-05-07,오프라인,생활용품,신규,호남,0,
2026-05-07,오프라인,생활용품,신규,충청,0,
2026-05-07,오프라인,생활용품,기존,수도권,5,
2026-05-07,오프라인,생활용품,기존,영남,3,
2026-05-07,오프라인,생활용품,기존,호남,1,
2026-05-07,오프라인,생활용품,기존,충청,1,
2026-05-07,오프라인,뷰티,신규,수도권,1,
2026-05-07,오프라인,뷰티,신규,영남,0,
2026-05-07,오프라인,뷰티,신규,호남,0,
2026-05-07,오프라인,뷰티,신규,충청,0,
2026-05-07,오프라인,뷰티,기존,수도권,3,
2026-05-07,오프라인,뷰티,기존,영남,2,
2026-05-07,오프라인,뷰티,기존,호남,1,
2026-05-07,오프라인,뷰티,기존,충청,0,
2026-05-07,오프라인,가전,신규,수도권,1,
2026-05-07,오프라인,가전,신규,영남,0,
2026-05-07,오프라인,가전,신규,호남,0,
2026-05-07,오프라인,가전,신규,충청,0,
2026-05-07,오프라인,가전,기존,수도권,4,
2026-05-07,오프라인,가전,기존,영남,2,
2026-05-07,오프라인,가전,기존,호남,1,
2026-05-07,오프라인,가전,기존,충청,1,
2026-05-07,B2B,식품,신규,,1,
2026-05-07,B2B,식품,기존,,10,
2026-05-07,B2B,생활용품,신규,,1,
2026-05-07,B2B,생활용품,기존,,7,
2026-05-07,B2B,뷰티,신규,,0,
2026-05-07,B2B,뷰티,기존,,2,
2026-05-07,B2B,가전,신규,,2,
2026-05-07,B2B,가전,기존,,17,
2026-05-08,온라인,식품,신규,,5,1000
2026-05-08,온라인,식품,기존,,12,2400
2026-05-08,온라인,생활용품,신규,,4,800
2026-05-08,온라인,생활용품,기존,,10,2000
2026-05-08,온라인,뷰티,신규,,3,600
2026-05-08,온라인,뷰티,기존,,9,1800
2026-05-08,온라인,가전,신규,,4,800
2026-05-08,온라인,가전,기존,,10,2000
2026-05-08,오프라인,식품,신규,수도권,2,
2026-05-08,오프라인,식품,신규,영남,1,
2026-05-08,오프라인,식품,신규,호남,0,
2026-05-08,오프라인,식품,신규,충청,0,
2026-05-08,오프라인,식품,기존,수도권,8,
2026-05-08,오프라인,식품,기존,영남,5,
2026-05-08,오프라인,식품,기존,호남,2,
2026-05-08,오프라인,식품,기존,충청,1,
2026-05-08,오프라인,생활용품,신규,수도권,1,
2026-05-08,오프라인,생활용품,신규,영남,1,
2026-05-08,오프라인,생활용품,신규,호남,0,
2026-05-08,오프라인,생활용품,신규,충청,0,
2026-05-08,오프라인,생활용품,기존,수도권,5,
2026-05-08,오프라인,생활용품,기존,영남,4,
2026-05-08,오프라인,생활용품,기존,호남,1,
2026-05-08,오프라인,생활용품,기존,충청,1,
2026-05-08,오프라인,뷰티,신규,수도권,1,
2026-05-08,오프라인,뷰티,신규,영남,0,
2026-05-08,오프라인,뷰티,신규,호남,0,
2026-05-08,오프라인,뷰티,신규,충청,0,
2026-05-08,오프라인,뷰티,기존,수도권,3,
2026-05-08,오프라인,뷰티,기존,영남,2,
2026-05-08,오프라인,뷰티,기존,호남,1,
2026-05-08,오프라인,뷰티,기존,충청,1,
2026-05-08,오프라인,가전,신규,수도권,1,
2026-05-08,오프라인,가전,신규,영남,0,
2026-05-08,오프라인,가전,신규,호남,0,
2026-05-08,오프라인,가전,신규,충청,0,
2026-05-08,오프라인,가전,기존,수도권,4,
2026-05-08,오프라인,가전,기존,영남,2,
2026-05-08,오프라인,가전,기존,호남,1,
2026-05-08,오프라인,가전,기존,충청,0,
2026-05-08,B2B,식품,신규,,1,
2026-05-08,B2B,식품,기존,,10,
2026-05-08,B2B,생활용품,신규,,1,
2026-05-08,B2B,생활용품,기존,,8,
2026-05-08,B2B,뷰티,신규,,0,
2026-05-08,B2B,뷰티,기존,,3,
2026-05-08,B2B,가전,신규,,2,
2026-05-08,B2B,가전,기존,,16,
2026-05-09,온라인,식품,신규,,5,1000
2026-05-09,온라인,식품,기존,,15,3000
2026-05-09,온라인,생활용품,신규,,4,800
2026-05-09,온라인,생활용품,기존,,13,2600
2026-05-09,온라인,뷰티,신규,,4,800
2026-05-09,온라인,뷰티,기존,,11,2200
2026-05-09,온라인,가전,신규,,4,800
2026-05-09,온라인,가전,기존,,12,2400
2026-05-09,오프라인,식품,신규,수도권,2,
2026-05-09,오프라인,식품,신규,영남,1,
2026-05-09,오프라인,식품,신규,호남,1,
2026-05-09,오프라인,식품,신규,충청,0,
2026-05-09,오프라인,식품,기존,수도권,10,
2026-05-09,오프라인,식품,기존,영남,6,
2026-05-09,오프라인,식품,기존,호남,3,
2026-05-09,오프라인,식품,기존,충청,2,
2026-05-09,오프라인,생활용품,신규,수도권,1,
2026-05-09,오프라인,생활용품,신규,영남,1,
2026-05-09,오프라인,생활용품,신규,호남,0,
2026-05-09,오프라인,생활용품,신규,충청,0,
2026-05-09,오프라인,생활용품,기존,수도권,7,
2026-05-09,오프라인,생활용품,기존,영남,4,
2026-05-09,오프라인,생활용품,기존,호남,2,
2026-05-09,오프라인,생활용품,기존,충청,1,
2026-05-09,오프라인,뷰티,신규,수도권,1,
2026-05-09,오프라인,뷰티,신규,영남,0,
2026-05-09,오프라인,뷰티,신규,호남,0,
2026-05-09,오프라인,뷰티,신규,충청,0,
2026-05-09,오프라인,뷰티,기존,수도권,4,
2026-05-09,오프라인,뷰티,기존,영남,2,
2026-05-09,오프라인,뷰티,기존,호남,1,
2026-05-09,오프라인,뷰티,기존,충청,1,
2026-05-09,오프라인,가전,신규,수도권,1,
2026-05-09,오프라인,가전,신규,영남,0,
2026-05-09,오프라인,가전,신규,호남,0,
2026-05-09,오프라인,가전,신규,충청,0,
2026-05-09,오프라인,가전,기존,수도권,5,
2026-05-09,오프라인,가전,기존,영남,2,
2026-05-09,오프라인,가전,기존,호남,1,
2026-05-09,오프라인,가전,기존,충청,1,
2026-05-09,B2B,식품,신규,,0,
2026-05-09,B2B,식품,기존,,0,
2026-05-09,B2B,생활용품,신규,,0,
2026-05-09,B2B,생활용품,기존,,0,
2026-05-09,B2B,뷰티,신규,,0,
2026-05-09,B2B,뷰티,기존,,0,
2026-05-09,B2B,가전,신규,,0,
2026-05-09,B2B,가전,기존,,1,
2026-05-10,온라인,식품,신규,,5,1000
2026-05-10,온라인,식품,기존,,14,2800
2026-05-10,온라인,생활용품,신규,,4,800
2026-05-10,온라인,생활용품,기존,,14,2800
2026-05-10,온라인,뷰티,신규,,4,800
2026-05-10,온라인,뷰티,기존,,10,2000
2026-05-10,온라인,가전,신규,,4,800
2026-05-10,온라인,가전,기존,,15,3000
2026-05-10,오프라인,식품,신규,수도권,2,
2026-05-10,오프라인,식품,신규,영남,1,
2026-05-10,오프라인,식품,신규,호남,1,
2026-05-10,오프라인,식품,신규,충청,0,
2026-05-10,오프라인,식품,기존,수도권,10,
2026-05-10,오프라인,식품,기존,영남,6,
2026-05-10,오프라인,식품,기존,호남,2,
2026-05-10,오프라인,식품,기존,충청,2,
2026-05-10,오프라인,생활용품,신규,수도권,1,
2026-05-10,오프라인,생활용품,신규,영남,1,
2026-05-10,오프라인,생활용품,신규,호남,0,
2026-05-10,오프라인,생활용품,신규,충청,0,
2026-05-10,오프라인,생활용품,기존,수도권,9,
2026-05-10,오프라인,생활용품,기존,영남,4,
2026-05-10,오프라인,생활용품,기존,호남,1,
2026-05-10,오프라인,생활용품,기존,충청,1,
2026-05-10,오프라인,뷰티,신규,수도권,1,
2026-05-10,오프라인,뷰티,신규,영남,0,
2026-05-10,오프라인,뷰티,신규,호남,0,
2026-05-10,오프라인,뷰티,신규,충청,0,
2026-05-10,오프라인,뷰티,기존,수도권,4,
2026-05-10,오프라인,뷰티,기존,영남,2,
2026-05-10,오프라인,뷰티,기존,호남,1,
2026-05-10,오프라인,뷰티,기존,충청,1,
2026-05-10,오프라인,가전,신규,수도권,1,
2026-05-10,오프라인,가전,신규,영남,0,
2026-05-10,오프라인,가전,신규,호남,0,
2026-05-10,오프라인,가전,신규,충청,0,
2026-05-10,오프라인,가전,기존,수도권,4,
2026-05-10,오프라인,가전,기존,영남,3,
2026-05-10,오프라인,가전,기존,호남,1,
2026-05-10,오프라인,가전,기존,충청,1,
2026-05-10,B2B,식품,신규,,0,
2026-05-10,B2B,식품,기존,,0,
2026-05-10,B2B,생활용품,신규,,0,
2026-05-10,B2B,생활용품,기존,,0,
2026-05-10,B2B,뷰티,신규,,0,
2026-05-10,B2B,뷰티,기존,,0,
2026-05-10,B2B,가전,신규,,0,
2026-05-10,B2B,가전,기존,,0,
2026-05-11,온라인,식품,신규,,4,800
2026-05-11,온라인,식품,기존,,13,2600
2026-05-11,온라인,생활용품,신규,,4,800
2026-05-11,온라인,생활용품,기존,,11,2200
2026-05-11,온라인,뷰티,신규,,3,600
2026-05-11,온라인,뷰티,기존,,12,2400
2026-05-11,온라인,가전,신규,,4,800
2026-05-11,온라인,가전,기존,,11,2200
2026-05-11,오프라인,식품,신규,수도권,1,
2026-05-11,오프라인,식품,신규,영남,1,
2026-05-11,오프라인,식품,신규,호남,0,
2026-05-11,오프라인,식품,신규,충청,0,
2026-05-11,오프라인,식품,기존,수도권,10,
2026-05-11,오프라인,식품,기존,영남,4,
2026-05-11,오프라인,식품,기존,호남,2,
2026-05-11,오프라인,식품,기존,충청,1,
2026-05-11,오프라인,생활용품,신규,수도권,1,
2026-05-11,오프라인,생활용품,신규,영남,1,
2026-05-11,오프라인,생활용품,신규,호남,0,
2026-05-11,오프라인,생활용품,신규,충청,0,
2026-05-11,오프라인,생활용품,기존,수도권,6,
2026-05-11,오프라인,생활용품,기존,영남,3,
2026-05-11,오프라인,생활용품,기존,호남,1,
2026-05-11,오프라인,생활용품,기존,충청,1,
2026-05-11,오프라인,뷰티,신규,수도권,1,
2026-05-11,오프라인,뷰티,신규,영남,0,
2026-05-11,오프라인,뷰티,신규,호남,0,
2026-05-11,오프라인,뷰티,신규,충청,0,
2026-05-11,오프라인,뷰티,기존,수도권,3,
2026-05-11,오프라인,뷰티,기존,영남,2,
2026-05-11,오프라인,뷰티,기존,호남,1,
2026-05-11,오프라인,뷰티,기존,충청,1,
2026-05-11,오프라인,가전,신규,수도권,1,
2026-05-11,오프라인,가전,신규,영남,0,
2026-05-11,오프라인,가전,신규,호남,0,
2026-05-11,오프라인,가전,신규,충청,0,
2026-05-11,오프라인,가전,기존,수도권,4,
2026-05-11,오프라인,가전,기존,영남,2,
2026-05-11,오프라인,가전,기존,호남,1,
2026-05-11,오프라인,가전,기존,충청,1,
2026-05-11,B2B,식품,신규,,1,
2026-05-11,B2B,식품,기존,,10,
2026-05-11,B2B,생활용품,신규,,1,
2026-05-11,B2B,생활용품,기존,,8,
2026-05-11,B2B,뷰티,신규,,0,
2026-05-11,B2B,뷰티,기존,,3,
2026-05-11,B2B,가전,신규,,2,
2026-05-11,B2B,가전,기존,,18,
2026-05-12,온라인,식품,신규,,4,800
2026-05-12,온라인,식품,기존,,16,3200
2026-05-12,온라인,생활용품,신규,,3,600
2026-05-12,온라인,생활용품,기존,,10,2000
2026-05-12,온라인,뷰티,신규,,3,600
2026-05-12,온라인,뷰티,기존,,8,1600
2026-05-12,온라인,가전,신규,,3,600
2026-05-12,온라인,가전,기존,,11,2200
2026-05-12,오프라인,식품,신규,수도권,2,
2026-05-12,오프라인,식품,신규,영남,1,
2026-05-12,오프라인,식품,신규,호남,0,
2026-05-12,오프라인,식품,신규,충청,0,
2026-05-12,오프라인,식품,기존,수도권,9,
2026-05-12,오프라인,식품,기존,영남,5,
2026-05-12,오프라인,식품,기존,호남,2,
2026-05-12,오프라인,식품,기존,충청,1,
2026-05-12,오프라인,생활용품,신규,수도권,1,
2026-05-12,오프라인,생활용품,신규,영남,0,
2026-05-12,오프라인,생활용품,신규,호남,0,
2026-05-12,오프라인,생활용품,신규,충청,0,
2026-05-12,오프라인,생활용품,기존,수도권,6,
2026-05-12,오프라인,생활용품,기존,영남,3,
2026-05-12,오프라인,생활용품,기존,호남,1,
2026-05-12,오프라인,생활용품,기존,충청,1,
2026-05-12,오프라인,뷰티,신규,수도권,1,
2026-05-12,오프라인,뷰티,신규,영남,0,
2026-05-12,오프라인,뷰티,신규,호남,0,
2026-05-12,오프라인,뷰티,신규,충청,0,
2026-05-12,오프라인,뷰티,기존,수도권,4,
2026-05-12,오프라인,뷰티,기존,영남,2,
2026-05-12,오프라인,뷰티,기존,호남,1,
2026-05-12,오프라인,뷰티,기존,충청,1,
2026-05-12,오프라인,가전,신규,수도권,1,
2026-05-12,오프라인,가전,신규,영남,0,
2026-05-12,오프라인,가전,신규,호남,0,
2026-05-12,오프라인,가전,신규,충청,0,
2026-05-12,오프라인,가전,기존,수도권,4,
2026-05-12,오프라인,가전,기존,영남,2,
2026-05-12,오프라인,가전,기존,호남,1,
2026-05-12,오프라인,가전,기존,충청,1,
2026-05-12,B2B,식품,신규,,1,
2026-05-12,B2B,식품,기존,,10,
2026-05-12,B2B,생활용품,신규,,1,
2026-05-12,B2B,생활용품,기존,,7,
2026-05-12,B2B,뷰티,신규,,0,
2026-05-12,B2B,뷰티,기존,,3,
2026-05-12,B2B,가전,신규,,2,
2026-05-12,B2B,가전,기존,,15,
2026-05-13,온라인,식품,신규,,4,800
2026-05-13,온라인,식품,기존,,13,2600
2026-05-13,온라인,생활용품,신규,,4,800
2026-05-13,온라인,생활용품,기존,,13,2600
2026-05-13,온라인,뷰티,신규,,2,400
2026-05-13,온라인,뷰티,기존,,10,2000
2026-05-13,온라인,가전,신규,,4,800
2026-05-13,온라인,가전,기존,,12,2400
2026-05-13,오프라인,식품,신규,수도권,1,
2026-05-13,오프라인,식품,신규,영남,1,
2026-05-13,오프라인,식품,신규,호남,0,
2026-05-13,오프라인,식품,신규,충청,0,
2026-05-13,오프라인,식품,기존,수도권,8,
2026-05-13,오프라인,식품,기존,영남,5,
2026-05-13,오프라인,식품,기존,호남,2,
2026-05-13,오프라인,식품,기존,충청,1,
2026-05-13,오프라인,생활용품,신규,수도권,1,
2026-05-13,오프라인,생활용품,신규,영남,1,
2026-05-13,오프라인,생활용품,신규,호남,0,
2026-05-13,오프라인,생활용품,신규,충청,0,
2026-05-13,오프라인,생활용품,기존,수도권,5,
2026-05-13,오프라인,생활용품,기존,영남,3,
2026-05-13,오프라인,생활용품,기존,호남,2,
2026-05-13,오프라인,생활용품,기존,충청,1,
2026-05-13,오프라인,뷰티,신규,수도권,1,
2026-05-13,오프라인,뷰티,신규,영남,0,
2026-05-13,오프라인,뷰티,신규,호남,0,
2026-05-13,오프라인,뷰티,신규,충청,0,
2026-05-13,오프라인,뷰티,기존,수도권,3,
2026-05-13,오프라인,뷰티,기존,영남,2,
2026-05-13,오프라인,뷰티,기존,호남,1,
2026-05-13,오프라인,뷰티,기존,충청,0,
2026-05-13,오프라인,가전,신규,수도권,1,
2026-05-13,오프라인,가전,신규,영남,0,
2026-05-13,오프라인,가전,신규,호남,0,
2026-05-13,오프라인,가전,신규,충청,0,
2026-05-13,오프라인,가전,기존,수도권,4,
2026-05-13,오프라인,가전,기존,영남,2,
2026-05-13,오프라인,가전,기존,호남,1,
2026-05-13,오프라인,가전,기존,충청,1,
2026-05-13,B2B,식품,신규,,1,
2026-05-13,B2B,식품,기존,,8,
2026-05-13,B2B,생활용품,신규,,1,
2026-05-13,B2B,생활용품,기존,,7,
2026-05-13,B2B,뷰티,신규,,0,
2026-05-13,B2B,뷰티,기존,,2,
2026-05-13,B2B,가전,신규,,2,
2026-05-13,B2B,가전,기존,,17,
2026-05-14,온라인,식품,신규,,5,1000
2026-05-14,온라인,식품,기존,,16,3200
2026-05-14,온라인,생활용품,신규,,4,800
2026-05-14,온라인,생활용품,기존,,11,2200
2026-05-14,온라인,뷰티,신규,,3,600
2026-05-14,온라인,뷰티,기존,,7,1400
2026-05-14,온라인,가전,신규,,4,800
2026-05-14,온라인,가전,기존,,13,2600
2026-05-14,오프라인,식품,신규,수도권,2,
2026-05-14,오프라인,식품,신규,영남,1,
2026-05-14,오프라인,식품,신규,호남,0,
2026-05-14,오프라인,식품,신규,충청,0,
2026-05-14,오프라인,식품,기존,수도권,11,
2026-05-14,오프라인,식품,기존,영남,5,
2026-05-14,오프라인,식품,기존,호남,2,
2026-05-14,오프라인,식품,기존,충청,2,
2026-05-14,오프라인,생활용품,신규,수도권,1,
2026-05-14,오프라인,생활용품,신규,영남,1,
2026-05-14,오프라인,생활용품,신규,호남,0,
2026-05-14,오프라인,생활용품,신규,충청,0,
2026-05-14,오프라인,생활용품,기존,수도권,6,
2026-05-14,오프라인,생활용품,기존,영남,4,
2026-05-14,오프라인,생활용품,기존,호남,1,
2026-05-14,오프라인,생활용품,기존,충청,1,
2026-05-14,오프라인,뷰티,신규,수도권,1,
2026-05-14,오프라인,뷰티,신규,영남,0,
2026-05-14,오프라인,뷰티,신규,호남,0,
2026-05-14,오프라인,뷰티,신규,충청,0,
2026-05-14,오프라인,뷰티,기존,수도권,4,
2026-05-14,오프라인,뷰티,기존,영남,2,
2026-05-14,오프라인,뷰티,기존,호남,1,
2026-05-14,오프라인,뷰티,기존,충청,0,
2026-05-14,오프라인,가전,신규,수도권,1,
2026-05-14,오프라인,가전,신규,영남,0,
2026-05-14,오프라인,가전,신규,호남,0,
2026-05-14,오프라인,가전,신규,충청,0,
2026-05-14,오프라인,가전,기존,수도권,3,
2026-05-14,오프라인,가전,기존,영남,2,
2026-05-14,오프라인,가전,기존,호남,1,
2026-05-14,오프라인,가전,기존,충청,1,
2026-05-14,B2B,식품,신규,,1,
2026-05-14,B2B,식품,기존,,11,
2026-05-14,B2B,생활용품,신규,,1,
2026-05-14,B2B,생활용품,기존,,7,
2026-05-14,B2B,뷰티,신규,,0,
2026-05-14,B2B,뷰티,기존,,3,
2026-05-14,B2B,가전,신규,,2,
2026-05-14,B2B,가전,기존,,17,
2026-05-15,온라인,식품,신규,,5,1000
2026-05-15,온라인,식품,기존,,15,3000
2026-05-15,온라인,생활용품,신규,,3,600
2026-05-15,온라인,생활용품,기존,,10,2000
2026-05-15,온라인,뷰티,신규,,4,800
2026-05-15,온라인,뷰티,기존,,11,2200
2026-05-15,온라인,가전,신규,,4,800
2026-05-15,온라인,가전,기존,,11,2200
2026-05-15,오프라인,식품,신규,수도권,2,
2026-05-15,오프라인,식품,신규,영남,1,
2026-05-15,오프라인,식품,신규,호남,0,
2026-05-15,오프라인,식품,신규,충청,0,
2026-05-15,오프라인,식품,기존,수도권,9,
2026-05-15,오프라인,식품,기존,영남,4,
2026-05-15,오프라인,식품,기존,호남,2,
2026-05-15,오프라인,식품,기존,충청,1,
2026-05-15,오프라인,생활용품,신규,수도권,1,
2026-05-15,오프라인,생활용품,신규,영남,0,
2026-05-15,오프라인,생활용품,신규,호남,0,
2026-05-15,오프라인,생활용품,신규,충청,0,
2026-05-15,오프라인,생활용품,기존,수도권,5,
2026-05-15,오프라인,생활용품,기존,영남,3,
2026-05-15,오프라인,생활용품,기존,호남,1,
2026-05-15,오프라인,생활용품,기존,충청,1,
2026-05-15,오프라인,뷰티,신규,수도권,1,
2026-05-15,오프라인,뷰티,신규,영남,0,
2026-05-15,오프라인,뷰티,신규,호남,0,
2026-05-15,오프라인,뷰티,신규,충청,0,
2026-05-15,오프라인,뷰티,기존,수도권,3,
2026-05-15,오프라인,뷰티,기존,영남,2,
2026-05-15,오프라인,뷰티,기존,호남,1,
2026-05-15,오프라인,뷰티,기존,충청,1,
2026-05-15,오프라인,가전,신규,수도권,1,
2026-05-15,오프라인,가전,신규,영남,0,
2026-05-15,오프라인,가전,신규,호남,0,
2026-05-15,오프라인,가전,신규,충청,0,
2026-05-15,오프라인,가전,기존,수도권,4,
2026-05-15,오프라인,가전,기존,영남,2,
2026-05-15,오프라인,가전,기존,호남,1,
2026-05-15,오프라인,가전,기존,충청,0,
2026-05-15,B2B,식품,신규,,1,
2026-05-15,B2B,식품,기존,,11,
2026-05-15,B2B,생활용품,신규,,1,
2026-05-15,B2B,생활용품,기존,,7,
2026-05-15,B2B,뷰티,신규,,0,
2026-05-15,B2B,뷰티,기존,,2,
2026-05-15,B2B,가전,신규,,2,
2026-05-15,B2B,가전,기존,,15,
2026-05-16,온라인,식품,신규,,5,1000
2026-05-16,온라인,식품,기존,,15,3000
2026-05-16,온라인,생활용품,신규,,5,1000
2026-05-16,온라인,생활용품,기존,,11,2200
2026-05-16,온라인,뷰티,신규,,4,800
2026-05-16,온라인,뷰티,기존,,9,1800
2026-05-16,온라인,가전,신규,,4,800
2026-05-16,온라인,가전,기존,,12,2400
2026-05-16,오프라인,식품,신규,수도권,2,
2026-05-16,오프라인,식품,신규,영남,1,
2026-05-16,오프라인,식품,신규,호남,0,
2026-05-16,오프라인,식품,신규,충청,0,
2026-05-16,오프라인,식품,기존,수도권,11,
2026-05-16,오프라인,식품,기존,영남,7,
2026-05-16,오프라인,식품,기존,호남,3,
2026-05-16,오프라인,식품,기존,충청,2,
2026-05-16,오프라인,생활용품,신규,수도권,1,
2026-05-16,오프라인,생활용품,신규,영남,1,
2026-05-16,오프라인,생활용품,신규,호남,0,
2026-05-16,오프라인,생활용품,신규,충청,0,
2026-05-16,오프라인,생활용품,기존,수도권,6,
2026-05-16,오프라인,생활용품,기존,영남,4,
2026-05-16,오프라인,생활용품,기존,호남,2,
2026-05-16,오프라인,생활용품,기존,충청,1,
2026-05-16,오프라인,뷰티,신규,수도권,1,
2026-05-16,오프라인,뷰티,신규,영남,0,
2026-05-16,오프라인,뷰티,신규,호남,0,
2026-05-16,오프라인,뷰티,신규,충청,0,
2026-05-16,오프라인,뷰티,기존,수도권,4,
2026-05-16,오프라인,뷰티,기존,영남,2,
2026-05-16,오프라인,뷰티,기존,호남,1,
2026-05-16,오프라인,뷰티,기존,충청,1,
2026-05-16,오프라인,가전,신규,수도권,1,
2026-05-16,오프라인,가전,신규,영남,0,
2026-05-16,오프라인,가전,신규,호남,0,
2026-05-16,오프라인,가전,신규,충청,0,
2026-05-16,오프라인,가전,기존,수도권,5,
2026-05-16,오프라인,가전,기존,영남,2,
2026-05-16,오프라인,가전,기존,호남,1,
2026-05-16,오프라인,가전,기존,충청,1,
2026-05-16,B2B,식품,신규,,0,
2026-05-16,B2B,식품,기존,,0,
2026-05-16,B2B,생활용품,신규,,0,
2026-05-16,B2B,생활용품,기존,,0,
2026-05-16,B2B,뷰티,신규,,0,
2026-05-16,B2B,뷰티,기존,,0,
2026-05-16,B2B,가전,신규,,0,
2026-05-16,B2B,가전,기존,,1,
2026-05-17,온라인,식품,신규,,5,1000
2026-05-17,온라인,식품,기존,,16,3200
2026-05-17,온라인,생활용품,신규,,4,800
2026-05-17,온라인,생활용품,기존,,11,2200
2026-05-17,온라인,뷰티,신규,,4,800
2026-05-17,온라인,뷰티,기존,,9,1800
2026-05-17,온라인,가전,신규,,4,800
2026-05-17,온라인,가전,기존,,11,2200
2026-05-17,오프라인,식품,신규,수도권,2,
2026-05-17,오프라인,식품,신규,영남,1,
2026-05-17,오프라인,식품,신규,호남,0,
2026-05-17,오프라인,식품,신규,충청,0,
2026-05-17,오프라인,식품,기존,수도권,12,
2026-05-17,오프라인,식품,기존,영남,5,
2026-05-17,오프라인,식품,기존,호남,3,
2026-05-17,오프라인,식품,기존,충청,2,
2026-05-17,오프라인,생활용품,신규,수도권,1,
2026-05-17,오프라인,생활용품,신규,영남,1,
2026-05-17,오프라인,생활용품,신규,호남,0,
2026-05-17,오프라인,생활용품,신규,충청,0,
2026-05-17,오프라인,생활용품,기존,수도권,7,
2026-05-17,오프라인,생활용품,기존,영남,3,
2026-05-17,오프라인,생활용품,기존,호남,2,
2026-05-17,오프라인,생활용품,기존,충청,1,
2026-05-17,오프라인,뷰티,신규,수도권,1,
2026-05-17,오프라인,뷰티,신규,영남,0,
2026-05-17,오프라인,뷰티,신규,호남,0,
2026-05-17,오프라인,뷰티,신규,충청,0,
2026-05-17,오프라인,뷰티,기존,수도권,4,
2026-05-17,오프라인,뷰티,기존,영남,2,
2026-05-17,오프라인,뷰티,기존,호남,1,
2026-05-17,오프라인,뷰티,기존,충청,1,
2026-05-17,오프라인,가전,신규,수도권,1,
2026-05-17,오프라인,가전,신규,영남,0,
2026-05-17,오프라인,가전,신규,호남,0,
2026-05-17,오프라인,가전,신규,충청,0,
2026-05-17,오프라인,가전,기존,수도권,5,
2026-05-17,오프라인,가전,기존,영남,2,
2026-05-17,오프라인,가전,기존,호남,1,
2026-05-17,오프라인,가전,기존,충청,1,
2026-05-17,B2B,식품,신규,,0,
2026-05-17,B2B,식품,기존,,0,
2026-05-17,B2B,생활용품,신규,,0,
2026-05-17,B2B,생활용품,기존,,0,
2026-05-17,B2B,뷰티,신규,,0,
2026-05-17,B2B,뷰티,기존,,0,
2026-05-17,B2B,가전,신규,,0,
2026-05-17,B2B,가전,기존,,0,
2026-05-18,온라인,식품,신규,,5,1000
2026-05-18,온라인,식품,기존,,15,3000
2026-05-18,온라인,생활용품,신규,,4,800
2026-05-18,온라인,생활용품,기존,,14,2800
2026-05-18,온라인,뷰티,신규,,3,600
2026-05-18,온라인,뷰티,기존,,9,1800
2026-05-18,온라인,가전,신규,,4,800
2026-05-18,온라인,가전,기존,,11,2200
2026-05-18,오프라인,식품,신규,수도권,2,
2026-05-18,오프라인,식품,신규,영남,1,
2026-05-18,오프라인,식품,신규,호남,0,
2026-05-18,오프라인,식품,신규,충청,0,
2026-05-18,오프라인,식품,기존,수도권,8,
2026-05-18,오프라인,식품,기존,영남,5,
2026-05-18,오프라인,식품,기존,호남,2,
2026-05-18,오프라인,식품,기존,충청,1,
2026-05-18,오프라인,생활용품,신규,수도권,1,
2026-05-18,오프라인,생활용품,신규,영남,1,
2026-05-18,오프라인,생활용품,신규,호남,0,
2026-05-18,오프라인,생활용품,신규,충청,0,
2026-05-18,오프라인,생활용품,기존,수도권,7,
2026-05-18,오프라인,생활용품,기존,영남,3,
2026-05-18,오프라인,생활용품,기존,호남,1,
2026-05-18,오프라인,생활용품,기존,충청,1,
2026-05-18,오프라인,뷰티,신규,수도권,1,
2026-05-18,오프라인,뷰티,신규,영남,0,
2026-05-18,오프라인,뷰티,신규,호남,0,
2026-05-18,오프라인,뷰티,신규,충청,0,
2026-05-18,오프라인,뷰티,기존,수도권,3,
2026-05-18,오프라인,뷰티,기존,영남,1,
2026-05-18,오프라인,뷰티,기존,호남,1,
2026-05-18,오프라인,뷰티,기존,충청,0,
2026-05-18,오프라인,가전,신규,수도권,1,
2026-05-18,오프라인,가전,신규,영남,0,
2026-05-18,오프라인,가전,신규,호남,0,
2026-05-18,오프라인,가전,신규,충청,0,
2026-05-18,오프라인,가전,기존,수도권,4,
2026-05-18,오프라인,가전,기존,영남,2,
2026-05-18,오프라인,가전,기존,호남,1,
2026-05-18,오프라인,가전,기존,충청,0,
2026-05-18,B2B,식품,신규,,1,
2026-05-18,B2B,식품,기존,,10,
2026-05-18,B2B,생활용품,신규,,1,
2026-05-18,B2B,생활용품,기존,,8,
2026-05-18,B2B,뷰티,신규,,0,
2026-05-18,B2B,뷰티,기존,,2,
2026-05-18,B2B,가전,신규,,2,
2026-05-18,B2B,가전,기존,,14,
2026-05-19,온라인,식품,신규,,4,800
2026-05-19,온라인,식품,기존,,10,2000
2026-05-19,온라인,생활용품,신규,,4,800
2026-05-19,온라인,생활용품,기존,,12,2400
2026-05-19,온라인,뷰티,신규,,3,600
2026-05-19,온라인,뷰티,기존,,10,2000
2026-05-19,온라인,가전,신규,,5,1000
2026-05-19,온라인,가전,기존,,13,2600
2026-05-19,오프라인,식품,신규,수도권,2,
2026-05-19,오프라인,식품,신규,영남,1,
2026-05-19,오프라인,식품,신규,호남,0,
2026-05-19,오프라인,식품,신규,충청,0,
2026-05-19,오프라인,식품,기존,수도권,9,
2026-05-19,오프라인,식품,기존,영남,5,
2026-05-19,오프라인,식품,기존,호남,2,
2026-05-19,오프라인,식품,기존,충청,1,
2026-05-19,오프라인,생활용품,신규,수도권,1,
2026-05-19,오프라인,생활용품,신규,영남,1,
2026-05-19,오프라인,생활용품,신규,호남,0,
2026-05-19,오프라인,생활용품,신규,충청,0,
2026-05-19,오프라인,생활용품,기존,수도권,6,
2026-05-19,오프라인,생활용품,기존,영남,3,
2026-05-19,오프라인,생활용품,기존,호남,1,
2026-05-19,오프라인,생활용품,기존,충청,1,
2026-05-19,오프라인,뷰티,신규,수도권,1,
2026-05-19,오프라인,뷰티,신규,영남,0,
2026-05-19,오프라인,뷰티,신규,호남,0,
2026-05-19,오프라인,뷰티,신규,충청,0,
2026-05-19,오프라인,뷰티,기존,수도권,3,
2026-05-19,오프라인,뷰티,기존,영남,2,
2026-05-19,오프라인,뷰티,기존,호남,1,
2026-05-19,오프라인,뷰티,기존,충청,0,
2026-05-19,오프라인,가전,신규,수도권,1,
2026-05-19,오프라인,가전,신규,영남,0,
2026-05-19,오프라인,가전,신규,호남,0,
2026-05-19,오프라인,가전,신규,충청,0,
2026-05-19,오프라인,가전,기존,수도권,4,
2026-05-19,오프라인,가전,기존,영남,2,
2026-05-19,오프라인,가전,기존,호남,1,
2026-05-19,오프라인,가전,기존,충청,1,
2026-05-19,B2B,식품,신규,,1,
2026-05-19,B2B,식품,기존,,11,
2026-05-19,B2B,생활용품,신규,,1,
2026-05-19,B2B,생활용품,기존,,7,
2026-05-19,B2B,뷰티,신규,,0,
2026-05-19,B2B,뷰티,기존,,2,
2026-05-19,B2B,가전,신규,,2,
2026-05-19,B2B,가전,기존,,15,
2026-05-20,온라인,식품,신규,,4,800
2026-05-20,온라인,식품,기존,,14,2800
2026-05-20,온라인,생활용품,신규,,4,800
2026-05-20,온라인,생활용품,기존,,12,2400
2026-05-20,온라인,뷰티,신규,,3,600
2026-05-20,온라인,뷰티,기존,,9,1800
2026-05-20,온라인,가전,신규,,4,800
2026-05-20,온라인,가전,기존,,12,2400
2026-05-20,오프라인,식품,신규,수도권,1,
2026-05-20,오프라인,식품,신규,영남,1,
2026-05-20,오프라인,식품,신규,호남,0,
2026-05-20,오프라인,식품,신규,충청,0,
2026-05-20,오프라인,식품,기존,수도권,7,
2026-05-20,오프라인,식품,기존,영남,5,
2026-05-20,오프라인,식품,기존,호남,2,
2026-05-20,오프라인,식품,기존,충청,2,
2026-05-20,오프라인,생활용품,신규,수도권,1,
2026-05-20,오프라인,생활용품,신규,영남,0,
2026-05-20,오프라인,생활용품,신규,호남,0,
2026-05-20,오프라인,생활용품,신규,충청,0,
2026-05-20,오프라인,생활용품,기존,수도권,6,
2026-05-20,오프라인,생활용품,기존,영남,3,
2026-05-20,오프라인,생활용품,기존,호남,1,
2026-05-20,오프라인,생활용품,기존,충청,1,
2026-05-20,오프라인,뷰티,신규,수도권,1,
2026-05-20,오프라인,뷰티,신규,영남,0,
2026-05-20,오프라인,뷰티,신규,호남,0,
2026-05-20,오프라인,뷰티,신규,충청,0,
2026-05-20,오프라인,뷰티,기존,수도권,3,
2026-05-20,오프라인,뷰티,기존,영남,2,
2026-05-20,오프라인,뷰티,기존,호남,1,
2026-05-20,오프라인,뷰티,기존,충청,0,
2026-05-20,오프라인,가전,신규,수도권,1,
2026-05-20,오프라인,가전,신규,영남,0,
2026-05-20,오프라인,가전,신규,호남,0,
2026-05-20,오프라인,가전,신규,충청,0,
2026-05-20,오프라인,가전,기존,수도권,4,
2026-05-20,오프라인,가전,기존,영남,2,
2026-05-20,오프라인,가전,기존,호남,1,
2026-05-20,오프라인,가전,기존,충청,1,
2026-05-20,B2B,식품,신규,,1,
2026-05-20,B2B,식품,기존,,10,
2026-05-20,B2B,생활용품,신규,,1,
2026-05-20,B2B,생활용품,기존,,7,
2026-05-20,B2B,뷰티,신규,,0,
2026-05-20,B2B,뷰티,기존,,3,
2026-05-20,B2B,가전,신규,,2,
2026-05-20,B2B,가전,기존,,16,
2026-05-21,온라인,식품,신규,,5,1000
2026-05-21,온라인,식품,기존,,12,2400
2026-05-21,온라인,생활용품,신규,,4,800
2026-05-21,온라인,생활용품,기존,,10,2000
2026-05-21,온라인,뷰티,신규,,3,600
2026-05-21,온라인,뷰티,기존,,8,1600
2026-05-21,온라인,가전,신규,,3,600
2026-05-21,온라인,가전,기존,,13,2600
2026-05-21,오프라인,식품,신규,수도권,2,
2026-05-21,오프라인,식품,신규,영남,1,
2026-05-21,오프라인,식품,신규,호남,0,
2026-05-21,오프라인,식품,신규,충청,0,
2026-05-21,오프라인,식품,기존,수도권,9,
2026-05-21,오프라인,식품,기존,영남,5,
2026-05-21,오프라인,식품,기존,호남,2,
2026-05-21,오프라인,식품,기존,충청,1,
2026-05-21,오프라인,생활용품,신규,수도권,1,
2026-05-21,오프라인,생활용품,신규,영남,1,
2026-05-21,오프라인,생활용품,신규,호남,0,
2026-05-21,오프라인,생활용품,신규,충청,0,
2026-05-21,오프라인,생활용품,기존,수도권,6,
2026-05-21,오프라인,생활용품,기존,영남,3,
2026-05-21,오프라인,생활용품,기존,호남,1,
2026-05-21,오프라인,생활용품,기존,충청,1,
2026-05-21,오프라인,뷰티,신규,수도권,1,
2026-05-21,오프라인,뷰티,신규,영남,0,
2026-05-21,오프라인,뷰티,신규,호남,0,
2026-05-21,오프라인,뷰티,신규,충청,0,
2026-05-21,오프라인,뷰티,기존,수도권,3,
2026-05-21,오프라인,뷰티,기존,영남,2,
2026-05-21,오프라인,뷰티,기존,호남,1,
2026-05-21,오프라인,뷰티,기존,충청,1,
2026-05-21,오프라인,가전,신규,수도권,1,
2026-05-21,오프라인,가전,신규,영남,0,
2026-05-21,오프라인,가전,신규,호남,0,
2026-05-21,오프라인,가전,신규,충청,0,
2026-05-21,오프라인,가전,기존,수도권,3,
2026-05-21,오프라인,가전,기존,영남,2,
2026-05-21,오프라인,가전,기존,호남,1,
2026-05-21,오프라인,가전,기존,충청,1,
2026-05-21,B2B,식품,신규,,1,
2026-05-21,B2B,식품,기존,,10,
2026-05-21,B2B,생활용품,신규,,1,
2026-05-21,B2B,생활용품,기존,,7,
2026-05-21,B2B,뷰티,신규,,0,
2026-05-21,B2B,뷰티,기존,,2,
2026-05-21,B2B,가전,신규,,2,
2026-05-21,B2B,가전,기존,,19,
2026-05-22,온라인,식품,신규,,4,800
2026-05-22,온라인,식품,기존,,15,3000
2026-05-22,온라인,생활용품,신규,,4,800
2026-05-22,온라인,생활용품,기존,,12,2400
2026-05-22,온라인,뷰티,신규,,3,600
2026-05-22,온라인,뷰티,기존,,9,1800
2026-05-22,온라인,가전,신규,,4,800
2026-05-22,온라인,가전,기존,,12,2400
2026-05-22,오프라인,식품,신규,수도권,2,
2026-05-22,오프라인,식품,신규,영남,1,
2026-05-22,오프라인,식품,신규,호남,0,
2026-05-22,오프라인,식품,신규,충청,0,
2026-05-22,오프라인,식품,기존,수도권,8,
2026-05-22,오프라인,식품,기존,영남,6,
2026-05-22,오프라인,식품,기존,호남,2,
2026-05-22,오프라인,식품,기존,충청,1,
2026-05-22,오프라인,생활용품,신규,수도권,1,
2026-05-22,오프라인,생활용품,신규,영남,1,
2026-05-22,오프라인,생활용품,신규,호남,0,
2026-05-22,오프라인,생활용품,신규,충청,0,
2026-05-22,오프라인,생활용품,기존,수도권,7,
2026-05-22,오프라인,생활용품,기존,영남,3,
2026-05-22,오프라인,생활용품,기존,호남,1,
2026-05-22,오프라인,생활용품,기존,충청,1,
2026-05-22,오프라인,뷰티,신규,수도권,1,
2026-05-22,오프라인,뷰티,신규,영남,0,
2026-05-22,오프라인,뷰티,신규,호남,0,
2026-05-22,오프라인,뷰티,신규,충청,0,
2026-05-22,오프라인,뷰티,기존,수도권,4,
2026-05-22,오프라인,뷰티,기존,영남,2,
2026-05-22,오프라인,뷰티,기존,호남,1,
2026-05-22,오프라인,뷰티,기존,충청,0,
2026-05-22,오프라인,가전,신규,수도권,1,
2026-05-22,오프라인,가전,신규,영남,0,
2026-05-22,오프라인,가전,신규,호남,0,
2026-05-22,오프라인,가전,신규,충청,0,
2026-05-22,오프라인,가전,기존,수도권,3,
2026-05-22,오프라인,가전,기존,영남,2,
2026-05-22,오프라인,가전,기존,호남,1,
2026-05-22,오프라인,가전,기존,충청,1,
2026-05-22,B2B,식품,신규,,1,
2026-05-22,B2B,식품,기존,,10,
2026-05-22,B2B,생활용품,신규,,1,
2026-05-22,B2B,생활용품,기존,,6,
2026-05-22,B2B,뷰티,신규,,0,
2026-05-22,B2B,뷰티,기존,,3,
2026-05-22,B2B,가전,신규,,2,
2026-05-22,B2B,가전,기존,,16,
2026-05-23,온라인,식품,신규,,5,1000
2026-05-23,온라인,식품,기존,,17,3400
2026-05-23,온라인,생활용품,신규,,4,800
2026-05-23,온라인,생활용품,기존,,11,2200
2026-05-23,온라인,뷰티,신규,,3,600
2026-05-23,온라인,뷰티,기존,,11,2200
2026-05-23,온라인,가전,신규,,4,800
2026-05-23,온라인,가전,기존,,10,2000
2026-05-23,오프라인,식품,신규,수도권,2,
2026-05-23,오프라인,식품,신규,영남,1,
2026-05-23,오프라인,식품,신규,호남,0,
2026-05-23,오프라인,식품,신규,충청,0,
2026-05-23,오프라인,식품,기존,수도권,11,
2026-05-23,오프라인,식품,기존,영남,6,
2026-05-23,오프라인,식품,기존,호남,3,
2026-05-23,오프라인,식품,기존,충청,2,
2026-05-23,오프라인,생활용품,신규,수도권,1,
2026-05-23,오프라인,생활용품,신규,영남,1,
2026-05-23,오프라인,생활용품,신규,호남,0,
2026-05-23,오프라인,생활용품,신규,충청,0,
2026-05-23,오프라인,생활용품,기존,수도권,8,
2026-05-23,오프라인,생활용품,기존,영남,4,
2026-05-23,오프라인,생활용품,기존,호남,2,
2026-05-23,오프라인,생활용품,기존,충청,1,
2026-05-23,오프라인,뷰티,신규,수도권,1,
2026-05-23,오프라인,뷰티,신규,영남,0,
2026-05-23,오프라인,뷰티,신규,호남,0,
2026-05-23,오프라인,뷰티,신규,충청,0,
2026-05-23,오프라인,뷰티,기존,수도권,4,
2026-05-23,오프라인,뷰티,기존,영남,3,
2026-05-23,오프라인,뷰티,기존,호남,1,
2026-05-23,오프라인,뷰티,기존,충청,1,
2026-05-23,오프라인,가전,신규,수도권,1,
2026-05-23,오프라인,가전,신규,영남,1,
2026-05-23,오프라인,가전,신규,호남,0,
2026-05-23,오프라인,가전,신규,충청,0,
2026-05-23,오프라인,가전,기존,수도권,5,
2026-05-23,오프라인,가전,기존,영남,2,
2026-05-23,오프라인,가전,기존,호남,1,
2026-05-23,오프라인,가전,기존,충청,1,
2026-05-23,B2B,식품,신규,,0,
2026-05-23,B2B,식품,기존,,0,
2026-05-23,B2B,생활용품,신규,,0,
2026-05-23,B2B,생활용품,기존,,0,
2026-05-23,B2B,뷰티,신규,,0,
2026-05-23,B2B,뷰티,기존,,0,
2026-05-23,B2B,가전,신규,,0,
2026-05-23,B2B,가전,기존,,1,
2026-05-24,온라인,식품,신규,,5,1000
2026-05-24,온라인,식품,기존,,14,2800
2026-05-24,온라인,생활용품,신규,,4,800
2026-05-24,온라인,생활용품,기존,,12,2400
2026-05-24,온라인,뷰티,신규,,3,600
2026-05-24,온라인,뷰티,기존,,12,2400
2026-05-24,온라인,가전,신규,,3,600
2026-05-24,온라인,가전,기존,,13,2600
2026-05-24,오프라인,식품,신규,수도권,2,
2026-05-24,오프라인,식품,신규,영남,1,
2026-05-24,오프라인,식품,신규,호남,0,
2026-05-24,오프라인,식품,신규,충청,0,
2026-05-24,오프라인,식품,기존,수도권,11,
2026-05-24,오프라인,식품,기존,영남,6,
2026-05-24,오프라인,식품,기존,호남,3,
2026-05-24,오프라인,식품,기존,충청,2,
2026-05-24,오프라인,생활용품,신규,수도권,1,
2026-05-24,오프라인,생활용품,신규,영남,1,
2026-05-24,오프라인,생활용품,신규,호남,0,
2026-05-24,오프라인,생활용품,신규,충청,0,
2026-05-24,오프라인,생활용품,기존,수도권,7,
2026-05-24,오프라인,생활용품,기존,영남,4,
2026-05-24,오프라인,생활용품,기존,호남,1,
2026-05-24,오프라인,생활용품,기존,충청,1,
2026-05-24,오프라인,뷰티,신규,수도권,1,
2026-05-24,오프라인,뷰티,신규,영남,0,
2026-05-24,오프라인,뷰티,신규,호남,0,
2026-05-24,오프라인,뷰티,신규,충청,0,
2026-05-24,오프라인,뷰티,기존,수도권,4,
2026-05-24,오프라인,뷰티,기존,영남,2,
2026-05-24,오프라인,뷰티,기존,호남,1,
2026-05-24,오프라인,뷰티,기존,충청,1,
2026-05-24,오프라인,가전,신규,수도권,1,
2026-05-24,오프라인,가전,신규,영남,0,
2026-05-24,오프라인,가전,신규,호남,0,
2026-05-24,오프라인,가전,신규,충청,0,
2026-05-24,오프라인,가전,기존,수도권,6,
2026-05-24,오프라인,가전,기존,영남,2,
2026-05-24,오프라인,가전,기존,호남,1,
2026-05-24,오프라인,가전,기존,충청,1,
2026-05-24,B2B,식품,신규,,0,
2026-05-24,B2B,식품,기존,,0,
2026-05-24,B2B,생활용품,신규,,0,
2026-05-24,B2B,생활용품,기존,,0,
2026-05-24,B2B,뷰티,신규,,0,
2026-05-24,B2B,뷰티,기존,,0,
2026-05-24,B2B,가전,신규,,0,
2026-05-24,B2B,가전,기존,,0,
2026-05-25,온라인,식품,신규,,5,1000
2026-05-25,온라인,식품,기존,,12,2400
2026-05-25,온라인,생활용품,신규,,4,800
2026-05-25,온라인,생활용품,기존,,11,2200
2026-05-25,온라인,뷰티,신규,,3,600
2026-05-25,온라인,뷰티,기존,,9,1800
2026-05-25,온라인,가전,신규,,4,800
2026-05-25,온라인,가전,기존,,11,2200
2026-05-25,오프라인,식품,신규,수도권,2,
2026-05-25,오프라인,식품,신규,영남,1,
2026-05-25,오프라인,식품,신규,호남,0,
2026-05-25,오프라인,식품,신규,충청,0,
2026-05-25,오프라인,식품,기존,수도권,8,
2026-05-25,오프라인,식품,기존,영남,4,
2026-05-25,오프라인,식품,기존,호남,2,
2026-05-25,오프라인,식품,기존,충청,2,
2026-05-25,오프라인,생활용품,신규,수도권,1,
2026-05-25,오프라인,생활용품,신규,영남,1,
2026-05-25,오프라인,생활용품,신규,호남,0,
2026-05-25,오프라인,생활용품,신규,충청,0,
2026-05-25,오프라인,생활용품,기존,수도권,5,
2026-05-25,오프라인,생활용품,기존,영남,3,
2026-05-25,오프라인,생활용품,기존,호남,1,
2026-05-25,오프라인,생활용품,기존,충청,1,
2026-05-25,오프라인,뷰티,신규,수도권,1,
2026-05-25,오프라인,뷰티,신규,영남,0,
2026-05-25,오프라인,뷰티,신규,호남,0,
2026-05-25,오프라인,뷰티,신규,충청,0,
2026-05-25,오프라인,뷰티,기존,수도권,4,
2026-05-25,오프라인,뷰티,기존,영남,2,
2026-05-25,오프라인,뷰티,기존,호남,1,
2026-05-25,오프라인,뷰티,기존,충청,0,
2026-05-25,오프라인,가전,신규,수도권,1,
2026-05-25,오프라인,가전,신규,영남,0,
2026-05-25,오프라인,가전,신규,호남,0,
2026-05-25,오프라인,가전,신규,충청,0,
2026-05-25,오프라인,가전,기존,수도권,3,
2026-05-25,오프라인,가전,기존,영남,2,
2026-05-25,오프라인,가전,기존,호남,1,
2026-05-25,오프라인,가전,기존,충청,1,
2026-05-25,B2B,식품,신규,,1,
2026-05-25,B2B,식품,기존,,10,
2026-05-25,B2B,생활용품,신규,,1,
2026-05-25,B2B,생활용품,기존,,8,
2026-05-25,B2B,뷰티,신규,,0,
2026-05-25,B2B,뷰티,기존,,3,
2026-05-25,B2B,가전,신규,,2,
2026-05-25,B2B,가전,기존,,17,
2026-05-26,온라인,식품,신규,,4,800
2026-05-26,온라인,식품,기존,,13,2600
2026-05-26,온라인,생활용품,신규,,4,800
2026-05-26,온라인,생활용품,기존,,13,2600
2026-05-26,온라인,뷰티,신규,,3,600
2026-05-26,온라인,뷰티,기존,,7,1400
2026-05-26,온라인,가전,신규,,4,800
2026-05-26,온라인,가전,기존,,11,2200
2026-05-26,오프라인,식품,신규,수도권,1,
2026-05-26,오프라인,식품,신규,영남,1,
2026-05-26,오프라인,식품,신규,호남,0,
2026-05-26,오프라인,식품,신규,충청,0,
2026-05-26,오프라인,식품,기존,수도권,9,
2026-05-26,오프라인,식품,기존,영남,4,
2026-05-26,오프라인,식품,기존,호남,2,
2026-05-26,오프라인,식품,기존,충청,2,
2026-05-26,오프라인,생활용품,신규,수도권,1,
2026-05-26,오프라인,생활용품,신규,영남,0,
2026-05-26,오프라인,생활용품,신규,호남,0,
2026-05-26,오프라인,생활용품,신규,충청,0,
2026-05-26,오프라인,생활용품,기존,수도권,6,
2026-05-26,오프라인,생활용품,기존,영남,3,
2026-05-26,오프라인,생활용품,기존,호남,1,
2026-05-26,오프라인,생활용품,기존,충청,1,
2026-05-26,오프라인,뷰티,신규,수도권,1,
2026-05-26,오프라인,뷰티,신규,영남,0,
2026-05-26,오프라인,뷰티,신규,호남,0,
2026-05-26,오프라인,뷰티,신규,충청,0,
2026-05-26,오프라인,뷰티,기존,수도권,4,
2026-05-26,오프라인,뷰티,기존,영남,2,
2026-05-26,오프라인,뷰티,기존,호남,1,
2026-05-26,오프라인,뷰티,기존,충청,0,
2026-05-26,오프라인,가전,신규,수도권,1,
2026-05-26,오프라인,가전,신규,영남,0,
2026-05-26,오프라인,가전,신규,호남,0,
2026-05-26,오프라인,가전,신규,충청,0,
2026-05-26,오프라인,가전,기존,수도권,4,
2026-05-26,오프라인,가전,기존,영남,2,
2026-05-26,오프라인,가전,기존,호남,1,
2026-05-26,오프라인,가전,기존,충청,1,
2026-05-26,B2B,식품,신규,,1,
2026-05-26,B2B,식품,기존,,8,
2026-05-26,B2B,생활용품,신규,,1,
2026-05-26,B2B,생활용품,기존,,7,
2026-05-26,B2B,뷰티,신규,,0,
2026-05-26,B2B,뷰티,기존,,3,
2026-05-26,B2B,가전,신규,,2,
2026-05-26,B2B,가전,기존,,20,
2026-05-27,온라인,식품,신규,,5,1000
2026-05-27,온라인,식품,기존,,15,3000
2026-05-27,온라인,생활용품,신규,,4,800
2026-05-27,온라인,생활용품,기존,,10,2000
2026-05-27,온라인,뷰티,신규,,3,600
2026-05-27,온라인,뷰티,기존,,9,1800
2026-05-27,온라인,가전,신규,,4,800
2026-05-27,온라인,가전,기존,,11,2200
2026-05-27,오프라인,식품,신규,수도권,2,
2026-05-27,오프라인,식품,신규,영남,1,
2026-05-27,오프라인,식품,신규,호남,0,
2026-05-27,오프라인,식품,신규,충청,0,
2026-05-27,오프라인,식품,기존,수도권,9,
2026-05-27,오프라인,식품,기존,영남,5,
2026-05-27,오프라인,식품,기존,호남,2,
2026-05-27,오프라인,식품,기존,충청,1,
2026-05-27,오프라인,생활용품,신규,수도권,1,
2026-05-27,오프라인,생활용품,신규,영남,0,
2026-05-27,오프라인,생활용품,신규,호남,0,
2026-05-27,오프라인,생활용품,신규,충청,0,
2026-05-27,오프라인,생활용품,기존,수도권,6,
2026-05-27,오프라인,생활용품,기존,영남,3,
2026-05-27,오프라인,생활용품,기존,호남,1,
2026-05-27,오프라인,생활용품,기존,충청,1,
2026-05-27,오프라인,뷰티,신규,수도권,1,
2026-05-27,오프라인,뷰티,신규,영남,0,
2026-05-27,오프라인,뷰티,신규,호남,0,
2026-05-27,오프라인,뷰티,신규,충청,0,
2026-05-27,오프라인,뷰티,기존,수도권,3,
2026-05-27,오프라인,뷰티,기존,영남,2,
2026-05-27,오프라인,뷰티,기존,호남,1,
2026-05-27,오프라인,뷰티,기존,충청,0,
2026-05-27,오프라인,가전,신규,수도권,1,
2026-05-27,오프라인,가전,신규,영남,0,
2026-05-27,오프라인,가전,신규,호남,0,
2026-05-27,오프라인,가전,신규,충청,0,
2026-05-27,오프라인,가전,기존,수도권,3,
2026-05-27,오프라인,가전,기존,영남,2,
2026-05-27,오프라인,가전,기존,호남,1,
2026-05-27,오프라인,가전,기존,충청,1,
2026-05-27,B2B,식품,신규,,1,
2026-05-27,B2B,식품,기존,,9,
2026-05-27,B2B,생활용품,신규,,1,
2026-05-27,B2B,생활용품,기존,,7,
2026-05-27,B2B,뷰티,신규,,0,
2026-05-27,B2B,뷰티,기존,,3,
2026-05-27,B2B,가전,신규,,2,
2026-05-27,B2B,가전,기존,,19,
2026-05-28,온라인,식품,신규,,5,1000
2026-05-28,온라인,식품,기존,,13,2600
2026-05-28,온라인,생활용품,신규,,4,800
2026-05-28,온라인,생활용품,기존,,11,2200
2026-05-28,온라인,뷰티,신규,,3,600
2026-05-28,온라인,뷰티,기존,,8,1600
2026-05-28,온라인,가전,신규,,3,600
2026-05-28,온라인,가전,기존,,10,2000
2026-05-28,오프라인,식품,신규,수도권,2,
2026-05-28,오프라인,식품,신규,영남,1,
2026-05-28,오프라인,식품,신규,호남,0,
2026-05-28,오프라인,식품,신규,충청,0,
2026-05-28,오프라인,식품,기존,수도권,8,
2026-05-28,오프라인,식품,기존,영남,4,
2026-05-28,오프라인,식품,기존,호남,2,
2026-05-28,오프라인,식품,기존,충청,1,
2026-05-28,오프라인,생활용품,신규,수도권,1,
2026-05-28,오프라인,생활용품,신규,영남,0,
2026-05-28,오프라인,생활용품,신규,호남,0,
2026-05-28,오프라인,생활용품,신규,충청,0,
2026-05-28,오프라인,생활용품,기존,수도권,5,
2026-05-28,오프라인,생활용품,기존,영남,3,
2026-05-28,오프라인,생활용품,기존,호남,1,
2026-05-28,오프라인,생활용품,기존,충청,1,
2026-05-28,오프라인,뷰티,신규,수도권,1,
2026-05-28,오프라인,뷰티,신규,영남,0,
2026-05-28,오프라인,뷰티,신규,호남,0,
2026-05-28,오프라인,뷰티,신규,충청,0,
2026-05-28,오프라인,뷰티,기존,수도권,4,
2026-05-28,오프라인,뷰티,기존,영남,2,
2026-05-28,오프라인,뷰티,기존,호남,1,
2026-05-28,오프라인,뷰티,기존,충청,1,
2026-05-28,오프라인,가전,신규,수도권,1,
2026-05-28,오프라인,가전,신규,영남,0,
2026-05-28,오프라인,가전,신규,호남,0,
2026-05-28,오프라인,가전,신규,충청,0,
2026-05-28,오프라인,가전,기존,수도권,4,
2026-05-28,오프라인,가전,기존,영남,2,
2026-05-28,오프라인,가전,기존,호남,1,
2026-05-28,오프라인,가전,기존,충청,1,
2026-05-28,B2B,식품,신규,,1,
2026-05-28,B2B,식품,기존,,10,
2026-05-28,B2B,생활용품,신규,,1,
2026-05-28,B2B,생활용품,기존,,7,
2026-05-28,B2B,뷰티,신규,,0,
2026-05-28,B2B,뷰티,기존,,2,
2026-05-28,B2B,가전,신규,,2,
2026-05-28,B2B,가전,기존,,17,
2026-05-29,온라인,식품,신규,,4,800
2026-05-29,온라인,식품,기존,,12,2400
2026-05-29,온라인,생활용품,신규,,4,800
2026-05-29,온라인,생활용품,기존,,9,1800
2026-05-29,온라인,뷰티,신규,,3,600
2026-05-29,온라인,뷰티,기존,,10,2000
2026-05-29,온라인,가전,신규,,3,600
2026-05-29,온라인,가전,기존,,13,2600
2026-05-29,오프라인,식품,신규,수도권,1,
2026-05-29,오프라인,식품,신규,영남,1,
2026-05-29,오프라인,식품,신규,호남,0,
2026-05-29,오프라인,식품,신규,충청,0,
2026-05-29,오프라인,식품,기존,수도권,9,
2026-05-29,오프라인,식품,기존,영남,5,
2026-05-29,오프라인,식품,기존,호남,2,
2026-05-29,오프라인,식품,기존,충청,1,
2026-05-29,오프라인,생활용품,신규,수도권,1,
2026-05-29,오프라인,생활용품,신규,영남,1,
2026-05-29,오프라인,생활용품,신규,호남,0,
2026-05-29,오프라인,생활용품,신규,충청,0,
2026-05-29,오프라인,생활용품,기존,수도권,6,
2026-05-29,오프라인,생활용품,기존,영남,3,
2026-05-29,오프라인,생활용품,기존,호남,1,
2026-05-29,오프라인,생활용품,기존,충청,1,
2026-05-29,오프라인,뷰티,신규,수도권,1,
2026-05-29,오프라인,뷰티,신규,영남,0,
2026-05-29,오프라인,뷰티,신규,호남,0,
2026-05-29,오프라인,뷰티,신규,충청,0,
2026-05-29,오프라인,뷰티,기존,수도권,3,
2026-05-29,오프라인,뷰티,기존,영남,2,
2026-05-29,오프라인,뷰티,기존,호남,1,
2026-05-29,오프라인,뷰티,기존,충청,0,
2026-05-29,오프라인,가전,신규,수도권,1,
2026-05-29,오프라인,가전,신규,영남,0,
2026-05-29,오프라인,가전,신규,호남,0,
2026-05-29,오프라인,가전,신규,충청,0,
2026-05-29,오프라인,가전,기존,수도권,3,
2026-05-29,오프라인,가전,기존,영남,2,
2026-05-29,오프라인,가전,기존,호남,1,
2026-05-29,오프라인,가전,기존,충청,1,
2026-05-29,B2B,식품,신규,,1,
2026-05-29,B2B,식품,기존,,10,
2026-05-29,B2B,생활용품,신규,,1,
2026-05-29,B2B,생활용품,기존,,9,
2026-05-29,B2B,뷰티,신규,,0,
2026-05-29,B2B,뷰티,기존,,2,
2026-05-29,B2B,가전,신규,,2,
2026-05-29,B2B,가전,기존,,18,
2026-05-30,온라인,식품,신규,,5,1000
2026-05-30,온라인,식품,기존,,17,3400
2026-05-30,온라인,생활용품,신규,,4,800
2026-05-30,온라인,생활용품,기존,,14,2800
2026-05-30,온라인,뷰티,신규,,4,800
2026-05-30,온라인,뷰티,기존,,9,1800
2026-05-30,온라인,가전,신규,,4,800
2026-05-30,온라인,가전,기존,,12,2400
2026-05-30,오프라인,식품,신규,수도권,2,
2026-05-30,오프라인,식품,신규,영남,1,
2026-05-30,오프라인,식품,신규,호남,0,
2026-05-30,오프라인,식품,신규,충청,0,
2026-05-30,오프라인,식품,기존,수도권,10,
2026-05-30,오프라인,식품,기존,영남,7,
2026-05-30,오프라인,식품,기존,호남,2,
2026-05-30,오프라인,식품,기존,충청,2,
2026-05-30,오프라인,생활용품,신규,수도권,1,
2026-05-30,오프라인,생활용품,신규,영남,1,
2026-05-30,오프라인,생활용품,신규,호남,0,
2026-05-30,오프라인,생활용품,신규,충청,0,
2026-05-30,오프라인,생활용품,기존,수도권,6,
2026-05-30,오프라인,생활용품,기존,영남,4,
2026-05-30,오프라인,생활용품,기존,호남,2,
2026-05-30,오프라인,생활용품,기존,충청,1,
2026-05-30,오프라인,뷰티,신규,수도권,1,
2026-05-30,오프라인,뷰티,신규,영남,0,
2026-05-30,오프라인,뷰티,신규,호남,0,
2026-05-30,오프라인,뷰티,신규,충청,0,
2026-05-30,오프라인,뷰티,기존,수도권,4,
2026-05-30,오프라인,뷰티,기존,영남,2,
2026-05-30,오프라인,뷰티,기존,호남,1,
2026-05-30,오프라인,뷰티,기존,충청,1,
2026-05-30,오프라인,가전,신규,수도권,1,
2026-05-30,오프라인,가전,신규,영남,1,
2026-05-30,오프라인,가전,신규,호남,0,
2026-05-30,오프라인,가전,신규,충청,0,
2026-05-30,오프라인,가전,기존,수도권,4,
2026-05-30,오프라인,가전,기존,영남,2,
2026-05-30,오프라인,가전,기존,호남,1,
2026-05-30,오프라인,가전,기존,충청,1,
2026-05-30,B2B,식품,신규,,0,
2026-05-30,B2B,식품,기존,,0,
2026-05-30,B2B,생활용품,신규,,0,
2026-05-30,B2B,생활용품,기존,,0,
2026-05-30,B2B,뷰티,신규,,0,
2026-05-30,B2B,뷰티,기존,,0,
2026-05-30,B2B,가전,신규,,0,
2026-05-30,B2B,가전,기존,,1,
2026-05-31,온라인,식품,신규,,5,1000
2026-05-31,온라인,식품,기존,,16,3200
2026-05-31,온라인,생활용품,신규,,4,800
2026-05-31,온라인,생활용품,기존,,12,2400
2026-05-31,온라인,뷰티,신규,,3,600
2026-05-31,온라인,뷰티,기존,,10,2000
2026-05-31,온라인,가전,신규,,5,1000
2026-05-31,온라인,가전,기존,,13,2600
2026-05-31,오프라인,식품,신규,수도권,2,
2026-05-31,오프라인,식품,신규,영남,1,
2026-05-31,오프라인,식품,신규,호남,0,
2026-05-31,오프라인,식품,신규,충청,0,
2026-05-31,오프라인,식품,기존,수도권,11,
2026-05-31,오프라인,식품,기존,영남,6,
2026-05-31,오프라인,식품,기존,호남,3,
2026-05-31,오프라인,식품,기존,충청,2,
2026-05-31,오프라인,생활용품,신규,수도권,1,
2026-05-31,오프라인,생활용품,신규,영남,1,
2026-05-31,오프라인,생활용품,신규,호남,0,
2026-05-31,오프라인,생활용품,신규,충청,0,
2026-05-31,오프라인,생활용품,기존,수도권,7,
2026-05-31,오프라인,생활용품,기존,영남,4,
2026-05-31,오프라인,생활용품,기존,호남,2,
2026-05-31,오프라인,생활용품,기존,충청,1,
2026-05-31,오프라인,뷰티,신규,수도권,1,
2026-05-31,오프라인,뷰티,신규,영남,0,
2026-05-31,오프라인,뷰티,신규,호남,0,
2026-05-31,오프라인,뷰티,신규,충청,0,
2026-05-31,오프라인,뷰티,기존,수도권,4,
2026-05-31,오프라인,뷰티,기존,영남,2,
2026-05-31,오프라인,뷰티,기존,호남,1,
2026-05-31,오프라인,뷰티,기존,충청,1,
2026-05-31,오프라인,가전,신규,수도권,1,
2026-05-31,오프라인,가전,신규,영남,0,
2026-05-31,오프라인,가전,신규,호남,0,
2026-05-31,오프라인,가전,신규,충청,0,
2026-05-31,오프라인,가전,기존,수도권,5,
2026-05-31,오프라인,가전,기존,영남,2,
2026-05-31,오프라인,가전,기존,호남,1,
2026-05-31,오프라인,가전,기존,충청,1,
2026-05-31,B2B,식품,신규,,0,
2026-05-31,B2B,식품,기존,,0,
2026-05-31,B2B,생활용품,신규,,0,
2026-05-31,B2B,생활용품,기존,,0,
2026-05-31,B2B,뷰티,신규,,0,
2026-05-31,B2B,뷰티,기존,,0,
2026-05-31,B2B,가전,신규,,0,
2026-05-31,B2B,가전,기존,,0,
2026-06-01,온라인,식품,신규,,7,1400
2026-06-01,온라인,식품,기존,,13,2600
2026-06-01,온라인,생활용품,신규,,4,800
2026-06-01,온라인,생활용품,기존,,11,2200
2026-06-01,온라인,뷰티,신규,,4,800
2026-06-01,온라인,뷰티,기존,,9,1800
2026-06-01,온라인,가전,신규,,5,1000
2026-06-01,온라인,가전,기존,,10,2000
2026-06-01,오프라인,식품,신규,수도권,2,
2026-06-01,오프라인,식품,신규,영남,1,
2026-06-01,오프라인,식품,신규,호남,0,
2026-06-01,오프라인,식품,신규,충청,0,
2026-06-01,오프라인,식품,기존,수도권,10,
2026-06-01,오프라인,식품,기존,영남,4,
2026-06-01,오프라인,식품,기존,호남,2,
2026-06-01,오프라인,식품,기존,충청,1,
2026-06-01,오프라인,생활용품,신규,수도권,1,
2026-06-01,오프라인,생활용품,신규,영남,0,
2026-06-01,오프라인,생활용품,신규,호남,0,
2026-06-01,오프라인,생활용품,신규,충청,0,
2026-06-01,오프라인,생활용품,기존,수도권,5,
2026-06-01,오프라인,생활용품,기존,영남,4,
2026-06-01,오프라인,생활용품,기존,호남,1,
2026-06-01,오프라인,생활용품,기존,충청,1,
2026-06-01,오프라인,뷰티,신규,수도권,0,
2026-06-01,오프라인,뷰티,신규,영남,0,
2026-06-01,오프라인,뷰티,신규,호남,0,
2026-06-01,오프라인,뷰티,신규,충청,0,
2026-06-01,오프라인,뷰티,기존,수도권,3,
2026-06-01,오프라인,뷰티,기존,영남,2,
2026-06-01,오프라인,뷰티,기존,호남,1,
2026-06-01,오프라인,뷰티,기존,충청,0,
2026-06-01,오프라인,가전,신규,수도권,1,
2026-06-01,오프라인,가전,신규,영남,0,
2026-06-01,오프라인,가전,신규,호남,0,
2026-06-01,오프라인,가전,신규,충청,0,
2026-06-01,오프라인,가전,기존,수도권,4,
2026-06-01,오프라인,가전,기존,영남,2,
2026-06-01,오프라인,가전,기존,호남,1,
2026-06-01,오프라인,가전,기존,충청,1,
2026-06-01,B2B,식품,신규,,1,
2026-06-01,B2B,식품,기존,,11,
2026-06-01,B2B,생활용품,신규,,1,
2026-06-01,B2B,생활용품,기존,,9,
2026-06-01,B2B,뷰티,신규,,0,
2026-06-01,B2B,뷰티,기존,,3,
2026-06-01,B2B,가전,신규,,2,
2026-06-01,B2B,가전,기존,,18,
2026-06-02,온라인,식품,신규,,6,1200
2026-06-02,온라인,식품,기존,,13,2600
2026-06-02,온라인,생활용품,신규,,5,1000
2026-06-02,온라인,생활용품,기존,,12,2400
2026-06-02,온라인,뷰티,신규,,4,800
2026-06-02,온라인,뷰티,기존,,10,2000
2026-06-02,온라인,가전,신규,,6,1200
2026-06-02,온라인,가전,기존,,10,2000
2026-06-02,오프라인,식품,신규,수도권,1,
2026-06-02,오프라인,식품,신규,영남,1,
2026-06-02,오프라인,식품,신규,호남,0,
2026-06-02,오프라인,식품,신규,충청,0,
2026-06-02,오프라인,식품,기존,수도권,9,
2026-06-02,오프라인,식품,기존,영남,5,
2026-06-02,오프라인,식품,기존,호남,2,
2026-06-02,오프라인,식품,기존,충청,1,
2026-06-02,오프라인,생활용품,신규,수도권,1,
2026-06-02,오프라인,생활용품,신규,영남,1,
2026-06-02,오프라인,생활용품,신규,호남,0,
2026-06-02,오프라인,생활용품,신규,충청,0,
2026-06-02,오프라인,생활용품,기존,수도권,5,
2026-06-02,오프라인,생활용품,기존,영남,2,
2026-06-02,오프라인,생활용품,기존,호남,1,
2026-06-02,오프라인,생활용품,기존,충청,1,
2026-06-02,오프라인,뷰티,신규,수도권,1,
2026-06-02,오프라인,뷰티,신규,영남,0,
2026-06-02,오프라인,뷰티,신규,호남,0,
2026-06-02,오프라인,뷰티,신규,충청,0,
2026-06-02,오프라인,뷰티,기존,수도권,3,
2026-06-02,오프라인,뷰티,기존,영남,2,
2026-06-02,오프라인,뷰티,기존,호남,1,
2026-06-02,오프라인,뷰티,기존,충청,0,
2026-06-02,오프라인,가전,신규,수도권,1,
2026-06-02,오프라인,가전,신규,영남,0,
2026-06-02,오프라인,가전,신규,호남,0,
2026-06-02,오프라인,가전,신규,충청,0,
2026-06-02,오프라인,가전,기존,수도권,4,
2026-06-02,오프라인,가전,기존,영남,2,
2026-06-02,오프라인,가전,기존,호남,1,
2026-06-02,오프라인,가전,기존,충청,0,
2026-06-02,B2B,식품,신규,,1,
2026-06-02,B2B,식품,기존,,10,
2026-06-02,B2B,생활용품,신규,,1,
2026-06-02,B2B,생활용품,기존,,7,
2026-06-02,B2B,뷰티,신규,,0,
2026-06-02,B2B,뷰티,기존,,2,
2026-06-02,B2B,가전,신규,,2,
2026-06-02,B2B,가전,기존,,18,
2026-06-03,온라인,식품,신규,,7,1400
2026-06-03,온라인,식품,기존,,15,3000
2026-06-03,온라인,생활용품,신규,,5,1000
2026-06-03,온라인,생활용품,기존,,9,1800
2026-06-03,온라인,뷰티,신규,,4,800
2026-06-03,온라인,뷰티,기존,,10,2000
2026-06-03,온라인,가전,신규,,4,800
2026-06-03,온라인,가전,기존,,11,2200
2026-06-03,오프라인,식품,신규,수도권,1,
2026-06-03,오프라인,식품,신규,영남,1,
2026-06-03,오프라인,식품,신규,호남,0,
2026-06-03,오프라인,식품,신규,충청,0,
2026-06-03,오프라인,식품,기존,수도권,8,
2026-06-03,오프라인,식품,기존,영남,5,
2026-06-03,오프라인,식품,기존,호남,2,
2026-06-03,오프라인,식품,기존,충청,1,
2026-06-03,오프라인,생활용품,신규,수도권,1,
2026-06-03,오프라인,생활용품,신규,영남,1,
2026-06-03,오프라인,생활용품,신규,호남,0,
2026-06-03,오프라인,생활용품,신규,충청,0,
2026-06-03,오프라인,생활용품,기존,수도권,4,
2026-06-03,오프라인,생활용품,기존,영남,3,
2026-06-03,오프라인,생활용품,기존,호남,1,
2026-06-03,오프라인,생활용품,기존,충청,1,
2026-06-03,오프라인,뷰티,신규,수도권,0,
2026-06-03,오프라인,뷰티,신규,영남,0,
2026-06-03,오프라인,뷰티,신규,호남,0,
2026-06-03,오프라인,뷰티,신규,충청,0,
2026-06-03,오프라인,뷰티,기존,수도권,3,
2026-06-03,오프라인,뷰티,기존,영남,1,
2026-06-03,오프라인,뷰티,기존,호남,1,
2026-06-03,오프라인,뷰티,기존,충청,1,
2026-06-03,오프라인,가전,신규,수도권,1,
2026-06-03,오프라인,가전,신규,영남,0,
2026-06-03,오프라인,가전,신규,호남,0,
2026-06-03,오프라인,가전,신규,충청,0,
2026-06-03,오프라인,가전,기존,수도권,4,
2026-06-03,오프라인,가전,기존,영남,2,
2026-06-03,오프라인,가전,기존,호남,1,
2026-06-03,오프라인,가전,기존,충청,1,
2026-06-03,B2B,식품,신규,,1,
2026-06-03,B2B,식품,기존,,10,
2026-06-03,B2B,생활용품,신규,,1,
2026-06-03,B2B,생활용품,기존,,7,
2026-06-03,B2B,뷰티,신규,,0,
2026-06-03,B2B,뷰티,기존,,2,
2026-06-03,B2B,가전,신규,,2,
2026-06-03,B2B,가전,기존,,18,
2026-06-04,온라인,식품,신규,,5,1000
2026-06-04,온라인,식품,기존,,11,2200
2026-06-04,온라인,생활용품,신규,,6,1200
2026-06-04,온라인,생활용품,기존,,11,2200
2026-06-04,온라인,뷰티,신규,,4,800
2026-06-04,온라인,뷰티,기존,,9,1800
2026-06-04,온라인,가전,신규,,5,1000
2026-06-04,온라인,가전,기존,,10,2000
2026-06-04,오프라인,식품,신규,수도권,1,
2026-06-04,오프라인,식품,신규,영남,1,
2026-06-04,오프라인,식품,신규,호남,0,
2026-06-04,오프라인,식품,신규,충청,0,
2026-06-04,오프라인,식품,기존,수도권,9,
2026-06-04,오프라인,식품,기존,영남,5,
2026-06-04,오프라인,식품,기존,호남,2,
2026-06-04,오프라인,식품,기존,충청,1,
2026-06-04,오프라인,생활용품,신규,수도권,1,
2026-06-04,오프라인,생활용품,신규,영남,1,
2026-06-04,오프라인,생활용품,신규,호남,0,
2026-06-04,오프라인,생활용품,신규,충청,0,
2026-06-04,오프라인,생활용품,기존,수도권,4,
2026-06-04,오프라인,생활용품,기존,영남,3,
2026-06-04,오프라인,생활용품,기존,호남,1,
2026-06-04,오프라인,생활용품,기존,충청,1,
2026-06-04,오프라인,뷰티,신규,수도권,1,
2026-06-04,오프라인,뷰티,신규,영남,0,
2026-06-04,오프라인,뷰티,신규,호남,0,
2026-06-04,오프라인,뷰티,신규,충청,0,
2026-06-04,오프라인,뷰티,기존,수도권,3,
2026-06-04,오프라인,뷰티,기존,영남,2,
2026-06-04,오프라인,뷰티,기존,호남,1,
2026-06-04,오프라인,뷰티,기존,충청,0,
2026-06-04,오프라인,가전,신규,수도권,1,
2026-06-04,오프라인,가전,신규,영남,0,
2026-06-04,오프라인,가전,신규,호남,0,
2026-06-04,오프라인,가전,신규,충청,0,
2026-06-04,오프라인,가전,기존,수도권,3,
2026-06-04,오프라인,가전,기존,영남,2,
2026-06-04,오프라인,가전,기존,호남,1,
2026-06-04,오프라인,가전,기존,충청,0,
2026-06-04,B2B,식품,신규,,1,
2026-06-04,B2B,식품,기존,,11,
2026-06-04,B2B,생활용품,신규,,1,
2026-06-04,B2B,생활용품,기존,,7,
2026-06-04,B2B,뷰티,신규,,0,
2026-06-04,B2B,뷰티,기존,,2,
2026-06-04,B2B,가전,신규,,2,
2026-06-04,B2B,가전,기존,,16,
2026-06-05,온라인,식품,신규,,6,1200
2026-06-05,온라인,식품,기존,,13,2600
2026-06-05,온라인,생활용품,신규,,5,1000
2026-06-05,온라인,생활용품,기존,,10,2000
2026-06-05,온라인,뷰티,신규,,4,800
2026-06-05,온라인,뷰티,기존,,8,1600
2026-06-05,온라인,가전,신규,,6,1200
2026-06-05,온라인,가전,기존,,12,2400
2026-06-05,오프라인,식품,신규,수도권,2,
2026-06-05,오프라인,식품,신규,영남,1,
2026-06-05,오프라인,식품,신규,호남,0,
2026-06-05,오프라인,식품,신규,충청,0,
2026-06-05,오프라인,식품,기존,수도권,9,
2026-06-05,오프라인,식품,기존,영남,4,
2026-06-05,오프라인,식품,기존,호남,2,
2026-06-05,오프라인,식품,기존,충청,1,
2026-06-05,오프라인,생활용품,신규,수도권,1,
2026-06-05,오프라인,생활용품,신규,영남,1,
2026-06-05,오프라인,생활용품,신규,호남,0,
2026-06-05,오프라인,생활용품,신규,충청,0,
2026-06-05,오프라인,생활용품,기존,수도권,5,
2026-06-05,오프라인,생활용품,기존,영남,3,
2026-06-05,오프라인,생활용품,기존,호남,1,
2026-06-05,오프라인,생활용품,기존,충청,1,
2026-06-05,오프라인,뷰티,신규,수도권,1,
2026-06-05,오프라인,뷰티,신규,영남,0,
2026-06-05,오프라인,뷰티,신규,호남,0,
2026-06-05,오프라인,뷰티,신규,충청,0,
2026-06-05,오프라인,뷰티,기존,수도권,3,
2026-06-05,오프라인,뷰티,기존,영남,1,
2026-06-05,오프라인,뷰티,기존,호남,1,
2026-06-05,오프라인,뷰티,기존,충청,0,
2026-06-05,오프라인,가전,신규,수도권,1,
2026-06-05,오프라인,가전,신규,영남,0,
2026-06-05,오프라인,가전,신규,호남,0,
2026-06-05,오프라인,가전,신규,충청,0,
2026-06-05,오프라인,가전,기존,수도권,4,
2026-06-05,오프라인,가전,기존,영남,2,
2026-06-05,오프라인,가전,기존,호남,1,
2026-06-05,오프라인,가전,기존,충청,1,
2026-06-05,B2B,식품,신규,,1,
2026-06-05,B2B,식품,기존,,10,
2026-06-05,B2B,생활용품,신규,,1,
2026-06-05,B2B,생활용품,기존,,7,
2026-06-05,B2B,뷰티,신규,,0,
2026-06-05,B2B,뷰티,기존,,3,
2026-06-05,B2B,가전,신규,,2,
2026-06-05,B2B,가전,기존,,18,
2026-06-06,온라인,식품,신규,,6,1200
2026-06-06,온라인,식품,기존,,16,3200
2026-06-06,온라인,생활용품,신규,,6,1200
2026-06-06,온라인,생활용품,기존,,14,2800
2026-06-06,온라인,뷰티,신규,,5,1000
2026-06-06,온라인,뷰티,기존,,9,1800
2026-06-06,온라인,가전,신규,,6,1200
2026-06-06,온라인,가전,기존,,12,2400
2026-06-06,오프라인,식품,신규,수도권,2,
2026-06-06,오프라인,식품,신규,영남,1,
2026-06-06,오프라인,식품,신규,호남,0,
2026-06-06,오프라인,식품,신규,충청,0,
2026-06-06,오프라인,식품,기존,수도권,13,
2026-06-06,오프라인,식품,기존,영남,6,
2026-06-06,오프라인,식품,기존,호남,3,
2026-06-06,오프라인,식품,기존,충청,2,
2026-06-06,오프라인,생활용품,신규,수도권,1,
2026-06-06,오프라인,생활용품,신규,영남,1,
2026-06-06,오프라인,생활용품,신규,호남,0,
2026-06-06,오프라인,생활용품,신규,충청,0,
2026-06-06,오프라인,생활용품,기존,수도권,6,
2026-06-06,오프라인,생활용품,기존,영남,3,
2026-06-06,오프라인,생활용품,기존,호남,2,
2026-06-06,오프라인,생활용품,기존,충청,1,
2026-06-06,오프라인,뷰티,신규,수도권,1,
2026-06-06,오프라인,뷰티,신규,영남,0,
2026-06-06,오프라인,뷰티,신규,호남,0,
2026-06-06,오프라인,뷰티,신규,충청,0,
2026-06-06,오프라인,뷰티,기존,수도권,5,
2026-06-06,오프라인,뷰티,기존,영남,2,
2026-06-06,오프라인,뷰티,기존,호남,1,
2026-06-06,오프라인,뷰티,기존,충청,1,
2026-06-06,오프라인,가전,신규,수도권,1,
2026-06-06,오프라인,가전,신규,영남,0,
2026-06-06,오프라인,가전,신규,호남,0,
2026-06-06,오프라인,가전,신규,충청,0,
2026-06-06,오프라인,가전,기존,수도권,5,
2026-06-06,오프라인,가전,기존,영남,3,
2026-06-06,오프라인,가전,기존,호남,1,
2026-06-06,오프라인,가전,기존,충청,1,
2026-06-06,B2B,식품,신규,,0,
2026-06-06,B2B,식품,기존,,0,
2026-06-06,B2B,생활용품,신규,,0,
2026-06-06,B2B,생활용품,기존,,0,
2026-06-06,B2B,뷰티,신규,,0,
2026-06-06,B2B,뷰티,기존,,0,
2026-06-06,B2B,가전,신규,,0,
2026-06-06,B2B,가전,기존,,1,
2026-06-07,온라인,식품,신규,,8,1600
2026-06-07,온라인,식품,기존,,15,3000
2026-06-07,온라인,생활용품,신규,,6,1200
2026-06-07,온라인,생활용품,기존,,13,2600
2026-06-07,온라인,뷰티,신규,,5,1000
2026-06-07,온라인,뷰티,기존,,13,2600
2026-06-07,온라인,가전,신규,,6,1200
2026-06-07,온라인,가전,기존,,13,2600
2026-06-07,오프라인,식품,신규,수도권,2,
2026-06-07,오프라인,식품,신규,영남,1,
2026-06-07,오프라인,식품,신규,호남,0,
2026-06-07,오프라인,식품,신규,충청,0,
2026-06-07,오프라인,식품,기존,수도권,11,
2026-06-07,오프라인,식품,기존,영남,6,
2026-06-07,오프라인,식품,기존,호남,3,
2026-06-07,오프라인,식품,기존,충청,2,
2026-06-07,오프라인,생활용품,신규,수도권,1,
2026-06-07,오프라인,생활용품,신규,영남,1,
2026-06-07,오프라인,생활용품,신규,호남,0,
2026-06-07,오프라인,생활용품,신규,충청,0,
2026-06-07,오프라인,생활용품,기존,수도권,7,
2026-06-07,오프라인,생활용품,기존,영남,4,
2026-06-07,오프라인,생활용품,기존,호남,2,
2026-06-07,오프라인,생활용품,기존,충청,1,
2026-06-07,오프라인,뷰티,신규,수도권,1,
2026-06-07,오프라인,뷰티,신규,영남,0,
2026-06-07,오프라인,뷰티,신규,호남,0,
2026-06-07,오프라인,뷰티,신규,충청,0,
2026-06-07,오프라인,뷰티,기존,수도권,4,
2026-06-07,오프라인,뷰티,기존,영남,2,
2026-06-07,오프라인,뷰티,기존,호남,1,
2026-06-07,오프라인,뷰티,기존,충청,1,
2026-06-07,오프라인,가전,신규,수도권,1,
2026-06-07,오프라인,가전,신규,영남,0,
2026-06-07,오프라인,가전,신규,호남,0,
2026-06-07,오프라인,가전,신규,충청,0,
2026-06-07,오프라인,가전,기존,수도권,5,
2026-06-07,오프라인,가전,기존,영남,3,
2026-06-07,오프라인,가전,기존,호남,1,
2026-06-07,오프라인,가전,기존,충청,1,
2026-06-07,B2B,식품,신규,,0,
2026-06-07,B2B,식품,기존,,0,
2026-06-07,B2B,생활용품,신규,,0,
2026-06-07,B2B,생활용품,기존,,0,
2026-06-07,B2B,뷰티,신규,,0,
2026-06-07,B2B,뷰티,기존,,0,
2026-06-07,B2B,가전,신규,,0,
2026-06-07,B2B,가전,기존,,0,
2026-06-08,온라인,식품,신규,,7,1400
2026-06-08,온라인,식품,기존,,15,3000
2026-06-08,온라인,생활용품,신규,,5,1000
2026-06-08,온라인,생활용품,기존,,11,2200
2026-06-08,온라인,뷰티,신규,,4,800
2026-06-08,온라인,뷰티,기존,,8,1600
2026-06-08,온라인,가전,신규,,5,1000
2026-06-08,온라인,가전,기존,,10,2000
2026-06-08,오프라인,식품,신규,수도권,1,
2026-06-08,오프라인,식품,신규,영남,1,
2026-06-08,오프라인,식품,신규,호남,0,
2026-06-08,오프라인,식품,신규,충청,0,
2026-06-08,오프라인,식품,기존,수도권,8,
2026-06-08,오프라인,식품,기존,영남,5,
2026-06-08,오프라인,식품,기존,호남,2,
2026-06-08,오프라인,식품,기존,충청,1,
2026-06-08,오프라인,생활용품,신규,수도권,1,
2026-06-08,오프라인,생활용품,신규,영남,0,
2026-06-08,오프라인,생활용품,신규,호남,0,
2026-06-08,오프라인,생활용품,신규,충청,0,
2026-06-08,오프라인,생활용품,기존,수도권,5,
2026-06-08,오프라인,생활용품,기존,영남,3,
2026-06-08,오프라인,생활용품,기존,호남,1,
2026-06-08,오프라인,생활용품,기존,충청,1,
2026-06-08,오프라인,뷰티,신규,수도권,0,
2026-06-08,오프라인,뷰티,신규,영남,0,
2026-06-08,오프라인,뷰티,신규,호남,0,
2026-06-08,오프라인,뷰티,신규,충청,0,
2026-06-08,오프라인,뷰티,기존,수도권,3,
2026-06-08,오프라인,뷰티,기존,영남,2,
2026-06-08,오프라인,뷰티,기존,호남,1,
2026-06-08,오프라인,뷰티,기존,충청,0,
2026-06-08,오프라인,가전,신규,수도권,1,
2026-06-08,오프라인,가전,신규,영남,0,
2026-06-08,오프라인,가전,신규,호남,0,
2026-06-08,오프라인,가전,신규,충청,0,
2026-06-08,오프라인,가전,기존,수도권,4,
2026-06-08,오프라인,가전,기존,영남,2,
2026-06-08,오프라인,가전,기존,호남,1,
2026-06-08,오프라인,가전,기존,충청,0,
2026-06-08,B2B,식품,신규,,1,
2026-06-08,B2B,식품,기존,,11,
2026-06-08,B2B,생활용품,신규,,1,
2026-06-08,B2B,생활용품,기존,,7,
2026-06-08,B2B,뷰티,신규,,0,
2026-06-08,B2B,뷰티,기존,,2,
2026-06-08,B2B,가전,신규,,2,
2026-06-08,B2B,가전,기존,,15,
2026-06-09,온라인,식품,신규,,7,1400
2026-06-09,온라인,식품,기존,,11,2200
2026-06-09,온라인,생활용품,신규,,5,1000
2026-06-09,온라인,생활용품,기존,,9,1800
2026-06-09,온라인,뷰티,신규,,4,800
2026-06-09,온라인,뷰티,기존,,10,2000
2026-06-09,온라인,가전,신규,,5,1000
2026-06-09,온라인,가전,기존,,10,2000
2026-06-09,오프라인,식품,신규,수도권,1,
2026-06-09,오프라인,식품,신규,영남,1,
2026-06-09,오프라인,식품,신규,호남,0,
2026-06-09,오프라인,식품,신규,충청,0,
2026-06-09,오프라인,식품,기존,수도권,10,
2026-06-09,오프라인,식품,기존,영남,4,
2026-06-09,오프라인,식품,기존,호남,2,
2026-06-09,오프라인,식품,기존,충청,1,
2026-06-09,오프라인,생활용품,신규,수도권,1,
2026-06-09,오프라인,생활용품,신규,영남,0,
2026-06-09,오프라인,생활용품,신규,호남,0,
2026-06-09,오프라인,생활용품,신규,충청,0,
2026-06-09,오프라인,생활용품,기존,수도권,5,
2026-06-09,오프라인,생활용품,기존,영남,3,
2026-06-09,오프라인,생활용품,기존,호남,1,
2026-06-09,오프라인,생활용품,기존,충청,1,
2026-06-09,오프라인,뷰티,신규,수도권,1,
2026-06-09,오프라인,뷰티,신규,영남,0,
2026-06-09,오프라인,뷰티,신규,호남,0,
2026-06-09,오프라인,뷰티,신규,충청,0,
2026-06-09,오프라인,뷰티,기존,수도권,3,
2026-06-09,오프라인,뷰티,기존,영남,1,
2026-06-09,오프라인,뷰티,기존,호남,1,
2026-06-09,오프라인,뷰티,기존,충청,1,
2026-06-09,오프라인,가전,신규,수도권,1,
2026-06-09,오프라인,가전,신규,영남,0,
2026-06-09,오프라인,가전,신규,호남,0,
2026-06-09,오프라인,가전,신규,충청,0,
2026-06-09,오프라인,가전,기존,수도권,3,
2026-06-09,오프라인,가전,기존,영남,2,
2026-06-09,오프라인,가전,기존,호남,1,
2026-06-09,오프라인,가전,기존,충청,1,
2026-06-09,B2B,식품,신규,,1,
2026-06-09,B2B,식품,기존,,11,
2026-06-09,B2B,생활용품,신규,,1,
2026-06-09,B2B,생활용품,기존,,7,
2026-06-09,B2B,뷰티,신규,,0,
2026-06-09,B2B,뷰티,기존,,3,
2026-06-09,B2B,가전,신규,,2,
2026-06-09,B2B,가전,기존,,15,
2026-06-10,온라인,식품,신규,,6,1200
2026-06-10,온라인,식품,기존,,15,3000
2026-06-10,온라인,생활용품,신규,,6,1200
2026-06-10,온라인,생활용품,기존,,11,2200
2026-06-10,온라인,뷰티,신규,,4,800
2026-06-10,온라인,뷰티,기존,,10,2000
2026-06-10,온라인,가전,신규,,5,1000
2026-06-10,온라인,가전,기존,,11,2200
2026-06-10,오프라인,식품,신규,수도권,2,
2026-06-10,오프라인,식품,신규,영남,1,
2026-06-10,오프라인,식품,신규,호남,0,
2026-06-10,오프라인,식품,신규,충청,0,
2026-06-10,오프라인,식품,기존,수도권,9,
2026-06-10,오프라인,식품,기존,영남,5,
2026-06-10,오프라인,식품,기존,호남,2,
2026-06-10,오프라인,식품,기존,충청,1,
2026-06-10,오프라인,생활용품,신규,수도권,1,
2026-06-10,오프라인,생활용품,신규,영남,0,
2026-06-10,오프라인,생활용품,신규,호남,0,
2026-06-10,오프라인,생활용품,신규,충청,0,
2026-06-10,오프라인,생활용품,기존,수도권,5,
2026-06-10,오프라인,생활용품,기존,영남,3,
2026-06-10,오프라인,생활용품,기존,호남,1,
2026-06-10,오프라인,생활용품,기존,충청,1,
2026-06-10,오프라인,뷰티,신규,수도권,1,
2026-06-10,오프라인,뷰티,신규,영남,0,
2026-06-10,오프라인,뷰티,신규,호남,0,
2026-06-10,오프라인,뷰티,신규,충청,0,
2026-06-10,오프라인,뷰티,기존,수도권,3,
2026-06-10,오프라인,뷰티,기존,영남,2,
2026-06-10,오프라인,뷰티,기존,호남,1,
2026-06-10,오프라인,뷰티,기존,충청,1,
2026-06-10,오프라인,가전,신규,수도권,1,
2026-06-10,오프라인,가전,신규,영남,0,
2026-06-10,오프라인,가전,신규,호남,0,
2026-06-10,오프라인,가전,신규,충청,0,
2026-06-10,오프라인,가전,기존,수도권,4,
2026-06-10,오프라인,가전,기존,영남,2,
2026-06-10,오프라인,가전,기존,호남,1,
2026-06-10,오프라인,가전,기존,충청,0,
2026-06-10,B2B,식품,신규,,1,
2026-06-10,B2B,식품,기존,,10,
2026-06-10,B2B,생활용품,신규,,1,
2026-06-10,B2B,생활용품,기존,,6,
2026-06-10,B2B,뷰티,신규,,0,
2026-06-10,B2B,뷰티,기존,,2,
2026-06-10,B2B,가전,신규,,2,
2026-06-10,B2B,가전,기존,,18,
2026-06-11,온라인,식품,신규,,7,1400
2026-06-11,온라인,식품,기존,,14,2800
2026-06-11,온라인,생활용품,신규,,7,1400
2026-06-11,온라인,생활용품,기존,,10,2000
2026-06-11,온라인,뷰티,신규,,5,1000
2026-06-11,온라인,뷰티,기존,,9,1800
2026-06-11,온라인,가전,신규,,6,1200
2026-06-11,온라인,가전,기존,,10,2000
2026-06-11,오프라인,식품,신규,수도권,1,
2026-06-11,오프라인,식품,신규,영남,1,
2026-06-11,오프라인,식품,신규,호남,0,
2026-06-11,오프라인,식품,신규,충청,0,
2026-06-11,오프라인,식품,기존,수도권,8,
2026-06-11,오프라인,식품,기존,영남,5,
2026-06-11,오프라인,식품,기존,호남,2,
2026-06-11,오프라인,식품,기존,충청,1,
2026-06-11,오프라인,생활용품,신규,수도권,1,
2026-06-11,오프라인,생활용품,신규,영남,0,
2026-06-11,오프라인,생활용품,신규,호남,0,
2026-06-11,오프라인,생활용품,신규,충청,0,
2026-06-11,오프라인,생활용품,기존,수도권,6,
2026-06-11,오프라인,생활용품,기존,영남,3,
2026-06-11,오프라인,생활용품,기존,호남,1,
2026-06-11,오프라인,생활용품,기존,충청,1,
2026-06-11,오프라인,뷰티,신규,수도권,1,
2026-06-11,오프라인,뷰티,신규,영남,0,
2026-06-11,오프라인,뷰티,신규,호남,0,
2026-06-11,오프라인,뷰티,신규,충청,0,
2026-06-11,오프라인,뷰티,기존,수도권,3,
2026-06-11,오프라인,뷰티,기존,영남,2,
2026-06-11,오프라인,뷰티,기존,호남,1,
2026-06-11,오프라인,뷰티,기존,충청,0,
2026-06-11,오프라인,가전,신규,수도권,1,
2026-06-11,오프라인,가전,신규,영남,0,
2026-06-11,오프라인,가전,신규,호남,0,
2026-06-11,오프라인,가전,신규,충청,0,
2026-06-11,오프라인,가전,기존,수도권,3,
2026-06-11,오프라인,가전,기존,영남,2,
2026-06-11,오프라인,가전,기존,호남,1,
2026-06-11,오프라인,가전,기존,충청,1,
2026-06-11,B2B,식품,신규,,1,
2026-06-11,B2B,식품,기존,,9,
2026-06-11,B2B,생활용품,신규,,1,
2026-06-11,B2B,생활용품,기존,,7,
2026-06-11,B2B,뷰티,신규,,0,
2026-06-11,B2B,뷰티,기존,,3,
2026-06-11,B2B,가전,신규,,2,
2026-06-11,B2B,가전,기존,,15,
2026-06-12,온라인,식품,신규,,8,1600
2026-06-12,온라인,식품,기존,,13,2600
2026-06-12,온라인,생활용품,신규,,5,1000
2026-06-12,온라인,생활용품,기존,,13,2600
2026-06-12,온라인,뷰티,신규,,4,800
2026-06-12,온라인,뷰티,기존,,9,1800
2026-06-12,온라인,가전,신규,,5,1000
2026-06-12,온라인,가전,기존,,11,2200
2026-06-12,오프라인,식품,신규,수도권,2,
2026-06-12,오프라인,식품,신규,영남,1,
2026-06-12,오프라인,식품,신규,호남,0,
2026-06-12,오프라인,식품,신규,충청,0,
2026-06-12,오프라인,식품,기존,수도권,8,
2026-06-12,오프라인,식품,기존,영남,4,
2026-06-12,오프라인,식품,기존,호남,2,
2026-06-12,오프라인,식품,기존,충청,1,
2026-06-12,오프라인,생활용품,신규,수도권,1,
2026-06-12,오프라인,생활용품,신규,영남,1,
2026-06-12,오프라인,생활용품,신규,호남,0,
2026-06-12,오프라인,생활용품,신규,충청,0,
2026-06-12,오프라인,생활용품,기존,수도권,5,
2026-06-12,오프라인,생활용품,기존,영남,3,
2026-06-12,오프라인,생활용품,기존,호남,1,
2026-06-12,오프라인,생활용품,기존,충청,1,
2026-06-12,오프라인,뷰티,신규,수도권,1,
2026-06-12,오프라인,뷰티,신규,영남,0,
2026-06-12,오프라인,뷰티,신규,호남,0,
2026-06-12,오프라인,뷰티,신규,충청,0,
2026-06-12,오프라인,뷰티,기존,수도권,3,
2026-06-12,오프라인,뷰티,기존,영남,2,
2026-06-12,오프라인,뷰티,기존,호남,1,
2026-06-12,오프라인,뷰티,기존,충청,0,
2026-06-12,오프라인,가전,신규,수도권,1,
2026-06-12,오프라인,가전,신규,영남,0,
2026-06-12,오프라인,가전,신규,호남,0,
2026-06-12,오프라인,가전,신규,충청,0,
2026-06-12,오프라인,가전,기존,수도권,4,
2026-06-12,오프라인,가전,기존,영남,2,
2026-06-12,오프라인,가전,기존,호남,1,
2026-06-12,오프라인,가전,기존,충청,1,
2026-06-12,B2B,식품,신규,,1,
2026-06-12,B2B,식품,기존,,10,
2026-06-12,B2B,생활용품,신규,,1,
2026-06-12,B2B,생활용품,기존,,8,
2026-06-12,B2B,뷰티,신규,,0,
2026-06-12,B2B,뷰티,기존,,2,
2026-06-12,B2B,가전,신규,,2,
2026-06-12,B2B,가전,기존,,21,
2026-06-13,온라인,식품,신규,,8,1600
2026-06-13,온라인,식품,기존,,16,3200
2026-06-13,온라인,생활용품,신규,,6,1200
2026-06-13,온라인,생활용품,기존,,13,2600
2026-06-13,온라인,뷰티,신규,,5,1000
2026-06-13,온라인,뷰티,기존,,9,1800
2026-06-13,온라인,가전,신규,,5,1000
2026-06-13,온라인,가전,기존,,10,2000
2026-06-13,오프라인,식품,신규,수도권,2,
2026-06-13,오프라인,식품,신규,영남,1,
2026-06-13,오프라인,식품,신규,호남,0,
2026-06-13,오프라인,식품,신규,충청,0,
2026-06-13,오프라인,식품,기존,수도권,12,
2026-06-13,오프라인,식품,기존,영남,6,
2026-06-13,오프라인,식품,기존,호남,3,
2026-06-13,오프라인,식품,기존,충청,2,
2026-06-13,오프라인,생활용품,신규,수도권,1,
2026-06-13,오프라인,생활용품,신규,영남,1,
2026-06-13,오프라인,생활용품,신규,호남,0,
2026-06-13,오프라인,생활용품,신규,충청,0,
2026-06-13,오프라인,생활용품,기존,수도권,6,
2026-06-13,오프라인,생활용품,기존,영남,4,
2026-06-13,오프라인,생활용품,기존,호남,2,
2026-06-13,오프라인,생활용품,기존,충청,1,
2026-06-13,오프라인,뷰티,신규,수도권,1,
2026-06-13,오프라인,뷰티,신규,영남,0,
2026-06-13,오프라인,뷰티,신규,호남,0,
2026-06-13,오프라인,뷰티,신규,충청,0,
2026-06-13,오프라인,뷰티,기존,수도권,4,
2026-06-13,오프라인,뷰티,기존,영남,2,
2026-06-13,오프라인,뷰티,기존,호남,1,
2026-06-13,오프라인,뷰티,기존,충청,1,
2026-06-13,오프라인,가전,신규,수도권,1,
2026-06-13,오프라인,가전,신규,영남,0,
2026-06-13,오프라인,가전,신규,호남,0,
2026-06-13,오프라인,가전,신규,충청,0,
2026-06-13,오프라인,가전,기존,수도권,5,
2026-06-13,오프라인,가전,기존,영남,2,
2026-06-13,오프라인,가전,기존,호남,1,
2026-06-13,오프라인,가전,기존,충청,1,
2026-06-13,B2B,식품,신규,,0,
2026-06-13,B2B,식품,기존,,0,
2026-06-13,B2B,생활용품,신규,,0,
2026-06-13,B2B,생활용품,기존,,0,
2026-06-13,B2B,뷰티,신규,,0,
2026-06-13,B2B,뷰티,기존,,0,
2026-06-13,B2B,가전,신규,,0,
2026-06-13,B2B,가전,기존,,1,
2026-06-14,온라인,식품,신규,,8,1600
2026-06-14,온라인,식품,기존,,14,2800
2026-06-14,온라인,생활용품,신규,,6,1200
2026-06-14,온라인,생활용품,기존,,10,2000
2026-06-14,온라인,뷰티,신규,,5,1000
2026-06-14,온라인,뷰티,기존,,9,1800
2026-06-14,온라인,가전,신규,,5,1000
2026-06-14,온라인,가전,기존,,10,2000
2026-06-14,오프라인,식품,신규,수도권,2,
2026-06-14,오프라인,식품,신규,영남,1,
2026-06-14,오프라인,식품,신규,호남,0,
2026-06-14,오프라인,식품,신규,충청,0,
2026-06-14,오프라인,식품,기존,수도권,12,
2026-06-14,오프라인,식품,기존,영남,6,
2026-06-14,오프라인,식품,기존,호남,3,
2026-06-14,오프라인,식품,기존,충청,2,
2026-06-14,오프라인,생활용품,신규,수도권,1,
2026-06-14,오프라인,생활용품,신규,영남,1,
2026-06-14,오프라인,생활용품,신규,호남,0,
2026-06-14,오프라인,생활용품,신규,충청,0,
2026-06-14,오프라인,생활용품,기존,수도권,7,
2026-06-14,오프라인,생활용품,기존,영남,4,
2026-06-14,오프라인,생활용품,기존,호남,2,
2026-06-14,오프라인,생활용품,기존,충청,1,
2026-06-14,오프라인,뷰티,신규,수도권,1,
2026-06-14,오프라인,뷰티,신규,영남,0,
2026-06-14,오프라인,뷰티,신규,호남,0,
2026-06-14,오프라인,뷰티,신규,충청,0,
2026-06-14,오프라인,뷰티,기존,수도권,3,
2026-06-14,오프라인,뷰티,기존,영남,2,
2026-06-14,오프라인,뷰티,기존,호남,1,
2026-06-14,오프라인,뷰티,기존,충청,1,
2026-06-14,오프라인,가전,신규,수도권,1,
2026-06-14,오프라인,가전,신규,영남,1,
2026-06-14,오프라인,가전,신규,호남,0,
2026-06-14,오프라인,가전,신규,충청,0,
2026-06-14,오프라인,가전,기존,수도권,4,
2026-06-14,오프라인,가전,기존,영남,3,
2026-06-14,오프라인,가전,기존,호남,1,
2026-06-14,오프라인,가전,기존,충청,1,
2026-06-14,B2B,식품,신규,,0,
2026-06-14,B2B,식품,기존,,0,
2026-06-14,B2B,생활용품,신규,,0,
2026-06-14,B2B,생활용품,기존,,0,
2026-06-14,B2B,뷰티,신규,,0,
2026-06-14,B2B,뷰티,기존,,0,
2026-06-14,B2B,가전,신규,,0,
2026-06-14,B2B,가전,기존,,0,
2026-06-15,온라인,식품,신규,,6,1200
2026-06-15,온라인,식품,기존,,15,3000
2026-06-15,온라인,생활용품,신규,,5,1000
2026-06-15,온라인,생활용품,기존,,13,2600
2026-06-15,온라인,뷰티,신규,,5,1000
2026-06-15,온라인,뷰티,기존,,8,1600
2026-06-15,온라인,가전,신규,,5,1000
2026-06-15,온라인,가전,기존,,13,2600
2026-06-15,오프라인,식품,신규,수도권,1,
2026-06-15,오프라인,식품,신규,영남,1,
2026-06-15,오프라인,식품,신규,호남,0,
2026-06-15,오프라인,식품,신규,충청,0,
2026-06-15,오프라인,식품,기존,수도권,7,
2026-06-15,오프라인,식품,기존,영남,6,
2026-06-15,오프라인,식품,기존,호남,2,
2026-06-15,오프라인,식품,기존,충청,1,
2026-06-15,오프라인,생활용품,신규,수도권,1,
2026-06-15,오프라인,생활용품,신규,영남,0,
2026-06-15,오프라인,생활용품,신규,호남,0,
2026-06-15,오프라인,생활용품,신규,충청,0,
2026-06-15,오프라인,생활용품,기존,수도권,6,
2026-06-15,오프라인,생활용품,기존,영남,2,
2026-06-15,오프라인,생활용품,기존,호남,1,
2026-06-15,오프라인,생활용품,기존,충청,1,
2026-06-15,오프라인,뷰티,신규,수도권,1,
2026-06-15,오프라인,뷰티,신규,영남,0,
2026-06-15,오프라인,뷰티,신규,호남,0,
2026-06-15,오프라인,뷰티,신규,충청,0,
2026-06-15,오프라인,뷰티,기존,수도권,3,
2026-06-15,오프라인,뷰티,기존,영남,2,
2026-06-15,오프라인,뷰티,기존,호남,1,
2026-06-15,오프라인,뷰티,기존,충청,1,
2026-06-15,오프라인,가전,신규,수도권,1,
2026-06-15,오프라인,가전,신규,영남,0,
2026-06-15,오프라인,가전,신규,호남,0,
2026-06-15,오프라인,가전,신규,충청,0,
2026-06-15,오프라인,가전,기존,수도권,3,
2026-06-15,오프라인,가전,기존,영남,2,
2026-06-15,오프라인,가전,기존,호남,1,
2026-06-15,오프라인,가전,기존,충청,1,
2026-06-15,B2B,식품,신규,,1,
2026-06-15,B2B,식품,기존,,8,
2026-06-15,B2B,생활용품,신규,,1,
2026-06-15,B2B,생활용품,기존,,7,
2026-06-15,B2B,뷰티,신규,,0,
2026-06-15,B2B,뷰티,기존,,3,
2026-06-15,B2B,가전,신규,,2,
2026-06-15,B2B,가전,기존,,16,
2026-06-16,온라인,식품,신규,,7,1400
2026-06-16,온라인,식품,기존,,14,2800
2026-06-16,온라인,생활용품,신규,,6,1200
2026-06-16,온라인,생활용품,기존,,11,2200
2026-06-16,온라인,뷰티,신규,,5,1000
2026-06-16,온라인,뷰티,기존,,8,1600
2026-06-16,온라인,가전,신규,,5,1000
2026-06-16,온라인,가전,기존,,12,2400
2026-06-16,오프라인,식품,신규,수도권,1,
2026-06-16,오프라인,식품,신규,영남,1,
2026-06-16,오프라인,식품,신규,호남,0,
2026-06-16,오프라인,식품,신규,충청,0,
2026-06-16,오프라인,식품,기존,수도권,11,
2026-06-16,오프라인,식품,기존,영남,6,
2026-06-16,오프라인,식품,기존,호남,2,
2026-06-16,오프라인,식품,기존,충청,1,
2026-06-16,오프라인,생활용품,신규,수도권,1,
2026-06-16,오프라인,생활용품,신규,영남,1,
2026-06-16,오프라인,생활용품,신규,호남,0,
2026-06-16,오프라인,생활용품,신규,충청,0,
2026-06-16,오프라인,생활용품,기존,수도권,5,
2026-06-16,오프라인,생활용품,기존,영남,3,
2026-06-16,오프라인,생활용품,기존,호남,1,
2026-06-16,오프라인,생활용품,기존,충청,1,
2026-06-16,오프라인,뷰티,신규,수도권,1,
2026-06-16,오프라인,뷰티,신규,영남,0,
2026-06-16,오프라인,뷰티,신규,호남,0,
2026-06-16,오프라인,뷰티,신규,충청,0,
2026-06-16,오프라인,뷰티,기존,수도권,3,
2026-06-16,오프라인,뷰티,기존,영남,2,
2026-06-16,오프라인,뷰티,기존,호남,1,
2026-06-16,오프라인,뷰티,기존,충청,0,
2026-06-16,오프라인,가전,신규,수도권,1,
2026-06-16,오프라인,가전,신규,영남,0,
2026-06-16,오프라인,가전,신규,호남,0,
2026-06-16,오프라인,가전,신규,충청,0,
2026-06-16,오프라인,가전,기존,수도권,3,
2026-06-16,오프라인,가전,기존,영남,2,
2026-06-16,오프라인,가전,기존,호남,1,
2026-06-16,오프라인,가전,기존,충청,0,
2026-06-16,B2B,식품,신규,,1,
2026-06-16,B2B,식품,기존,,9,
2026-06-16,B2B,생활용품,신규,,1,
2026-06-16,B2B,생활용품,기존,,7,
2026-06-16,B2B,뷰티,신규,,0,
2026-06-16,B2B,뷰티,기존,,2,
2026-06-16,B2B,가전,신규,,2,
2026-06-16,B2B,가전,기존,,14,
2026-06-17,온라인,식품,신규,,7,1400
2026-06-17,온라인,식품,기존,,15,3000
2026-06-17,온라인,생활용품,신규,,7,1400
2026-06-17,온라인,생활용품,기존,,12,2400
2026-06-17,온라인,뷰티,신규,,5,1000
2026-06-17,온라인,뷰티,기존,,8,1600
2026-06-17,온라인,가전,신규,,6,1200
2026-06-17,온라인,가전,기존,,12,2400
2026-06-17,오프라인,식품,신규,수도권,2,
2026-06-17,오프라인,식품,신규,영남,1,
2026-06-17,오프라인,식품,신규,호남,0,
2026-06-17,오프라인,식품,신규,충청,0,
2026-06-17,오프라인,식품,기존,수도권,10,
2026-06-17,오프라인,식품,기존,영남,5,
2026-06-17,오프라인,식품,기존,호남,2,
2026-06-17,오프라인,식품,기존,충청,1,
2026-06-17,오프라인,생활용품,신규,수도권,1,
2026-06-17,오프라인,생활용품,신규,영남,1,
2026-06-17,오프라인,생활용품,신규,호남,0,
2026-06-17,오프라인,생활용품,신규,충청,0,
2026-06-17,오프라인,생활용품,기존,수도권,5,
2026-06-17,오프라인,생활용품,기존,영남,3,
2026-06-17,오프라인,생활용품,기존,호남,1,
2026-06-17,오프라인,생활용품,기존,충청,1,
2026-06-17,오프라인,뷰티,신규,수도권,1,
2026-06-17,오프라인,뷰티,신규,영남,0,
2026-06-17,오프라인,뷰티,신규,호남,0,
2026-06-17,오프라인,뷰티,신규,충청,0,
2026-06-17,오프라인,뷰티,기존,수도권,3,
2026-06-17,오프라인,뷰티,기존,영남,2,
2026-06-17,오프라인,뷰티,기존,호남,1,
2026-06-17,오프라인,뷰티,기존,충청,1,
2026-06-17,오프라인,가전,신규,수도권,1,
2026-06-17,오프라인,가전,신규,영남,0,
2026-06-17,오프라인,가전,신규,호남,0,
2026-06-17,오프라인,가전,신규,충청,0,
2026-06-17,오프라인,가전,기존,수도권,3,
2026-06-17,오프라인,가전,기존,영남,2,
2026-06-17,오프라인,가전,기존,호남,1,
2026-06-17,오프라인,가전,기존,충청,0,
2026-06-17,B2B,식품,신규,,1,
2026-06-17,B2B,식품,기존,,10,
2026-06-17,B2B,생활용품,신규,,1,
2026-06-17,B2B,생활용품,기존,,7,
2026-06-17,B2B,뷰티,신규,,0,
2026-06-17,B2B,뷰티,기존,,3,
2026-06-17,B2B,가전,신규,,2,
2026-06-17,B2B,가전,기존,,13,
2026-06-18,온라인,식품,신규,,6,1200
2026-06-18,온라인,식품,기존,,15,3000
2026-06-18,온라인,생활용품,신규,,6,1200
2026-06-18,온라인,생활용품,기존,,12,2400
2026-06-18,온라인,뷰티,신규,,5,1000
2026-06-18,온라인,뷰티,기존,,9,1800
2026-06-18,온라인,가전,신규,,5,1000
2026-06-18,온라인,가전,기존,,11,2200
2026-06-18,오프라인,식품,신규,수도권,1,
2026-06-18,오프라인,식품,신규,영남,1,
2026-06-18,오프라인,식품,신규,호남,0,
2026-06-18,오프라인,식품,신규,충청,0,
2026-06-18,오프라인,식품,기존,수도권,9,
2026-06-18,오프라인,식품,기존,영남,5,
2026-06-18,오프라인,식품,기존,호남,2,
2026-06-18,오프라인,식품,기존,충청,2,
2026-06-18,오프라인,생활용품,신규,수도권,1,
2026-06-18,오프라인,생활용품,신규,영남,1,
2026-06-18,오프라인,생활용품,신규,호남,0,
2026-06-18,오프라인,생활용품,신규,충청,0,
2026-06-18,오프라인,생활용품,기존,수도권,5,
2026-06-18,오프라인,생활용품,기존,영남,3,
2026-06-18,오프라인,생활용품,기존,호남,1,
2026-06-18,오프라인,생활용품,기존,충청,1,
2026-06-18,오프라인,뷰티,신규,수도권,1,
2026-06-18,오프라인,뷰티,신규,영남,0,
2026-06-18,오프라인,뷰티,신규,호남,0,
2026-06-18,오프라인,뷰티,신규,충청,0,
2026-06-18,오프라인,뷰티,기존,수도권,3,
2026-06-18,오프라인,뷰티,기존,영남,2,
2026-06-18,오프라인,뷰티,기존,호남,1,
2026-06-18,오프라인,뷰티,기존,충청,0,
2026-06-18,오프라인,가전,신규,수도권,1,
2026-06-18,오프라인,가전,신규,영남,0,
2026-06-18,오프라인,가전,신규,호남,0,
2026-06-18,오프라인,가전,신규,충청,0,
2026-06-18,오프라인,가전,기존,수도권,4,
2026-06-18,오프라인,가전,기존,영남,2,
2026-06-18,오프라인,가전,기존,호남,1,
2026-06-18,오프라인,가전,기존,충청,1,
2026-06-18,B2B,식품,신규,,1,
2026-06-18,B2B,식품,기존,,9,
2026-06-18,B2B,생활용품,신규,,1,
2026-06-18,B2B,생활용품,기존,,7,
2026-06-18,B2B,뷰티,신규,,0,
2026-06-18,B2B,뷰티,기존,,2,
2026-06-18,B2B,가전,신규,,2,
2026-06-18,B2B,가전,기존,,13,
2026-06-19,온라인,식품,신규,,6,1200
2026-06-19,온라인,식품,기존,,12,2400
2026-06-19,온라인,생활용품,신규,,6,1200
2026-06-19,온라인,생활용품,기존,,10,2000
2026-06-19,온라인,뷰티,신규,,4,800
2026-06-19,온라인,뷰티,기존,,8,1600
2026-06-19,온라인,가전,신규,,6,1200
2026-06-19,온라인,가전,기존,,9,1800
2026-06-19,오프라인,식품,신규,수도권,2,
2026-06-19,오프라인,식품,신규,영남,1,
2026-06-19,오프라인,식품,신규,호남,0,
2026-06-19,오프라인,식품,신규,충청,0,
2026-06-19,오프라인,식품,기존,수도권,9,
2026-06-19,오프라인,식품,기존,영남,5,
2026-06-19,오프라인,식품,기존,호남,2,
2026-06-19,오프라인,식품,기존,충청,1,
2026-06-19,오프라인,생활용품,신규,수도권,1,
2026-06-19,오프라인,생활용품,신규,영남,0,
2026-06-19,오프라인,생활용품,신규,호남,0,
2026-06-19,오프라인,생활용품,신규,충청,0,
2026-06-19,오프라인,생활용품,기존,수도권,5,
2026-06-19,오프라인,생활용품,기존,영남,3,
2026-06-19,오프라인,생활용품,기존,호남,1,
2026-06-19,오프라인,생활용품,기존,충청,1,
2026-06-19,오프라인,뷰티,신규,수도권,1,
2026-06-19,오프라인,뷰티,신규,영남,0,
2026-06-19,오프라인,뷰티,신규,호남,0,
2026-06-19,오프라인,뷰티,신규,충청,0,
2026-06-19,오프라인,뷰티,기존,수도권,3,
2026-06-19,오프라인,뷰티,기존,영남,2,
2026-06-19,오프라인,뷰티,기존,호남,1,
2026-06-19,오프라인,뷰티,기존,충청,0,
2026-06-19,오프라인,가전,신규,수도권,1,
2026-06-19,오프라인,가전,신규,영남,0,
2026-06-19,오프라인,가전,신규,호남,0,
2026-06-19,오프라인,가전,신규,충청,0,
2026-06-19,오프라인,가전,기존,수도권,4,
2026-06-19,오프라인,가전,기존,영남,2,
2026-06-19,오프라인,가전,기존,호남,1,
2026-06-19,오프라인,가전,기존,충청,1,
2026-06-19,B2B,식품,신규,,1,
2026-06-19,B2B,식품,기존,,10,
2026-06-19,B2B,생활용품,신규,,1,
2026-06-19,B2B,생활용품,기존,,7,
2026-06-19,B2B,뷰티,신규,,0,
2026-06-19,B2B,뷰티,기존,,3,
2026-06-19,B2B,가전,신규,,2,
2026-06-19,B2B,가전,기존,,17,
2026-06-20,온라인,식품,신규,,7,1400
2026-06-20,온라인,식품,기존,,14,2800
2026-06-20,온라인,생활용품,신규,,6,1200
2026-06-20,온라인,생활용품,기존,,12,2400
2026-06-20,온라인,뷰티,신규,,5,1000
2026-06-20,온라인,뷰티,기존,,10,2000
2026-06-20,온라인,가전,신규,,6,1200
2026-06-20,온라인,가전,기존,,14,2800
2026-06-20,오프라인,식품,신규,수도권,2,
2026-06-20,오프라인,식품,신규,영남,1,
2026-06-20,오프라인,식품,신규,호남,0,
2026-06-20,오프라인,식품,신규,충청,0,
2026-06-20,오프라인,식품,기존,수도권,12,
2026-06-20,오프라인,식품,기존,영남,6,
2026-06-20,오프라인,식품,기존,호남,2,
2026-06-20,오프라인,식품,기존,충청,2,
2026-06-20,오프라인,생활용품,신규,수도권,1,
2026-06-20,오프라인,생활용품,신규,영남,1,
2026-06-20,오프라인,생활용품,신규,호남,0,
2026-06-20,오프라인,생활용품,신규,충청,0,
2026-06-20,오프라인,생활용품,기존,수도권,6,
2026-06-20,오프라인,생활용품,기존,영남,3,
2026-06-20,오프라인,생활용품,기존,호남,2,
2026-06-20,오프라인,생활용품,기존,충청,1,
2026-06-20,오프라인,뷰티,신규,수도권,1,
2026-06-20,오프라인,뷰티,신규,영남,0,
2026-06-20,오프라인,뷰티,신규,호남,0,
2026-06-20,오프라인,뷰티,신규,충청,0,
2026-06-20,오프라인,뷰티,기존,수도권,4,
2026-06-20,오프라인,뷰티,기존,영남,2,
2026-06-20,오프라인,뷰티,기존,호남,1,
2026-06-20,오프라인,뷰티,기존,충청,1,
2026-06-20,오프라인,가전,신규,수도권,1,
2026-06-20,오프라인,가전,신규,영남,0,
2026-06-20,오프라인,가전,신규,호남,0,
2026-06-20,오프라인,가전,신규,충청,0,
2026-06-20,오프라인,가전,기존,수도권,5,
2026-06-20,오프라인,가전,기존,영남,2,
2026-06-20,오프라인,가전,기존,호남,1,
2026-06-20,오프라인,가전,기존,충청,1,
2026-06-20,B2B,식품,신규,,0,
2026-06-20,B2B,식품,기존,,0,
2026-06-20,B2B,생활용품,신규,,0,
2026-06-20,B2B,생활용품,기존,,0,
2026-06-20,B2B,뷰티,신규,,0,
2026-06-20,B2B,뷰티,기존,,0,
2026-06-20,B2B,가전,신규,,0,
2026-06-20,B2B,가전,기존,,1,
2026-06-21,온라인,식품,신규,,8,1600
2026-06-21,온라인,식품,기존,,15,3000
2026-06-21,온라인,생활용품,신규,,5,1000
2026-06-21,온라인,생활용품,기존,,15,3000
2026-06-21,온라인,뷰티,신규,,5,1000
2026-06-21,온라인,뷰티,기존,,9,1800
2026-06-21,온라인,가전,신규,,5,1000
2026-06-21,온라인,가전,기존,,14,2800
2026-06-21,오프라인,식품,신규,수도권,2,
2026-06-21,오프라인,식품,신규,영남,1,
2026-06-21,오프라인,식품,신규,호남,0,
2026-06-21,오프라인,식품,신규,충청,0,
2026-06-21,오프라인,식품,기존,수도권,11,
2026-06-21,오프라인,식품,기존,영남,7,
2026-06-21,오프라인,식품,기존,호남,2,
2026-06-21,오프라인,식품,기존,충청,2,
2026-06-21,오프라인,생활용품,신규,수도권,1,
2026-06-21,오프라인,생활용품,신규,영남,1,
2026-06-21,오프라인,생활용품,신규,호남,0,
2026-06-21,오프라인,생활용품,신규,충청,0,
2026-06-21,오프라인,생활용품,기존,수도권,8,
2026-06-21,오프라인,생활용품,기존,영남,3,
2026-06-21,오프라인,생활용품,기존,호남,2,
2026-06-21,오프라인,생활용품,기존,충청,1,
2026-06-21,오프라인,뷰티,신규,수도권,1,
2026-06-21,오프라인,뷰티,신규,영남,0,
2026-06-21,오프라인,뷰티,신규,호남,0,
2026-06-21,오프라인,뷰티,신규,충청,0,
2026-06-21,오프라인,뷰티,기존,수도권,4,
2026-06-21,오프라인,뷰티,기존,영남,2,
2026-06-21,오프라인,뷰티,기존,호남,1,
2026-06-21,오프라인,뷰티,기존,충청,1,
2026-06-21,오프라인,가전,신규,수도권,1,
2026-06-21,오프라인,가전,신규,영남,0,
2026-06-21,오프라인,가전,신규,호남,0,
2026-06-21,오프라인,가전,신규,충청,0,
2026-06-21,오프라인,가전,기존,수도권,4,
2026-06-21,오프라인,가전,기존,영남,2,
2026-06-21,오프라인,가전,기존,호남,1,
2026-06-21,오프라인,가전,기존,충청,1,
2026-06-21,B2B,식품,신규,,0,
2026-06-21,B2B,식품,기존,,0,
2026-06-21,B2B,생활용품,신규,,0,
2026-06-21,B2B,생활용품,기존,,0,
2026-06-21,B2B,뷰티,신규,,0,
2026-06-21,B2B,뷰티,기존,,0,
2026-06-21,B2B,가전,신규,,0,
2026-06-21,B2B,가전,기존,,0,
2026-06-22,온라인,식품,신규,,7,1400
2026-06-22,온라인,식품,기존,,13,2600
2026-06-22,온라인,생활용품,신규,,5,1000
2026-06-22,온라인,생활용품,기존,,10,2000
2026-06-22,온라인,뷰티,신규,,5,1000
2026-06-22,온라인,뷰티,기존,,8,1600
2026-06-22,온라인,가전,신규,,5,1000
2026-06-22,온라인,가전,기존,,9,1800
2026-06-22,오프라인,식품,신규,수도권,1,
2026-06-22,오프라인,식품,신규,영남,1,
2026-06-22,오프라인,식품,신규,호남,0,
2026-06-22,오프라인,식품,신규,충청,0,
2026-06-22,오프라인,식품,기존,수도권,8,
2026-06-22,오프라인,식품,기존,영남,4,
2026-06-22,오프라인,식품,기존,호남,2,
2026-06-22,오프라인,식품,기존,충청,2,
2026-06-22,오프라인,생활용품,신규,수도권,1,
2026-06-22,오프라인,생활용품,신규,영남,0,
2026-06-22,오프라인,생활용품,신규,호남,0,
2026-06-22,오프라인,생활용품,신규,충청,0,
2026-06-22,오프라인,생활용품,기존,수도권,5,
2026-06-22,오프라인,생활용품,기존,영남,3,
2026-06-22,오프라인,생활용품,기존,호남,1,
2026-06-22,오프라인,생활용품,기존,충청,1,
2026-06-22,오프라인,뷰티,신규,수도권,1,
2026-06-22,오프라인,뷰티,신규,영남,0,
2026-06-22,오프라인,뷰티,신규,호남,0,
2026-06-22,오프라인,뷰티,신규,충청,0,
2026-06-22,오프라인,뷰티,기존,수도권,4,
2026-06-22,오프라인,뷰티,기존,영남,2,
2026-06-22,오프라인,뷰티,기존,호남,1,
2026-06-22,오프라인,뷰티,기존,충청,0,
2026-06-22,오프라인,가전,신규,수도권,1,
2026-06-22,오프라인,가전,신규,영남,0,
2026-06-22,오프라인,가전,신규,호남,0,
2026-06-22,오프라인,가전,신규,충청,0,
2026-06-22,오프라인,가전,기존,수도권,4,
2026-06-22,오프라인,가전,기존,영남,2,
2026-06-22,오프라인,가전,기존,호남,1,
2026-06-22,오프라인,가전,기존,충청,1,
2026-06-22,B2B,식품,신규,,1,
2026-06-22,B2B,식품,기존,,9,
2026-06-22,B2B,생활용품,신규,,1,
2026-06-22,B2B,생활용품,기존,,8,
2026-06-22,B2B,뷰티,신규,,0,
2026-06-22,B2B,뷰티,기존,,3,
2026-06-22,B2B,가전,신규,,2,
2026-06-22,B2B,가전,기존,,15,
2026-06-23,온라인,식품,신규,,6,1200
2026-06-23,온라인,식품,기존,,14,2800
2026-06-23,온라인,생활용품,신규,,5,1000
2026-06-23,온라인,생활용품,기존,,9,1800
2026-06-23,온라인,뷰티,신규,,4,800
2026-06-23,온라인,뷰티,기존,,9,1800
2026-06-23,온라인,가전,신규,,6,1200
2026-06-23,온라인,가전,기존,,10,2000
2026-06-23,오프라인,식품,신규,수도권,2,
2026-06-23,오프라인,식품,신규,영남,1,
2026-06-23,오프라인,식품,신규,호남,0,
2026-06-23,오프라인,식품,신규,충청,0,
2026-06-23,오프라인,식품,기존,수도권,8,
2026-06-23,오프라인,식품,기존,영남,5,
2026-06-23,오프라인,식품,기존,호남,2,
2026-06-23,오프라인,식품,기존,충청,1,
2026-06-23,오프라인,생활용품,신규,수도권,1,
2026-06-23,오프라인,생활용품,신규,영남,1,
2026-06-23,오프라인,생활용품,신규,호남,0,
2026-06-23,오프라인,생활용품,신규,충청,0,
2026-06-23,오프라인,생활용품,기존,수도권,5,
2026-06-23,오프라인,생활용품,기존,영남,3,
2026-06-23,오프라인,생활용품,기존,호남,1,
2026-06-23,오프라인,생활용품,기존,충청,1,
2026-06-23,오프라인,뷰티,신규,수도권,1,
2026-06-23,오프라인,뷰티,신규,영남,0,
2026-06-23,오프라인,뷰티,신규,호남,0,
2026-06-23,오프라인,뷰티,신규,충청,0,
2026-06-23,오프라인,뷰티,기존,수도권,3,
2026-06-23,오프라인,뷰티,기존,영남,1,
2026-06-23,오프라인,뷰티,기존,호남,1,
2026-06-23,오프라인,뷰티,기존,충청,0,
2026-06-23,오프라인,가전,신규,수도권,1,
2026-06-23,오프라인,가전,신규,영남,0,
2026-06-23,오프라인,가전,신규,호남,0,
2026-06-23,오프라인,가전,신규,충청,0,
2026-06-23,오프라인,가전,기존,수도권,3,
2026-06-23,오프라인,가전,기존,영남,2,
2026-06-23,오프라인,가전,기존,호남,1,
2026-06-23,오프라인,가전,기존,충청,1,
2026-06-23,B2B,식품,신규,,1,
2026-06-23,B2B,식품,기존,,8,
2026-06-23,B2B,생활용품,신규,,1,
2026-06-23,B2B,생활용품,기존,,6,
2026-06-23,B2B,뷰티,신규,,0,
2026-06-23,B2B,뷰티,기존,,2,
2026-06-23,B2B,가전,신규,,2,
2026-06-23,B2B,가전,기존,,19,
2026-06-24,온라인,식품,신규,,5,1000
2026-06-24,온라인,식품,기존,,12,2400
2026-06-24,온라인,생활용품,신규,,5,1000
2026-06-24,온라인,생활용품,기존,,11,2200
2026-06-24,온라인,뷰티,신규,,4,800
2026-06-24,온라인,뷰티,기존,,7,1400
2026-06-24,온라인,가전,신규,,6,1200
2026-06-24,온라인,가전,기존,,10,2000
2026-06-24,오프라인,식품,신규,수도권,1,
2026-06-24,오프라인,식품,신규,영남,1,
2026-06-24,오프라인,식품,신규,호남,0,
2026-06-24,오프라인,식품,신규,충청,0,
2026-06-24,오프라인,식품,기존,수도권,9,
2026-06-24,오프라인,식품,기존,영남,5,
2026-06-24,오프라인,식품,기존,호남,2,
2026-06-24,오프라인,식품,기존,충청,1,
2026-06-24,오프라인,생활용품,신규,수도권,1,
2026-06-24,오프라인,생활용품,신규,영남,0,
2026-06-24,오프라인,생활용품,신규,호남,0,
2026-06-24,오프라인,생활용품,신규,충청,0,
2026-06-24,오프라인,생활용품,기존,수도권,5,
2026-06-24,오프라인,생활용품,기존,영남,3,
2026-06-24,오프라인,생활용품,기존,호남,1,
2026-06-24,오프라인,생활용품,기존,충청,1,
2026-06-24,오프라인,뷰티,신규,수도권,1,
2026-06-24,오프라인,뷰티,신규,영남,0,
2026-06-24,오프라인,뷰티,신규,호남,0,
2026-06-24,오프라인,뷰티,신규,충청,0,
2026-06-24,오프라인,뷰티,기존,수도권,3,
2026-06-24,오프라인,뷰티,기존,영남,2,
2026-06-24,오프라인,뷰티,기존,호남,1,
2026-06-24,오프라인,뷰티,기존,충청,1,
2026-06-24,오프라인,가전,신규,수도권,1,
2026-06-24,오프라인,가전,신규,영남,0,
2026-06-24,오프라인,가전,신규,호남,0,
2026-06-24,오프라인,가전,신규,충청,0,
2026-06-24,오프라인,가전,기존,수도권,3,
2026-06-24,오프라인,가전,기존,영남,2,
2026-06-24,오프라인,가전,기존,호남,1,
2026-06-24,오프라인,가전,기존,충청,1,
2026-06-24,B2B,식품,신규,,1,
2026-06-24,B2B,식품,기존,,10,
2026-06-24,B2B,생활용품,신규,,1,
2026-06-24,B2B,생활용품,기존,,7,
2026-06-24,B2B,뷰티,신규,,0,
2026-06-24,B2B,뷰티,기존,,2,
2026-06-24,B2B,가전,신규,,2,
2026-06-24,B2B,가전,기존,,12,
2026-06-25,온라인,식품,신규,,5,1000
2026-06-25,온라인,식품,기존,,13,2600
2026-06-25,온라인,생활용품,신규,,6,1200
2026-06-25,온라인,생활용품,기존,,11,2200
2026-06-25,온라인,뷰티,신규,,4,800
2026-06-25,온라인,뷰티,기존,,9,1800
2026-06-25,온라인,가전,신규,,5,1000
2026-06-25,온라인,가전,기존,,12,2400
2026-06-25,오프라인,식품,신규,수도권,1,
2026-06-25,오프라인,식품,신규,영남,1,
2026-06-25,오프라인,식품,신규,호남,0,
2026-06-25,오프라인,식품,신규,충청,0,
2026-06-25,오프라인,식품,기존,수도권,8,
2026-06-25,오프라인,식품,기존,영남,4,
2026-06-25,오프라인,식품,기존,호남,2,
2026-06-25,오프라인,식품,기존,충청,1,
2026-06-25,오프라인,생활용품,신규,수도권,1,
2026-06-25,오프라인,생활용품,신규,영남,1,
2026-06-25,오프라인,생활용품,신규,호남,0,
2026-06-25,오프라인,생활용품,신규,충청,0,
2026-06-25,오프라인,생활용품,기존,수도권,5,
2026-06-25,오프라인,생활용품,기존,영남,3,
2026-06-25,오프라인,생활용품,기존,호남,1,
2026-06-25,오프라인,생활용품,기존,충청,1,
2026-06-25,오프라인,뷰티,신규,수도권,1,
2026-06-25,오프라인,뷰티,신규,영남,0,
2026-06-25,오프라인,뷰티,신규,호남,0,
2026-06-25,오프라인,뷰티,신규,충청,0,
2026-06-25,오프라인,뷰티,기존,수도권,3,
2026-06-25,오프라인,뷰티,기존,영남,2,
2026-06-25,오프라인,뷰티,기존,호남,1,
2026-06-25,오프라인,뷰티,기존,충청,0,
2026-06-25,오프라인,가전,신규,수도권,1,
2026-06-25,오프라인,가전,신규,영남,0,
2026-06-25,오프라인,가전,신규,호남,0,
2026-06-25,오프라인,가전,신규,충청,0,
2026-06-25,오프라인,가전,기존,수도권,3,
2026-06-25,오프라인,가전,기존,영남,2,
2026-06-25,오프라인,가전,기존,호남,1,
2026-06-25,오프라인,가전,기존,충청,1,
2026-06-25,B2B,식품,신규,,1,
2026-06-25,B2B,식품,기존,,10,
2026-06-25,B2B,생활용품,신규,,1,
2026-06-25,B2B,생활용품,기존,,8,
2026-06-25,B2B,뷰티,신규,,0,
2026-06-25,B2B,뷰티,기존,,3,
2026-06-25,B2B,가전,신규,,2,
2026-06-25,B2B,가전,기존,,16,
2026-06-26,온라인,식품,신규,,6,1200
2026-06-26,온라인,식품,기존,,13,2600
2026-06-26,온라인,생활용품,신규,,5,1000
2026-06-26,온라인,생활용품,기존,,13,2600
2026-06-26,온라인,뷰티,신규,,4,800
2026-06-26,온라인,뷰티,기존,,8,1600
2026-06-26,온라인,가전,신규,,6,1200
2026-06-26,온라인,가전,기존,,12,2400
2026-06-26,오프라인,식품,신규,수도권,2,
2026-06-26,오프라인,식품,신규,영남,1,
2026-06-26,오프라인,식품,신규,호남,0,
2026-06-26,오프라인,식품,신규,충청,0,
2026-06-26,오프라인,식품,기존,수도권,11,
2026-06-26,오프라인,식품,기존,영남,5,
2026-06-26,오프라인,식품,기존,호남,2,
2026-06-26,오프라인,식품,기존,충청,1,
2026-06-26,오프라인,생활용품,신규,수도권,1,
2026-06-26,오프라인,생활용품,신규,영남,1,
2026-06-26,오프라인,생활용품,신규,호남,0,
2026-06-26,오프라인,생활용품,신규,충청,0,
2026-06-26,오프라인,생활용품,기존,수도권,5,
2026-06-26,오프라인,생활용품,기존,영남,2,
2026-06-26,오프라인,생활용품,기존,호남,1,
2026-06-26,오프라인,생활용품,기존,충청,1,
2026-06-26,오프라인,뷰티,신규,수도권,1,
2026-06-26,오프라인,뷰티,신규,영남,0,
2026-06-26,오프라인,뷰티,신규,호남,0,
2026-06-26,오프라인,뷰티,신규,충청,0,
2026-06-26,오프라인,뷰티,기존,수도권,3,
2026-06-26,오프라인,뷰티,기존,영남,2,
2026-06-26,오프라인,뷰티,기존,호남,1,
2026-06-26,오프라인,뷰티,기존,충청,0,
2026-06-26,오프라인,가전,신규,수도권,1,
2026-06-26,오프라인,가전,신규,영남,0,
2026-06-26,오프라인,가전,신규,호남,0,
2026-06-26,오프라인,가전,신규,충청,0,
2026-06-26,오프라인,가전,기존,수도권,3,
2026-06-26,오프라인,가전,기존,영남,2,
2026-06-26,오프라인,가전,기존,호남,1,
2026-06-26,오프라인,가전,기존,충청,1,
2026-06-26,B2B,식품,신규,,1,
2026-06-26,B2B,식품,기존,,9,
2026-06-26,B2B,생활용품,신규,,1,
2026-06-26,B2B,생활용품,기존,,7,
2026-06-26,B2B,뷰티,신규,,0,
2026-06-26,B2B,뷰티,기존,,3,
2026-06-26,B2B,가전,신규,,2,
2026-06-26,B2B,가전,기존,,16,
2026-06-27,온라인,식품,신규,,7,1400
2026-06-27,온라인,식품,기존,,14,2800
2026-06-27,온라인,생활용품,신규,,6,1200
2026-06-27,온라인,생활용품,기존,,13,2600
2026-06-27,온라인,뷰티,신규,,5,1000
2026-06-27,온라인,뷰티,기존,,8,1600
2026-06-27,온라인,가전,신규,,7,1400
2026-06-27,온라인,가전,기존,,12,2400
2026-06-27,오프라인,식품,신규,수도권,2,
2026-06-27,오프라인,식품,신규,영남,1,
2026-06-27,오프라인,식품,신규,호남,0,
2026-06-27,오프라인,식품,신규,충청,0,
2026-06-27,오프라인,식품,기존,수도권,11,
2026-06-27,오프라인,식품,기존,영남,6,
2026-06-27,오프라인,식품,기존,호남,3,
2026-06-27,오프라인,식품,기존,충청,2,
2026-06-27,오프라인,생활용품,신규,수도권,2,
2026-06-27,오프라인,생활용품,신규,영남,1,
2026-06-27,오프라인,생활용품,신규,호남,0,
2026-06-27,오프라인,생활용품,신규,충청,0,
2026-06-27,오프라인,생활용품,기존,수도권,7,
2026-06-27,오프라인,생활용품,기존,영남,4,
2026-06-27,오프라인,생활용품,기존,호남,2,
2026-06-27,오프라인,생활용품,기존,충청,1,
2026-06-27,오프라인,뷰티,신규,수도권,1,
2026-06-27,오프라인,뷰티,신규,영남,0,
2026-06-27,오프라인,뷰티,신규,호남,0,
2026-06-27,오프라인,뷰티,신규,충청,0,
2026-06-27,오프라인,뷰티,기존,수도권,4,
2026-06-27,오프라인,뷰티,기존,영남,3,
2026-06-27,오프라인,뷰티,기존,호남,1,
2026-06-27,오프라인,뷰티,기존,충청,1,
2026-06-27,오프라인,가전,신규,수도권,1,
2026-06-27,오프라인,가전,신규,영남,1,
2026-06-27,오프라인,가전,신규,호남,0,
2026-06-27,오프라인,가전,신규,충청,0,
2026-06-27,오프라인,가전,기존,수도권,5,
2026-06-27,오프라인,가전,기존,영남,3,
2026-06-27,오프라인,가전,기존,호남,1,
2026-06-27,오프라인,가전,기존,충청,1,
2026-06-27,B2B,식품,신규,,0,
2026-06-27,B2B,식품,기존,,0,
2026-06-27,B2B,생활용품,신규,,0,
2026-06-27,B2B,생활용품,기존,,0,
2026-06-27,B2B,뷰티,신규,,0,
2026-06-27,B2B,뷰티,기존,,0,
2026-06-27,B2B,가전,신규,,0,
2026-06-27,B2B,가전,기존,,1,
2026-06-28,온라인,식품,신규,,7,1400
2026-06-28,온라인,식품,기존,,14,2800
2026-06-28,온라인,생활용품,신규,,6,1200
2026-06-28,온라인,생활용품,기존,,12,2400
2026-06-28,온라인,뷰티,신규,,5,1000
2026-06-28,온라인,뷰티,기존,,10,2000
2026-06-28,온라인,가전,신규,,7,1400
2026-06-28,온라인,가전,기존,,14,2800
2026-06-28,오프라인,식품,신규,수도권,2,
2026-06-28,오프라인,식품,신규,영남,1,
2026-06-28,오프라인,식품,신규,호남,0,
2026-06-28,오프라인,식품,신규,충청,0,
2026-06-28,오프라인,식품,기존,수도권,13,
2026-06-28,오프라인,식품,기존,영남,6,
2026-06-28,오프라인,식품,기존,호남,3,
2026-06-28,오프라인,식품,기존,충청,2,
2026-06-28,오프라인,생활용품,신규,수도권,1,
2026-06-28,오프라인,생활용품,신규,영남,1,
2026-06-28,오프라인,생활용품,신규,호남,0,
2026-06-28,오프라인,생활용품,신규,충청,0,
2026-06-28,오프라인,생활용품,기존,수도권,7,
2026-06-28,오프라인,생활용품,기존,영남,4,
2026-06-28,오프라인,생활용품,기존,호남,2,
2026-06-28,오프라인,생활용품,기존,충청,1,
2026-06-28,오프라인,뷰티,신규,수도권,1,
2026-06-28,오프라인,뷰티,신규,영남,0,
2026-06-28,오프라인,뷰티,신규,호남,0,
2026-06-28,오프라인,뷰티,신규,충청,0,
2026-06-28,오프라인,뷰티,기존,수도권,4,
2026-06-28,오프라인,뷰티,기존,영남,2,
2026-06-28,오프라인,뷰티,기존,호남,1,
2026-06-28,오프라인,뷰티,기존,충청,1,
2026-06-28,오프라인,가전,신규,수도권,1,
2026-06-28,오프라인,가전,신규,영남,0,
2026-06-28,오프라인,가전,신규,호남,0,
2026-06-28,오프라인,가전,신규,충청,0,
2026-06-28,오프라인,가전,기존,수도권,4,
2026-06-28,오프라인,가전,기존,영남,2,
2026-06-28,오프라인,가전,기존,호남,1,
2026-06-28,오프라인,가전,기존,충청,1,
2026-06-28,B2B,식품,신규,,0,
2026-06-28,B2B,식품,기존,,0,
2026-06-28,B2B,생활용품,신규,,0,
2026-06-28,B2B,생활용품,기존,,0,
2026-06-28,B2B,뷰티,신규,,0,
2026-06-28,B2B,뷰티,기존,,0,
2026-06-28,B2B,가전,신규,,0,
2026-06-28,B2B,가전,기존,,0,
2026-06-29,온라인,식품,신규,,7,1400
2026-06-29,온라인,식품,기존,,14,2800
2026-06-29,온라인,생활용품,신규,,5,1000
2026-06-29,온라인,생활용품,기존,,11,2200
2026-06-29,온라인,뷰티,신규,,4,800
2026-06-29,온라인,뷰티,기존,,8,1600
2026-06-29,온라인,가전,신규,,5,1000
2026-06-29,온라인,가전,기존,,13,2600
2026-06-29,오프라인,식품,신규,수도권,2,
2026-06-29,오프라인,식품,신규,영남,1,
2026-06-29,오프라인,식품,신규,호남,0,
2026-06-29,오프라인,식품,신규,충청,0,
2026-06-29,오프라인,식품,기존,수도권,10,
2026-06-29,오프라인,식품,기존,영남,5,
2026-06-29,오프라인,식품,기존,호남,2,
2026-06-29,오프라인,식품,기존,충청,1,
2026-06-29,오프라인,생활용품,신규,수도권,1,
2026-06-29,오프라인,생활용품,신규,영남,1,
2026-06-29,오프라인,생활용품,신규,호남,0,
2026-06-29,오프라인,생활용품,신규,충청,0,
2026-06-29,오프라인,생활용품,기존,수도권,5,
2026-06-29,오프라인,생활용품,기존,영남,3,
2026-06-29,오프라인,생활용품,기존,호남,1,
2026-06-29,오프라인,생활용품,기존,충청,1,
2026-06-29,오프라인,뷰티,신규,수도권,1,
2026-06-29,오프라인,뷰티,신규,영남,0,
2026-06-29,오프라인,뷰티,신규,호남,0,
2026-06-29,오프라인,뷰티,신규,충청,0,
2026-06-29,오프라인,뷰티,기존,수도권,3,
2026-06-29,오프라인,뷰티,기존,영남,2,
2026-06-29,오프라인,뷰티,기존,호남,1,
2026-06-29,오프라인,뷰티,기존,충청,1,
2026-06-29,오프라인,가전,신규,수도권,1,
2026-06-29,오프라인,가전,신규,영남,0,
2026-06-29,오프라인,가전,신규,호남,0,
2026-06-29,오프라인,가전,신규,충청,0,
2026-06-29,오프라인,가전,기존,수도권,3,
2026-06-29,오프라인,가전,기존,영남,2,
2026-06-29,오프라인,가전,기존,호남,1,
2026-06-29,오프라인,가전,기존,충청,1,
2026-06-29,B2B,식품,신규,,1,
2026-06-29,B2B,식품,기존,,10,
2026-06-29,B2B,생활용품,신규,,1,
2026-06-29,B2B,생활용품,기존,,7,
2026-06-29,B2B,뷰티,신규,,0,
2026-06-29,B2B,뷰티,기존,,2,
2026-06-29,B2B,가전,신규,,2,
2026-06-29,B2B,가전,기존,,13,
2026-06-30,온라인,식품,신규,,6,1200
2026-06-30,온라인,식품,기존,,14,2800
2026-06-30,온라인,생활용품,신규,,5,1000
2026-06-30,온라인,생활용품,기존,,13,2600
2026-06-30,온라인,뷰티,신규,,4,800
2026-06-30,온라인,뷰티,기존,,8,1600
2026-06-30,온라인,가전,신규,,5,1000
2026-06-30,온라인,가전,기존,,12,2400
2026-06-30,오프라인,식품,신규,수도권,2,
2026-06-30,오프라인,식품,신규,영남,1,
2026-06-30,오프라인,식품,신규,호남,0,
2026-06-30,오프라인,식품,신규,충청,0,
2026-06-30,오프라인,식품,기존,수도권,9,
2026-06-30,오프라인,식품,기존,영남,4,
2026-06-30,오프라인,식품,기존,호남,2,
2026-06-30,오프라인,식품,기존,충청,1,
2026-06-30,오프라인,생활용품,신규,수도권,1,
2026-06-30,오프라인,생활용품,신규,영남,1,
2026-06-30,오프라인,생활용품,신규,호남,0,
2026-06-30,오프라인,생활용품,신규,충청,0,
2026-06-30,오프라인,생활용품,기존,수도권,6,
2026-06-30,오프라인,생활용품,기존,영남,2,
2026-06-30,오프라인,생활용품,기존,호남,1,
2026-06-30,오프라인,생활용품,기존,충청,1,
2026-06-30,오프라인,뷰티,신규,수도권,1,
2026-06-30,오프라인,뷰티,신규,영남,0,
2026-06-30,오프라인,뷰티,신규,호남,0,
2026-06-30,오프라인,뷰티,신규,충청,0,
2026-06-30,오프라인,뷰티,기존,수도권,3,
2026-06-30,오프라인,뷰티,기존,영남,2,
2026-06-30,오프라인,뷰티,기존,호남,1,
2026-06-30,오프라인,뷰티,기존,충청,0,
2026-06-30,오프라인,가전,신규,수도권,1,
2026-06-30,오프라인,가전,신규,영남,0,
2026-06-30,오프라인,가전,신규,호남,0,
2026-06-30,오프라인,가전,신규,충청,0,
2026-06-30,오프라인,가전,기존,수도권,4,
2026-06-30,오프라인,가전,기존,영남,2,
2026-06-30,오프라인,가전,기존,호남,1,
2026-06-30,오프라인,가전,기존,충청,1,
2026-06-30,B2B,식품,신규,,1,
2026-06-30,B2B,식품,기존,,10,
2026-06-30,B2B,생활용품,신규,,1,
2026-06-30,B2B,생활용품,기존,,8,
2026-06-30,B2B,뷰티,신규,,0,
2026-06-30,B2B,뷰티,기존,,2,
2026-06-30,B2B,가전,신규,,2,
2026-06-30,B2B,가전,기존,,19,
2026-07-01,온라인,식품,신규,,4,800
2026-07-01,온라인,식품,기존,,14,2800
2026-07-01,온라인,생활용품,신규,,3,600
2026-07-01,온라인,생활용품,기존,,11,2200
2026-07-01,온라인,뷰티,신규,,3,600
2026-07-01,온라인,뷰티,기존,,10,2000
2026-07-01,온라인,가전,신규,,3,600
2026-07-01,온라인,가전,기존,,12,2400
2026-07-01,오프라인,식품,신규,수도권,2,
2026-07-01,오프라인,식품,신규,영남,1,
2026-07-01,오프라인,식품,신규,호남,0,
2026-07-01,오프라인,식품,신규,충청,0,
2026-07-01,오프라인,식품,기존,수도권,9,
2026-07-01,오프라인,식품,기존,영남,5,
2026-07-01,오프라인,식품,기존,호남,2,
2026-07-01,오프라인,식품,기존,충청,1,
2026-07-01,오프라인,생활용품,신규,수도권,1,
2026-07-01,오프라인,생활용품,신규,영남,0,
2026-07-01,오프라인,생활용품,신규,호남,0,
2026-07-01,오프라인,생활용품,신규,충청,0,
2026-07-01,오프라인,생활용품,기존,수도권,5,
2026-07-01,오프라인,생활용품,기존,영남,2,
2026-07-01,오프라인,생활용품,기존,호남,1,
2026-07-01,오프라인,생활용품,기존,충청,1,
2026-07-01,오프라인,뷰티,신규,수도권,1,
2026-07-01,오프라인,뷰티,신규,영남,0,
2026-07-01,오프라인,뷰티,신규,호남,0,
2026-07-01,오프라인,뷰티,신규,충청,0,
2026-07-01,오프라인,뷰티,기존,수도권,4,
2026-07-01,오프라인,뷰티,기존,영남,2,
2026-07-01,오프라인,뷰티,기존,호남,1,
2026-07-01,오프라인,뷰티,기존,충청,1,
2026-07-01,오프라인,가전,신규,수도권,1,
2026-07-01,오프라인,가전,신규,영남,0,
2026-07-01,오프라인,가전,신규,호남,0,
2026-07-01,오프라인,가전,신규,충청,0,
2026-07-01,오프라인,가전,기존,수도권,3,
2026-07-01,오프라인,가전,기존,영남,2,
2026-07-01,오프라인,가전,기존,호남,1,
2026-07-01,오프라인,가전,기존,충청,1,
2026-07-01,B2B,식품,신규,,1,
2026-07-01,B2B,식품,기존,,9,
2026-07-01,B2B,생활용품,신규,,1,
2026-07-01,B2B,생활용품,기존,,7,
2026-07-01,B2B,뷰티,신규,,0,
2026-07-01,B2B,뷰티,기존,,2,
2026-07-01,B2B,가전,신규,,2,
2026-07-01,B2B,가전,기존,,14,
2026-07-02,온라인,식품,신규,,5,1000
2026-07-02,온라인,식품,기존,,11,2200
2026-07-02,온라인,생활용품,신규,,3,600
2026-07-02,온라인,생활용품,기존,,10,2000
2026-07-02,온라인,뷰티,신규,,3,600
2026-07-02,온라인,뷰티,기존,,9,1800
2026-07-02,온라인,가전,신규,,4,800
2026-07-02,온라인,가전,기존,,12,2400
2026-07-02,오프라인,식품,신규,수도권,2,
2026-07-02,오프라인,식품,신규,영남,1,
2026-07-02,오프라인,식품,신규,호남,0,
2026-07-02,오프라인,식품,신규,충청,0,
2026-07-02,오프라인,식품,기존,수도권,9,
2026-07-02,오프라인,식품,기존,영남,4,
2026-07-02,오프라인,식품,기존,호남,2,
2026-07-02,오프라인,식품,기존,충청,1,
2026-07-02,오프라인,생활용품,신규,수도권,1,
2026-07-02,오프라인,생활용품,신규,영남,0,
2026-07-02,오프라인,생활용품,신규,호남,0,
2026-07-02,오프라인,생활용품,신규,충청,0,
2026-07-02,오프라인,생활용품,기존,수도권,5,
2026-07-02,오프라인,생활용품,기존,영남,3,
2026-07-02,오프라인,생활용품,기존,호남,1,
2026-07-02,오프라인,생활용품,기존,충청,1,
2026-07-02,오프라인,뷰티,신규,수도권,1,
2026-07-02,오프라인,뷰티,신규,영남,0,
2026-07-02,오프라인,뷰티,신규,호남,0,
2026-07-02,오프라인,뷰티,신규,충청,0,
2026-07-02,오프라인,뷰티,기존,수도권,3,
2026-07-02,오프라인,뷰티,기존,영남,2,
2026-07-02,오프라인,뷰티,기존,호남,0,
2026-07-02,오프라인,뷰티,기존,충청,0,
2026-07-02,오프라인,가전,신규,수도권,1,
2026-07-02,오프라인,가전,신규,영남,0,
2026-07-02,오프라인,가전,신규,호남,0,
2026-07-02,오프라인,가전,신규,충청,0,
2026-07-02,오프라인,가전,기존,수도권,3,
2026-07-02,오프라인,가전,기존,영남,2,
2026-07-02,오프라인,가전,기존,호남,1,
2026-07-02,오프라인,가전,기존,충청,0,
2026-07-02,B2B,식품,신규,,1,
2026-07-02,B2B,식품,기존,,10,
2026-07-02,B2B,생활용품,신규,,1,
2026-07-02,B2B,생활용품,기존,,6,
2026-07-02,B2B,뷰티,신규,,0,
2026-07-02,B2B,뷰티,기존,,2,
2026-07-02,B2B,가전,신규,,2,
2026-07-02,B2B,가전,기존,,12,
2026-07-03,온라인,식품,신규,,5,1000
2026-07-03,온라인,식품,기존,,12,2400
2026-07-03,온라인,생활용품,신규,,3,600
2026-07-03,온라인,생활용품,기존,,11,2200
2026-07-03,온라인,뷰티,신규,,3,600
2026-07-03,온라인,뷰티,기존,,11,2200
2026-07-03,온라인,가전,신규,,4,800
2026-07-03,온라인,가전,기존,,10,2000
2026-07-03,오프라인,식품,신규,수도권,1,
2026-07-03,오프라인,식품,신규,영남,1,
2026-07-03,오프라인,식품,신규,호남,0,
2026-07-03,오프라인,식품,신규,충청,0,
2026-07-03,오프라인,식품,기존,수도권,7,
2026-07-03,오프라인,식품,기존,영남,4,
2026-07-03,오프라인,식품,기존,호남,1,
2026-07-03,오프라인,식품,기존,충청,1,
2026-07-03,오프라인,생활용품,신규,수도권,1,
2026-07-03,오프라인,생활용품,신규,영남,0,
2026-07-03,오프라인,생활용품,신규,호남,0,
2026-07-03,오프라인,생활용품,신규,충청,0,
2026-07-03,오프라인,생활용품,기존,수도권,5,
2026-07-03,오프라인,생활용품,기존,영남,3,
2026-07-03,오프라인,생활용품,기존,호남,1,
2026-07-03,오프라인,생활용품,기존,충청,1,
2026-07-03,오프라인,뷰티,신규,수도권,0,
2026-07-03,오프라인,뷰티,신규,영남,0,
2026-07-03,오프라인,뷰티,신규,호남,0,
2026-07-03,오프라인,뷰티,신규,충청,0,
2026-07-03,오프라인,뷰티,기존,수도권,3,
2026-07-03,오프라인,뷰티,기존,영남,1,
2026-07-03,오프라인,뷰티,기존,호남,1,
2026-07-03,오프라인,뷰티,기존,충청,0,
2026-07-03,오프라인,가전,신규,수도권,1,
2026-07-03,오프라인,가전,신규,영남,0,
2026-07-03,오프라인,가전,신규,호남,0,
2026-07-03,오프라인,가전,신규,충청,0,
2026-07-03,오프라인,가전,기존,수도권,3,
2026-07-03,오프라인,가전,기존,영남,2,
2026-07-03,오프라인,가전,기존,호남,1,
2026-07-03,오프라인,가전,기존,충청,0,
2026-07-03,B2B,식품,신규,,1,
2026-07-03,B2B,식품,기존,,10,
2026-07-03,B2B,생활용품,신규,,1,
2026-07-03,B2B,생활용품,기존,,7,
2026-07-03,B2B,뷰티,신규,,0,
2026-07-03,B2B,뷰티,기존,,2,
2026-07-03,B2B,가전,신규,,2,
2026-07-03,B2B,가전,기존,,9,
2026-07-04,온라인,식품,신규,,5,1000
2026-07-04,온라인,식품,기존,,13,2600
2026-07-04,온라인,생활용품,신규,,3,600
2026-07-04,온라인,생활용품,기존,,12,2400
2026-07-04,온라인,뷰티,신규,,3,600
2026-07-04,온라인,뷰티,기존,,9,1800
2026-07-04,온라인,가전,신규,,3,600
2026-07-04,온라인,가전,기존,,14,2800
2026-07-04,오프라인,식품,신규,수도권,2,
2026-07-04,오프라인,식품,신규,영남,1,
2026-07-04,오프라인,식품,신규,호남,0,
2026-07-04,오프라인,식품,신규,충청,0,
2026-07-04,오프라인,식품,기존,수도권,11,
2026-07-04,오프라인,식품,기존,영남,6,
2026-07-04,오프라인,식품,기존,호남,2,
2026-07-04,오프라인,식품,기존,충청,2,
2026-07-04,오프라인,생활용품,신규,수도권,1,
2026-07-04,오프라인,생활용품,신규,영남,1,
2026-07-04,오프라인,생활용품,신규,호남,0,
2026-07-04,오프라인,생활용품,신규,충청,0,
2026-07-04,오프라인,생활용품,기존,수도권,6,
2026-07-04,오프라인,생활용품,기존,영남,4,
2026-07-04,오프라인,생활용품,기존,호남,1,
2026-07-04,오프라인,생활용품,기존,충청,1,
2026-07-04,오프라인,뷰티,신규,수도권,1,
2026-07-04,오프라인,뷰티,신규,영남,0,
2026-07-04,오프라인,뷰티,신규,호남,0,
2026-07-04,오프라인,뷰티,신규,충청,0,
2026-07-04,오프라인,뷰티,기존,수도권,5,
2026-07-04,오프라인,뷰티,기존,영남,2,
2026-07-04,오프라인,뷰티,기존,호남,1,
2026-07-04,오프라인,뷰티,기존,충청,1,
2026-07-04,오프라인,가전,신규,수도권,1,
2026-07-04,오프라인,가전,신규,영남,0,
2026-07-04,오프라인,가전,신규,호남,0,
2026-07-04,오프라인,가전,신규,충청,0,
2026-07-04,오프라인,가전,기존,수도권,4,
2026-07-04,오프라인,가전,기존,영남,2,
2026-07-04,오프라인,가전,기존,호남,1,
2026-07-04,오프라인,가전,기존,충청,1,
2026-07-04,B2B,식품,신규,,0,
2026-07-04,B2B,식품,기존,,0,
2026-07-04,B2B,생활용품,신규,,0,
2026-07-04,B2B,생활용품,기존,,0,
2026-07-04,B2B,뷰티,신규,,0,
2026-07-04,B2B,뷰티,기존,,0,
2026-07-04,B2B,가전,신규,,0,
2026-07-04,B2B,가전,기존,,0,
2026-07-05,온라인,식품,신규,,5,1000
2026-07-05,온라인,식품,기존,,15,3000
2026-07-05,온라인,생활용품,신규,,4,800
2026-07-05,온라인,생활용품,기존,,11,2200
2026-07-05,온라인,뷰티,신규,,4,800
2026-07-05,온라인,뷰티,기존,,11,2200
2026-07-05,온라인,가전,신규,,4,800
2026-07-05,온라인,가전,기존,,12,2400
2026-07-05,오프라인,식품,신규,수도권,2,
2026-07-05,오프라인,식품,신규,영남,1,
2026-07-05,오프라인,식품,신규,호남,0,
2026-07-05,오프라인,식품,신규,충청,0,
2026-07-05,오프라인,식품,기존,수도권,10,
2026-07-05,오프라인,식품,기존,영남,5,
2026-07-05,오프라인,식품,기존,호남,1,
2026-07-05,오프라인,식품,기존,충청,1,
2026-07-05,오프라인,생활용품,신규,수도권,1,
2026-07-05,오프라인,생활용품,신규,영남,1,
2026-07-05,오프라인,생활용품,신규,호남,0,
2026-07-05,오프라인,생활용품,신규,충청,0,
2026-07-05,오프라인,생활용품,기존,수도권,7,
2026-07-05,오프라인,생활용품,기존,영남,3,
2026-07-05,오프라인,생활용품,기존,호남,1,
2026-07-05,오프라인,생활용품,기존,충청,1,
2026-07-05,오프라인,뷰티,신규,수도권,1,
2026-07-05,오프라인,뷰티,신규,영남,0,
2026-07-05,오프라인,뷰티,신규,호남,0,
2026-07-05,오프라인,뷰티,신규,충청,0,
2026-07-05,오프라인,뷰티,기존,수도권,3,
2026-07-05,오프라인,뷰티,기존,영남,3,
2026-07-05,오프라인,뷰티,기존,호남,1,
2026-07-05,오프라인,뷰티,기존,충청,1,
2026-07-05,오프라인,가전,신규,수도권,1,
2026-07-05,오프라인,가전,신규,영남,0,
2026-07-05,오프라인,가전,신규,호남,0,
2026-07-05,오프라인,가전,신규,충청,0,
2026-07-05,오프라인,가전,기존,수도권,5,
2026-07-05,오프라인,가전,기존,영남,2,
2026-07-05,오프라인,가전,기존,호남,1,
2026-07-05,오프라인,가전,기존,충청,1,
2026-07-05,B2B,식품,신규,,0,
2026-07-05,B2B,식품,기존,,0,
2026-07-05,B2B,생활용품,신규,,0,
2026-07-05,B2B,생활용품,기존,,0,
2026-07-05,B2B,뷰티,신규,,0,
2026-07-05,B2B,뷰티,기존,,0,
2026-07-05,B2B,가전,신규,,0,
2026-07-05,B2B,가전,기존,,0,
2026-07-06,온라인,식품,신규,,4,800
2026-07-06,온라인,식품,기존,,13,2600
2026-07-06,온라인,생활용품,신규,,3,600
2026-07-06,온라인,생활용품,기존,,11,2200
2026-07-06,온라인,뷰티,신규,,3,600
2026-07-06,온라인,뷰티,기존,,8,1600
2026-07-06,온라인,가전,신규,,3,600
2026-07-06,온라인,가전,기존,,12,2400
2026-07-06,오프라인,식품,신규,수도권,1,
2026-07-06,오프라인,식품,신규,영남,1,
2026-07-06,오프라인,식품,신규,호남,0,
2026-07-06,오프라인,식품,신규,충청,0,
2026-07-06,오프라인,식품,기존,수도권,11,
2026-07-06,오프라인,식품,기존,영남,4,
2026-07-06,오프라인,식품,기존,호남,1,
2026-07-06,오프라인,식품,기존,충청,1,
2026-07-06,오프라인,생활용품,신규,수도권,1,
2026-07-06,오프라인,생활용품,신규,영남,0,
2026-07-06,오프라인,생활용품,신규,호남,0,
2026-07-06,오프라인,생활용품,신규,충청,0,
2026-07-06,오프라인,생활용품,기존,수도권,5,
2026-07-06,오프라인,생활용품,기존,영남,3,
2026-07-06,오프라인,생활용품,기존,호남,1,
2026-07-06,오프라인,생활용품,기존,충청,1,
2026-07-06,오프라인,뷰티,신규,수도권,1,
2026-07-06,오프라인,뷰티,신규,영남,0,
2026-07-06,오프라인,뷰티,신규,호남,0,
2026-07-06,오프라인,뷰티,신규,충청,0,
2026-07-06,오프라인,뷰티,기존,수도권,3,
2026-07-06,오프라인,뷰티,기존,영남,1,
2026-07-06,오프라인,뷰티,기존,호남,1,
2026-07-06,오프라인,뷰티,기존,충청,0,
2026-07-06,오프라인,가전,신규,수도권,1,
2026-07-06,오프라인,가전,신규,영남,0,
2026-07-06,오프라인,가전,신규,호남,0,
2026-07-06,오프라인,가전,신규,충청,0,
2026-07-06,오프라인,가전,기존,수도권,4,
2026-07-06,오프라인,가전,기존,영남,2,
2026-07-06,오프라인,가전,기존,호남,1,
2026-07-06,오프라인,가전,기존,충청,1,
2026-07-06,B2B,식품,신규,,1,
2026-07-06,B2B,식품,기존,,10,
2026-07-06,B2B,생활용품,신규,,1,
2026-07-06,B2B,생활용품,기존,,6,
2026-07-06,B2B,뷰티,신규,,0,
2026-07-06,B2B,뷰티,기존,,3,
2026-07-06,B2B,가전,신규,,2,
2026-07-06,B2B,가전,기존,,14,
2026-07-07,온라인,식품,신규,,5,1000
2026-07-07,온라인,식품,기존,,11,2200
2026-07-07,온라인,생활용품,신규,,4,800
2026-07-07,온라인,생활용품,기존,,10,2000
2026-07-07,온라인,뷰티,신규,,2,400
2026-07-07,온라인,뷰티,기존,,9,1800
2026-07-07,온라인,가전,신규,,4,800
2026-07-07,온라인,가전,기존,,11,2200
2026-07-07,오프라인,식품,신규,수도권,2,
2026-07-07,오프라인,식품,신규,영남,1,
2026-07-07,오프라인,식품,신규,호남,0,
2026-07-07,오프라인,식품,신규,충청,0,
2026-07-07,오프라인,식품,기존,수도권,8,
2026-07-07,오프라인,식품,기존,영남,5,
2026-07-07,오프라인,식품,기존,호남,1,
2026-07-07,오프라인,식품,기존,충청,1,
2026-07-07,오프라인,생활용품,신규,수도권,1,
2026-07-07,오프라인,생활용품,신규,영남,0,
2026-07-07,오프라인,생활용품,신규,호남,0,
2026-07-07,오프라인,생활용품,신규,충청,0,
2026-07-07,오프라인,생활용품,기존,수도권,5,
2026-07-07,오프라인,생활용품,기존,영남,3,
2026-07-07,오프라인,생활용품,기존,호남,1,
2026-07-07,오프라인,생활용품,기존,충청,1,
2026-07-07,오프라인,뷰티,신규,수도권,1,
2026-07-07,오프라인,뷰티,신규,영남,0,
2026-07-07,오프라인,뷰티,신규,호남,0,
2026-07-07,오프라인,뷰티,신규,충청,0,
2026-07-07,오프라인,뷰티,기존,수도권,4,
2026-07-07,오프라인,뷰티,기존,영남,2,
2026-07-07,오프라인,뷰티,기존,호남,1,
2026-07-07,오프라인,뷰티,기존,충청,0,
2026-07-07,오프라인,가전,신규,수도권,1,
2026-07-07,오프라인,가전,신규,영남,0,
2026-07-07,오프라인,가전,신규,호남,0,
2026-07-07,오프라인,가전,신규,충청,0,
2026-07-07,오프라인,가전,기존,수도권,4,
2026-07-07,오프라인,가전,기존,영남,2,
2026-07-07,오프라인,가전,기존,호남,1,
2026-07-07,오프라인,가전,기존,충청,1,
2026-07-07,B2B,식품,신규,,1,
2026-07-07,B2B,식품,기존,,10,
2026-07-07,B2B,생활용품,신규,,1,
2026-07-07,B2B,생활용품,기존,,7,
2026-07-07,B2B,뷰티,신규,,0,
2026-07-07,B2B,뷰티,기존,,3,
2026-07-07,B2B,가전,신규,,2,
2026-07-07,B2B,가전,기존,,12,
2026-07-08,온라인,식품,신규,,5,1000
2026-07-08,온라인,식품,기존,,13,2600
2026-07-08,온라인,생활용품,신규,,4,800
2026-07-08,온라인,생활용품,기존,,9,1800
2026-07-08,온라인,뷰티,신규,,3,600
2026-07-08,온라인,뷰티,기존,,9,1800
2026-07-08,온라인,가전,신규,,3,600
2026-07-08,온라인,가전,기존,,11,2200
2026-07-08,오프라인,식품,신규,수도권,1,
2026-07-08,오프라인,식품,신규,영남,1,
2026-07-08,오프라인,식품,신규,호남,0,
2026-07-08,오프라인,식품,신규,충청,0,
2026-07-08,오프라인,식품,기존,수도권,9,
2026-07-08,오프라인,식품,기존,영남,5,
2026-07-08,오프라인,식품,기존,호남,1,
2026-07-08,오프라인,식품,기존,충청,1,
2026-07-08,오프라인,생활용품,신규,수도권,1,
2026-07-08,오프라인,생활용품,신규,영남,1,
2026-07-08,오프라인,생활용품,신규,호남,0,
2026-07-08,오프라인,생활용품,신규,충청,0,
2026-07-08,오프라인,생활용품,기존,수도권,6,
2026-07-08,오프라인,생활용품,기존,영남,3,
2026-07-08,오프라인,생활용품,기존,호남,1,
2026-07-08,오프라인,생활용품,기존,충청,1,
2026-07-08,오프라인,뷰티,신규,수도권,0,
2026-07-08,오프라인,뷰티,신규,영남,0,
2026-07-08,오프라인,뷰티,신규,호남,0,
2026-07-08,오프라인,뷰티,신규,충청,0,
2026-07-08,오프라인,뷰티,기존,수도권,3,
2026-07-08,오프라인,뷰티,기존,영남,2,
2026-07-08,오프라인,뷰티,기존,호남,1,
2026-07-08,오프라인,뷰티,기존,충청,1,
2026-07-08,오프라인,가전,신규,수도권,1,
2026-07-08,오프라인,가전,신규,영남,0,
2026-07-08,오프라인,가전,신규,호남,0,
2026-07-08,오프라인,가전,신규,충청,0,
2026-07-08,오프라인,가전,기존,수도권,3,
2026-07-08,오프라인,가전,기존,영남,1,
2026-07-08,오프라인,가전,기존,호남,1,
2026-07-08,오프라인,가전,기존,충청,0,
2026-07-08,B2B,식품,신규,,1,
2026-07-08,B2B,식품,기존,,9,
2026-07-08,B2B,생활용품,신규,,1,
2026-07-08,B2B,생활용품,기존,,8,
2026-07-08,B2B,뷰티,신규,,0,
2026-07-08,B2B,뷰티,기존,,3,
2026-07-08,B2B,가전,신규,,2,
2026-07-08,B2B,가전,기존,,13,
2026-07-09,온라인,식품,신규,,4,800
2026-07-09,온라인,식품,기존,,11,2200
2026-07-09,온라인,생활용품,신규,,3,600
2026-07-09,온라인,생활용품,기존,,11,2200
2026-07-09,온라인,뷰티,신규,,3,600
2026-07-09,온라인,뷰티,기존,,8,1600
2026-07-09,온라인,가전,신규,,3,600
2026-07-09,온라인,가전,기존,,10,2000
2026-07-09,오프라인,식품,신규,수도권,2,
2026-07-09,오프라인,식품,신규,영남,1,
2026-07-09,오프라인,식품,신규,호남,0,
2026-07-09,오프라인,식품,신규,충청,0,
2026-07-09,오프라인,식품,기존,수도권,9,
2026-07-09,오프라인,식품,기존,영남,4,
2026-07-09,오프라인,식품,기존,호남,1,
2026-07-09,오프라인,식품,기존,충청,1,
2026-07-09,오프라인,생활용품,신규,수도권,1,
2026-07-09,오프라인,생활용품,신규,영남,1,
2026-07-09,오프라인,생활용품,신규,호남,0,
2026-07-09,오프라인,생활용품,신규,충청,0,
2026-07-09,오프라인,생활용품,기존,수도권,5,
2026-07-09,오프라인,생활용품,기존,영남,3,
2026-07-09,오프라인,생활용품,기존,호남,1,
2026-07-09,오프라인,생활용품,기존,충청,1,
2026-07-09,오프라인,뷰티,신규,수도권,1,
2026-07-09,오프라인,뷰티,신규,영남,0,
2026-07-09,오프라인,뷰티,신규,호남,0,
2026-07-09,오프라인,뷰티,신규,충청,0,
2026-07-09,오프라인,뷰티,기존,수도권,3,
2026-07-09,오프라인,뷰티,기존,영남,2,
2026-07-09,오프라인,뷰티,기존,호남,0,
2026-07-09,오프라인,뷰티,기존,충청,1,
2026-07-09,오프라인,가전,신규,수도권,0,
2026-07-09,오프라인,가전,신규,영남,0,
2026-07-09,오프라인,가전,신규,호남,0,
2026-07-09,오프라인,가전,신규,충청,0,
2026-07-09,오프라인,가전,기존,수도권,3,
2026-07-09,오프라인,가전,기존,영남,2,
2026-07-09,오프라인,가전,기존,호남,1,
2026-07-09,오프라인,가전,기존,충청,0,
2026-07-09,B2B,식품,신규,,1,
2026-07-09,B2B,식품,기존,,9,
2026-07-09,B2B,생활용품,신규,,1,
2026-07-09,B2B,생활용품,기존,,6,
2026-07-09,B2B,뷰티,신규,,0,
2026-07-09,B2B,뷰티,기존,,3,
2026-07-09,B2B,가전,신규,,2,
2026-07-09,B2B,가전,기존,,13,
2026-07-10,온라인,식품,신규,,4,800
2026-07-10,온라인,식품,기존,,11,2200
2026-07-10,온라인,생활용품,신규,,3,600
2026-07-10,온라인,생활용품,기존,,10,2000
2026-07-10,온라인,뷰티,신규,,3,600
2026-07-10,온라인,뷰티,기존,,9,1800
2026-07-10,온라인,가전,신규,,3,600
2026-07-10,온라인,가전,기존,,9,1800
2026-07-10,오프라인,식품,신규,수도권,1,
2026-07-10,오프라인,식품,신규,영남,1,
2026-07-10,오프라인,식품,신규,호남,0,
2026-07-10,오프라인,식품,신규,충청,0,
2026-07-10,오프라인,식품,기존,수도권,9,
2026-07-10,오프라인,식품,기존,영남,4,
2026-07-10,오프라인,식품,기존,호남,1,
2026-07-10,오프라인,식품,기존,충청,1,
2026-07-10,오프라인,생활용품,신규,수도권,1,
2026-07-10,오프라인,생활용품,신규,영남,0,
2026-07-10,오프라인,생활용품,신규,호남,0,
2026-07-10,오프라인,생활용품,신규,충청,0,
2026-07-10,오프라인,생활용품,기존,수도권,5,
2026-07-10,오프라인,생활용품,기존,영남,3,
2026-07-10,오프라인,생활용품,기존,호남,1,
2026-07-10,오프라인,생활용품,기존,충청,1,
2026-07-10,오프라인,뷰티,신규,수도권,1,
2026-07-10,오프라인,뷰티,신규,영남,0,
2026-07-10,오프라인,뷰티,신규,호남,0,
2026-07-10,오프라인,뷰티,신규,충청,0,
2026-07-10,오프라인,뷰티,기존,수도권,3,
2026-07-10,오프라인,뷰티,기존,영남,2,
2026-07-10,오프라인,뷰티,기존,호남,1,
2026-07-10,오프라인,뷰티,기존,충청,1,
2026-07-10,오프라인,가전,신규,수도권,1,
2026-07-10,오프라인,가전,신규,영남,0,
2026-07-10,오프라인,가전,신규,호남,0,
2026-07-10,오프라인,가전,신규,충청,0,
2026-07-10,오프라인,가전,기존,수도권,3,
2026-07-10,오프라인,가전,기존,영남,2,
2026-07-10,오프라인,가전,기존,호남,0,
2026-07-10,오프라인,가전,기존,충청,1,
2026-07-10,B2B,식품,신규,,1,
2026-07-10,B2B,식품,기존,,11,
2026-07-10,B2B,생활용품,신규,,1,
2026-07-10,B2B,생활용품,기존,,7,
2026-07-10,B2B,뷰티,신규,,0,
2026-07-10,B2B,뷰티,기존,,2,
2026-07-10,B2B,가전,신규,,2,
2026-07-10,B2B,가전,기존,,14,
2026-07-11,온라인,식품,신규,,5,1000
2026-07-11,온라인,식품,기존,,15,3000
2026-07-11,온라인,생활용품,신규,,4,800
2026-07-11,온라인,생활용품,기존,,12,2400
2026-07-11,온라인,뷰티,신규,,4,800
2026-07-11,온라인,뷰티,기존,,12,2400
2026-07-11,온라인,가전,신규,,4,800
2026-07-11,온라인,가전,기존,,11,2200
2026-07-11,오프라인,식품,신규,수도권,2,
2026-07-11,오프라인,식품,신규,영남,1,
2026-07-11,오프라인,식품,신규,호남,0,
2026-07-11,오프라인,식품,신규,충청,0,
2026-07-11,오프라인,식품,기존,수도권,10,
2026-07-11,오프라인,식품,기존,영남,7,
2026-07-11,오프라인,식품,기존,호남,2,
2026-07-11,오프라인,식품,기존,충청,2,
2026-07-11,오프라인,생활용품,신규,수도권,1,
2026-07-11,오프라인,생활용품,신규,영남,1,
2026-07-11,오프라인,생활용품,신규,호남,0,
2026-07-11,오프라인,생활용품,신규,충청,0,
2026-07-11,오프라인,생활용품,기존,수도권,6,
2026-07-11,오프라인,생활용품,기존,영남,4,
2026-07-11,오프라인,생활용품,기존,호남,1,
2026-07-11,오프라인,생활용품,기존,충청,1,
2026-07-11,오프라인,뷰티,신규,수도권,1,
2026-07-11,오프라인,뷰티,신규,영남,0,
2026-07-11,오프라인,뷰티,신규,호남,0,
2026-07-11,오프라인,뷰티,신규,충청,0,
2026-07-11,오프라인,뷰티,기존,수도권,4,
2026-07-11,오프라인,뷰티,기존,영남,2,
2026-07-11,오프라인,뷰티,기존,호남,1,
2026-07-11,오프라인,뷰티,기존,충청,1,
2026-07-11,오프라인,가전,신규,수도권,1,
2026-07-11,오프라인,가전,신규,영남,0,
2026-07-11,오프라인,가전,신규,호남,0,
2026-07-11,오프라인,가전,신규,충청,0,
2026-07-11,오프라인,가전,기존,수도권,4,
2026-07-11,오프라인,가전,기존,영남,2,
2026-07-11,오프라인,가전,기존,호남,1,
2026-07-11,오프라인,가전,기존,충청,1,
2026-07-11,B2B,식품,신규,,0,
2026-07-11,B2B,식품,기존,,0,
2026-07-11,B2B,생활용품,신규,,0,
2026-07-11,B2B,생활용품,기존,,0,
2026-07-11,B2B,뷰티,신규,,0,
2026-07-11,B2B,뷰티,기존,,0,
2026-07-11,B2B,가전,신규,,0,
2026-07-11,B2B,가전,기존,,0,
2026-07-12,온라인,식품,신규,,5,1000
2026-07-12,온라인,식품,기존,,14,2800
2026-07-12,온라인,생활용품,신규,,4,800
2026-07-12,온라인,생활용품,기존,,12,2400
2026-07-12,온라인,뷰티,신규,,3,600
2026-07-12,온라인,뷰티,기존,,10,2000
2026-07-12,온라인,가전,신규,,4,800
2026-07-12,온라인,가전,기존,,13,2600
2026-07-12,오프라인,식품,신규,수도권,2,
2026-07-12,오프라인,식품,신규,영남,1,
2026-07-12,오프라인,식품,신규,호남,0,
2026-07-12,오프라인,식품,신규,충청,0,
2026-07-12,오프라인,식품,기존,수도권,8,
2026-07-12,오프라인,식품,기존,영남,5,
2026-07-12,오프라인,식품,기존,호남,2,
2026-07-12,오프라인,식품,기존,충청,2,
2026-07-12,오프라인,생활용품,신규,수도권,1,
2026-07-12,오프라인,생활용품,신규,영남,1,
2026-07-12,오프라인,생활용품,신규,호남,0,
2026-07-12,오프라인,생활용품,신규,충청,0,
2026-07-12,오프라인,생활용품,기존,수도권,6,
2026-07-12,오프라인,생활용품,기존,영남,3,
2026-07-12,오프라인,생활용품,기존,호남,1,
2026-07-12,오프라인,생활용품,기존,충청,1,
2026-07-12,오프라인,뷰티,신규,수도권,1,
2026-07-12,오프라인,뷰티,신규,영남,0,
2026-07-12,오프라인,뷰티,신규,호남,0,
2026-07-12,오프라인,뷰티,신규,충청,0,
2026-07-12,오프라인,뷰티,기존,수도권,4,
2026-07-12,오프라인,뷰티,기존,영남,2,
2026-07-12,오프라인,뷰티,기존,호남,1,
2026-07-12,오프라인,뷰티,기존,충청,1,
2026-07-12,오프라인,가전,신규,수도권,1,
2026-07-12,오프라인,가전,신규,영남,0,
2026-07-12,오프라인,가전,신규,호남,0,
2026-07-12,오프라인,가전,신규,충청,0,
2026-07-12,오프라인,가전,기존,수도권,4,
2026-07-12,오프라인,가전,기존,영남,2,
2026-07-12,오프라인,가전,기존,호남,1,
2026-07-12,오프라인,가전,기존,충청,1,
2026-07-12,B2B,식품,신규,,0,
2026-07-12,B2B,식품,기존,,0,
2026-07-12,B2B,생활용품,신규,,0,
2026-07-12,B2B,생활용품,기존,,0,
2026-07-12,B2B,뷰티,신규,,0,
2026-07-12,B2B,뷰티,기존,,0,
2026-07-12,B2B,가전,신규,,0,
2026-07-12,B2B,가전,기존,,0,
2026-07-13,온라인,식품,신규,,4,800
2026-07-13,온라인,식품,기존,,13,2600
2026-07-13,온라인,생활용품,신규,,3,600
2026-07-13,온라인,생활용품,기존,,12,2400
2026-07-13,온라인,뷰티,신규,,3,600
2026-07-13,온라인,뷰티,기존,,8,1600
2026-07-13,온라인,가전,신규,,4,800
2026-07-13,온라인,가전,기존,,10,2000
2026-07-13,오프라인,식품,신규,수도권,1,
2026-07-13,오프라인,식품,신규,영남,1,
2026-07-13,오프라인,식품,신규,호남,0,
2026-07-13,오프라인,식품,신규,충청,0,
2026-07-13,오프라인,식품,기존,수도권,9,
2026-07-13,오프라인,식품,기존,영남,4,
2026-07-13,오프라인,식품,기존,호남,1,
2026-07-13,오프라인,식품,기존,충청,1,
2026-07-13,오프라인,생활용품,신규,수도권,1,
2026-07-13,오프라인,생활용품,신규,영남,0,
2026-07-13,오프라인,생활용품,신규,호남,0,
2026-07-13,오프라인,생활용품,신규,충청,0,
2026-07-13,오프라인,생활용품,기존,수도권,5,
2026-07-13,오프라인,생활용품,기존,영남,2,
2026-07-13,오프라인,생활용품,기존,호남,1,
2026-07-13,오프라인,생활용품,기존,충청,1,
2026-07-13,오프라인,뷰티,신규,수도권,1,
2026-07-13,오프라인,뷰티,신규,영남,0,
2026-07-13,오프라인,뷰티,신규,호남,0,
2026-07-13,오프라인,뷰티,신규,충청,0,
2026-07-13,오프라인,뷰티,기존,수도권,3,
2026-07-13,오프라인,뷰티,기존,영남,2,
2026-07-13,오프라인,뷰티,기존,호남,1,
2026-07-13,오프라인,뷰티,기존,충청,0,
2026-07-13,오프라인,가전,신규,수도권,1,
2026-07-13,오프라인,가전,신규,영남,0,
2026-07-13,오프라인,가전,신규,호남,0,
2026-07-13,오프라인,가전,신규,충청,0,
2026-07-13,오프라인,가전,기존,수도권,3,
2026-07-13,오프라인,가전,기존,영남,2,
2026-07-13,오프라인,가전,기존,호남,1,
2026-07-13,오프라인,가전,기존,충청,1,
2026-07-13,B2B,식품,신규,,1,
2026-07-13,B2B,식품,기존,,10,
2026-07-13,B2B,생활용품,신규,,1,
2026-07-13,B2B,생활용품,기존,,8,
2026-07-13,B2B,뷰티,신규,,0,
2026-07-13,B2B,뷰티,기존,,2,
2026-07-13,B2B,가전,신규,,2,
2026-07-13,B2B,가전,기존,,14,
2026-07-14,온라인,식품,신규,,4,800
2026-07-14,온라인,식품,기존,,13,2600
2026-07-14,온라인,생활용품,신규,,3,600
2026-07-14,온라인,생활용품,기존,,7,1400
2026-07-14,온라인,뷰티,신규,,3,600
2026-07-14,온라인,뷰티,기존,,9,1800
2026-07-14,온라인,가전,신규,,3,600
2026-07-14,온라인,가전,기존,,8,1600
2026-07-14,오프라인,식품,신규,수도권,1,
2026-07-14,오프라인,식품,신규,영남,1,
2026-07-14,오프라인,식품,신규,호남,0,
2026-07-14,오프라인,식품,신규,충청,0,
2026-07-14,오프라인,식품,기존,수도권,7,
2026-07-14,오프라인,식품,기존,영남,4,
2026-07-14,오프라인,식품,기존,호남,1,
2026-07-14,오프라인,식품,기존,충청,1,
2026-07-14,오프라인,생활용품,신규,수도권,1,
2026-07-14,오프라인,생활용품,신규,영남,0,
2026-07-14,오프라인,생활용품,신규,호남,0,
2026-07-14,오프라인,생활용품,신규,충청,0,
2026-07-14,오프라인,생활용품,기존,수도권,5,
2026-07-14,오프라인,생활용품,기존,영남,3,
2026-07-14,오프라인,생활용품,기존,호남,1,
2026-07-14,오프라인,생활용품,기존,충청,1,
2026-07-14,오프라인,뷰티,신규,수도권,1,
2026-07-14,오프라인,뷰티,신규,영남,0,
2026-07-14,오프라인,뷰티,신규,호남,0,
2026-07-14,오프라인,뷰티,신규,충청,0,
2026-07-14,오프라인,뷰티,기존,수도권,3,
2026-07-14,오프라인,뷰티,기존,영남,2,
2026-07-14,오프라인,뷰티,기존,호남,1,
2026-07-14,오프라인,뷰티,기존,충청,1,
2026-07-14,오프라인,가전,신규,수도권,1,
2026-07-14,오프라인,가전,신규,영남,0,
2026-07-14,오프라인,가전,신규,호남,0,
2026-07-14,오프라인,가전,신규,충청,0,
2026-07-14,오프라인,가전,기존,수도권,3,
2026-07-14,오프라인,가전,기존,영남,1,
2026-07-14,오프라인,가전,기존,호남,1,
2026-07-14,오프라인,가전,기존,충청,1,
2026-07-14,B2B,식품,신규,,1,
2026-07-14,B2B,식품,기존,,11,
2026-07-14,B2B,생활용품,신규,,1,
2026-07-14,B2B,생활용품,기존,,7,
2026-07-14,B2B,뷰티,신규,,0,
2026-07-14,B2B,뷰티,기존,,2,
2026-07-14,B2B,가전,신규,,2,
2026-07-14,B2B,가전,기존,,12,
2026-07-15,온라인,식품,신규,,3,600
2026-07-15,온라인,식품,기존,,11,2200
2026-07-15,온라인,생활용품,신규,,2,400
2026-07-15,온라인,생활용품,기존,,8,1600
2026-07-15,온라인,뷰티,신규,,3,600
2026-07-15,온라인,뷰티,기존,,9,1800
2026-07-15,온라인,가전,신규,,3,600
2026-07-15,온라인,가전,기존,,7,1400
2026-07-15,오프라인,식품,신규,수도권,2,
2026-07-15,오프라인,식품,신규,영남,1,
2026-07-15,오프라인,식품,신규,호남,0,
2026-07-15,오프라인,식품,신규,충청,0,
2026-07-15,오프라인,식품,기존,수도권,11,
2026-07-15,오프라인,식품,기존,영남,5,
2026-07-15,오프라인,식품,기존,호남,1,
2026-07-15,오프라인,식품,기존,충청,1,
2026-07-15,오프라인,생활용품,신규,수도권,1,
2026-07-15,오프라인,생활용품,신규,영남,1,
2026-07-15,오프라인,생활용품,신규,호남,0,
2026-07-15,오프라인,생활용품,신규,충청,0,
2026-07-15,오프라인,생활용품,기존,수도권,6,
2026-07-15,오프라인,생활용품,기존,영남,3,
2026-07-15,오프라인,생활용품,기존,호남,1,
2026-07-15,오프라인,생활용품,기존,충청,1,
2026-07-15,오프라인,뷰티,신규,수도권,1,
2026-07-15,오프라인,뷰티,신규,영남,0,
2026-07-15,오프라인,뷰티,신규,호남,0,
2026-07-15,오프라인,뷰티,신규,충청,0,
2026-07-15,오프라인,뷰티,기존,수도권,4,
2026-07-15,오프라인,뷰티,기존,영남,2,
2026-07-15,오프라인,뷰티,기존,호남,1,
2026-07-15,오프라인,뷰티,기존,충청,0,
2026-07-15,오프라인,가전,신규,수도권,1,
2026-07-15,오프라인,가전,신규,영남,0,
2026-07-15,오프라인,가전,신규,호남,0,
2026-07-15,오프라인,가전,신규,충청,0,
2026-07-15,오프라인,가전,기존,수도권,3,
2026-07-15,오프라인,가전,기존,영남,2,
2026-07-15,오프라인,가전,기존,호남,1,
2026-07-15,오프라인,가전,기존,충청,1,
2026-07-15,B2B,식품,신규,,1,
2026-07-15,B2B,식품,기존,,10,
2026-07-15,B2B,생활용품,신규,,1,
2026-07-15,B2B,생활용품,기존,,7,
2026-07-15,B2B,뷰티,신규,,0,
2026-07-15,B2B,뷰티,기존,,2,
2026-07-15,B2B,가전,신규,,2,
2026-07-15,B2B,가전,기존,,14,
2026-07-16,온라인,식품,신규,,4,800
2026-07-16,온라인,식품,기존,,14,2800
2026-07-16,온라인,생활용품,신규,,3,600
2026-07-16,온라인,생활용품,기존,,8,1600
2026-07-16,온라인,뷰티,신규,,3,600
2026-07-16,온라인,뷰티,기존,,9,1800
2026-07-16,온라인,가전,신규,,3,600
2026-07-16,온라인,가전,기존,,7,1400
2026-07-16,오프라인,식품,신규,수도권,2,
2026-07-16,오프라인,식품,신규,영남,1,
2026-07-16,오프라인,식품,신규,호남,0,
2026-07-16,오프라인,식품,신규,충청,0,
2026-07-16,오프라인,식품,기존,수도권,8,
2026-07-16,오프라인,식품,기존,영남,5,
2026-07-16,오프라인,식품,기존,호남,1,
2026-07-16,오프라인,식품,기존,충청,1,
2026-07-16,오프라인,생활용품,신규,수도권,1,
2026-07-16,오프라인,생활용품,신규,영남,1,
2026-07-16,오프라인,생활용품,신규,호남,0,
2026-07-16,오프라인,생활용품,신규,충청,0,
2026-07-16,오프라인,생활용품,기존,수도권,6,
2026-07-16,오프라인,생활용품,기존,영남,2,
2026-07-16,오프라인,생활용품,기존,호남,1,
2026-07-16,오프라인,생활용품,기존,충청,1,
2026-07-16,오프라인,뷰티,신규,수도권,1,
2026-07-16,오프라인,뷰티,신규,영남,0,
2026-07-16,오프라인,뷰티,신규,호남,0,
2026-07-16,오프라인,뷰티,신규,충청,0,
2026-07-16,오프라인,뷰티,기존,수도권,3,
2026-07-16,오프라인,뷰티,기존,영남,2,
2026-07-16,오프라인,뷰티,기존,호남,0,
2026-07-16,오프라인,뷰티,기존,충청,1,
2026-07-16,오프라인,가전,신규,수도권,1,
2026-07-16,오프라인,가전,신규,영남,0,
2026-07-16,오프라인,가전,신규,호남,0,
2026-07-16,오프라인,가전,신규,충청,0,
2026-07-16,오프라인,가전,기존,수도권,3,
2026-07-16,오프라인,가전,기존,영남,2,
2026-07-16,오프라인,가전,기존,호남,1,
2026-07-16,오프라인,가전,기존,충청,1,
2026-07-16,B2B,식품,신규,,1,
2026-07-16,B2B,식품,기존,,9,
2026-07-16,B2B,생활용품,신규,,1,
2026-07-16,B2B,생활용품,기존,,7,
2026-07-16,B2B,뷰티,신규,,0,
2026-07-16,B2B,뷰티,기존,,2,
2026-07-16,B2B,가전,신규,,2,
2026-07-16,B2B,가전,기존,,14,
2026-07-17,온라인,식품,신규,,4,800
2026-07-17,온라인,식품,기존,,14,2800
2026-07-17,온라인,생활용품,신규,,3,600
2026-07-17,온라인,생활용품,기존,,7,1400
2026-07-17,온라인,뷰티,신규,,3,600
2026-07-17,온라인,뷰티,기존,,8,1600
2026-07-17,온라인,가전,신규,,3,600
2026-07-17,온라인,가전,기존,,8,1600
2026-07-17,오프라인,식품,신규,수도권,2,
2026-07-17,오프라인,식품,신규,영남,1,
2026-07-17,오프라인,식품,신규,호남,0,
2026-07-17,오프라인,식품,신규,충청,0,
2026-07-17,오프라인,식품,기존,수도권,9,
2026-07-17,오프라인,식품,기존,영남,5,
2026-07-17,오프라인,식품,기존,호남,1,
2026-07-17,오프라인,식품,기존,충청,1,
2026-07-17,오프라인,생활용품,신규,수도권,1,
2026-07-17,오프라인,생활용품,신규,영남,1,
2026-07-17,오프라인,생활용품,신규,호남,0,
2026-07-17,오프라인,생활용품,신규,충청,0,
2026-07-17,오프라인,생활용품,기존,수도권,4,
2026-07-17,오프라인,생활용품,기존,영남,3,
2026-07-17,오프라인,생활용품,기존,호남,1,
2026-07-17,오프라인,생활용품,기존,충청,1,
2026-07-17,오프라인,뷰티,신규,수도권,1,
2026-07-17,오프라인,뷰티,신규,영남,0,
2026-07-17,오프라인,뷰티,신규,호남,0,
2026-07-17,오프라인,뷰티,신규,충청,0,
2026-07-17,오프라인,뷰티,기존,수도권,3,
2026-07-17,오프라인,뷰티,기존,영남,2,
2026-07-17,오프라인,뷰티,기존,호남,1,
2026-07-17,오프라인,뷰티,기존,충청,1,
2026-07-17,오프라인,가전,신규,수도권,1,
2026-07-17,오프라인,가전,신규,영남,0,
2026-07-17,오프라인,가전,신규,호남,0,
2026-07-17,오프라인,가전,신규,충청,0,
2026-07-17,오프라인,가전,기존,수도권,3,
2026-07-17,오프라인,가전,기존,영남,2,
2026-07-17,오프라인,가전,기존,호남,1,
2026-07-17,오프라인,가전,기존,충청,1,
2026-07-17,B2B,식품,신규,,1,
2026-07-17,B2B,식품,기존,,9,
2026-07-17,B2B,생활용품,신규,,1,
2026-07-17,B2B,생활용품,기존,,6,
2026-07-17,B2B,뷰티,신규,,0,
2026-07-17,B2B,뷰티,기존,,2,
2026-07-17,B2B,가전,신규,,1,
2026-07-17,B2B,가전,기존,,14,
2026-07-18,온라인,식품,신규,,5,1000
2026-07-18,온라인,식품,기존,,17,3400
2026-07-18,온라인,생활용품,신규,,2,400
2026-07-18,온라인,생활용품,기존,,9,1800
2026-07-18,온라인,뷰티,신규,,3,600
2026-07-18,온라인,뷰티,기존,,10,2000
2026-07-18,온라인,가전,신규,,3,600
2026-07-18,온라인,가전,기존,,9,1800
2026-07-18,오프라인,식품,신규,수도권,2,
2026-07-18,오프라인,식품,신규,영남,1,
2026-07-18,오프라인,식품,신규,호남,0,
2026-07-18,오프라인,식품,신규,충청,0,
2026-07-18,오프라인,식품,기존,수도권,10,
2026-07-18,오프라인,식품,기존,영남,5,
2026-07-18,오프라인,식품,기존,호남,2,
2026-07-18,오프라인,식품,기존,충청,2,
2026-07-18,오프라인,생활용품,신규,수도권,1,
2026-07-18,오프라인,생활용품,신규,영남,1,
2026-07-18,오프라인,생활용품,신규,호남,0,
2026-07-18,오프라인,생활용품,신규,충청,0,
2026-07-18,오프라인,생활용품,기존,수도권,6,
2026-07-18,오프라인,생활용품,기존,영남,4,
2026-07-18,오프라인,생활용품,기존,호남,1,
2026-07-18,오프라인,생활용품,기존,충청,1,
2026-07-18,오프라인,뷰티,신규,수도권,1,
2026-07-18,오프라인,뷰티,신규,영남,0,
2026-07-18,오프라인,뷰티,신규,호남,0,
2026-07-18,오프라인,뷰티,신규,충청,0,
2026-07-18,오프라인,뷰티,기존,수도권,5,
2026-07-18,오프라인,뷰티,기존,영남,2,
2026-07-18,오프라인,뷰티,기존,호남,1,
2026-07-18,오프라인,뷰티,기존,충청,1,
2026-07-18,오프라인,가전,신규,수도권,1,
2026-07-18,오프라인,가전,신규,영남,0,
2026-07-18,오프라인,가전,신규,호남,0,
2026-07-18,오프라인,가전,신규,충청,0,
2026-07-18,오프라인,가전,기존,수도권,4,
2026-07-18,오프라인,가전,기존,영남,2,
2026-07-18,오프라인,가전,기존,호남,1,
2026-07-18,오프라인,가전,기존,충청,1,
2026-07-18,B2B,식품,신규,,0,
2026-07-18,B2B,식품,기존,,0,
2026-07-18,B2B,생활용품,신규,,0,
2026-07-18,B2B,생활용품,기존,,0,
2026-07-18,B2B,뷰티,신규,,0,
2026-07-18,B2B,뷰티,기존,,0,
2026-07-18,B2B,가전,신규,,0,
2026-07-18,B2B,가전,기존,,0,
2026-07-19,온라인,식품,신규,,4,800
2026-07-19,온라인,식품,기존,,15,3000
2026-07-19,온라인,생활용품,신규,,4,800
2026-07-19,온라인,생활용품,기존,,9,1800
2026-07-19,온라인,뷰티,신규,,4,800
2026-07-19,온라인,뷰티,기존,,11,2200
2026-07-19,온라인,가전,신규,,3,600
2026-07-19,온라인,가전,기존,,10,2000
2026-07-19,오프라인,식품,신규,수도권,2,
2026-07-19,오프라인,식품,신규,영남,1,
2026-07-19,오프라인,식품,신규,호남,0,
2026-07-19,오프라인,식품,신규,충청,0,
2026-07-19,오프라인,식품,기존,수도권,10,
2026-07-19,오프라인,식품,기존,영남,5,
2026-07-19,오프라인,식품,기존,호남,2,
2026-07-19,오프라인,식품,기존,충청,2,
2026-07-19,오프라인,생활용품,신규,수도권,1,
2026-07-19,오프라인,생활용품,신규,영남,1,
2026-07-19,오프라인,생활용품,신규,호남,0,
2026-07-19,오프라인,생활용품,신규,충청,0,
2026-07-19,오프라인,생활용품,기존,수도권,6,
2026-07-19,오프라인,생활용품,기존,영남,3,
2026-07-19,오프라인,생활용품,기존,호남,1,
2026-07-19,오프라인,생활용품,기존,충청,1,
2026-07-19,오프라인,뷰티,신규,수도권,1,
2026-07-19,오프라인,뷰티,신규,영남,0,
2026-07-19,오프라인,뷰티,신규,호남,0,
2026-07-19,오프라인,뷰티,신규,충청,0,
2026-07-19,오프라인,뷰티,기존,수도권,4,
2026-07-19,오프라인,뷰티,기존,영남,2,
2026-07-19,오프라인,뷰티,기존,호남,1,
2026-07-19,오프라인,뷰티,기존,충청,1,
2026-07-19,오프라인,가전,신규,수도권,1,
2026-07-19,오프라인,가전,신규,영남,0,
2026-07-19,오프라인,가전,신규,호남,0,
2026-07-19,오프라인,가전,신규,충청,0,
2026-07-19,오프라인,가전,기존,수도권,5,
2026-07-19,오프라인,가전,기존,영남,2,
2026-07-19,오프라인,가전,기존,호남,1,
2026-07-19,오프라인,가전,기존,충청,1,
2026-07-19,B2B,식품,신규,,0,
2026-07-19,B2B,식품,기존,,0,
2026-07-19,B2B,생활용품,신규,,0,
2026-07-19,B2B,생활용품,기존,,0,
2026-07-19,B2B,뷰티,신규,,0,
2026-07-19,B2B,뷰티,기존,,0,
2026-07-19,B2B,가전,신규,,0,
2026-07-19,B2B,가전,기존,,0,
2026-07-20,온라인,식품,신규,,4,800
2026-07-20,온라인,식품,기존,,12,2400
2026-07-20,온라인,생활용품,신규,,2,400
2026-07-20,온라인,생활용품,기존,,8,1600
2026-07-20,온라인,뷰티,신규,,3,600
2026-07-20,온라인,뷰티,기존,,9,1800
2026-07-20,온라인,가전,신규,,2,400
2026-07-20,온라인,가전,기존,,8,1600
2026-07-20,오프라인,식품,신규,수도권,1,
2026-07-20,오프라인,식품,신규,영남,1,
2026-07-20,오프라인,식품,신규,호남,0,
2026-07-20,오프라인,식품,신규,충청,0,
2026-07-20,오프라인,식품,기존,수도권,8,
2026-07-20,오프라인,식품,기존,영남,4,
2026-07-20,오프라인,식품,기존,호남,1,
2026-07-20,오프라인,식품,기존,충청,2,
2026-07-20,오프라인,생활용품,신규,수도권,1,
2026-07-20,오프라인,생활용품,신규,영남,1,
2026-07-20,오프라인,생활용품,신규,호남,0,
2026-07-20,오프라인,생활용품,신규,충청,0,
2026-07-20,오프라인,생활용품,기존,수도권,6,
2026-07-20,오프라인,생활용품,기존,영남,2,
2026-07-20,오프라인,생활용품,기존,호남,1,
2026-07-20,오프라인,생활용품,기존,충청,1,
2026-07-20,오프라인,뷰티,신규,수도권,1,
2026-07-20,오프라인,뷰티,신규,영남,0,
2026-07-20,오프라인,뷰티,신규,호남,0,
2026-07-20,오프라인,뷰티,신규,충청,0,
2026-07-20,오프라인,뷰티,기존,수도권,3,
2026-07-20,오프라인,뷰티,기존,영남,2,
2026-07-20,오프라인,뷰티,기존,호남,1,
2026-07-20,오프라인,뷰티,기존,충청,0,
2026-07-20,오프라인,가전,신규,수도권,1,
2026-07-20,오프라인,가전,신규,영남,0,
2026-07-20,오프라인,가전,신규,호남,0,
2026-07-20,오프라인,가전,신규,충청,0,
2026-07-20,오프라인,가전,기존,수도권,4,
2026-07-20,오프라인,가전,기존,영남,2,
2026-07-20,오프라인,가전,기존,호남,0,
2026-07-20,오프라인,가전,기존,충청,1,
2026-07-20,B2B,식품,신규,,1,
2026-07-20,B2B,식품,기존,,9,
2026-07-20,B2B,생활용품,신규,,1,
2026-07-20,B2B,생활용품,기존,,8,
2026-07-20,B2B,뷰티,신규,,0,
2026-07-20,B2B,뷰티,기존,,2,
2026-07-20,B2B,가전,신규,,2,
2026-07-20,B2B,가전,기존,,13,
2026-07-21,온라인,식품,신규,,4,800
2026-07-21,온라인,식품,기존,,12,2400
2026-07-21,온라인,생활용품,신규,,3,600
2026-07-21,온라인,생활용품,기존,,11,2200
2026-07-21,온라인,뷰티,신규,,3,600
2026-07-21,온라인,뷰티,기존,,10,2000
2026-07-21,온라인,가전,신규,,4,800
2026-07-21,온라인,가전,기존,,10,2000
2026-07-21,오프라인,식품,신규,수도권,2,
2026-07-21,오프라인,식품,신규,영남,1,
2026-07-21,오프라인,식품,신규,호남,0,
2026-07-21,오프라인,식품,신규,충청,0,
2026-07-21,오프라인,식품,기존,수도권,8,
2026-07-21,오프라인,식품,기존,영남,4,
2026-07-21,오프라인,식품,기존,호남,1,
2026-07-21,오프라인,식품,기존,충청,1,
2026-07-21,오프라인,생활용품,신규,수도권,1,
2026-07-21,오프라인,생활용품,신규,영남,1,
2026-07-21,오프라인,생활용품,신규,호남,0,
2026-07-21,오프라인,생활용품,신규,충청,0,
2026-07-21,오프라인,생활용품,기존,수도권,6,
2026-07-21,오프라인,생활용품,기존,영남,3,
2026-07-21,오프라인,생활용품,기존,호남,1,
2026-07-21,오프라인,생활용품,기존,충청,1,
2026-07-21,오프라인,뷰티,신규,수도권,0,
2026-07-21,오프라인,뷰티,신규,영남,0,
2026-07-21,오프라인,뷰티,신규,호남,0,
2026-07-21,오프라인,뷰티,신규,충청,0,
2026-07-21,오프라인,뷰티,기존,수도권,3,
2026-07-21,오프라인,뷰티,기존,영남,2,
2026-07-21,오프라인,뷰티,기존,호남,1,
2026-07-21,오프라인,뷰티,기존,충청,0,
2026-07-21,오프라인,가전,신규,수도권,1,
2026-07-21,오프라인,가전,신규,영남,0,
2026-07-21,오프라인,가전,신규,호남,0,
2026-07-21,오프라인,가전,신규,충청,0,
2026-07-21,오프라인,가전,기존,수도권,4,
2026-07-21,오프라인,가전,기존,영남,2,
2026-07-21,오프라인,가전,기존,호남,0,
2026-07-21,오프라인,가전,기존,충청,1,
2026-07-21,B2B,식품,신규,,1,
2026-07-21,B2B,식품,기존,,10,
2026-07-21,B2B,생활용품,신규,,1,
2026-07-21,B2B,생활용품,기존,,8,
2026-07-21,B2B,뷰티,신규,,0,
2026-07-21,B2B,뷰티,기존,,2,
2026-07-21,B2B,가전,신규,,2,
2026-07-21,B2B,가전,기존,,11,
2026-07-22,온라인,식품,신규,,4,800
2026-07-22,온라인,식품,기존,,11,2200
2026-07-22,온라인,생활용품,신규,,3,600
2026-07-22,온라인,생활용품,기존,,10,2000
2026-07-22,온라인,뷰티,신규,,3,600
2026-07-22,온라인,뷰티,기존,,10,2000
2026-07-22,온라인,가전,신규,,3,600
2026-07-22,온라인,가전,기존,,10,2000
2026-07-22,오프라인,식품,신규,수도권,1,
2026-07-22,오프라인,식품,신규,영남,1,
2026-07-22,오프라인,식품,신규,호남,0,
2026-07-22,오프라인,식품,신규,충청,0,
2026-07-22,오프라인,식품,기존,수도권,8,
2026-07-22,오프라인,식품,기존,영남,4,
2026-07-22,오프라인,식품,기존,호남,2,
2026-07-22,오프라인,식품,기존,충청,1,
2026-07-22,오프라인,생활용품,신규,수도권,1,
2026-07-22,오프라인,생활용품,신규,영남,0,
2026-07-22,오프라인,생활용품,신규,호남,0,
2026-07-22,오프라인,생활용품,신규,충청,0,
2026-07-22,오프라인,생활용품,기존,수도권,5,
2026-07-22,오프라인,생활용품,기존,영남,3,
2026-07-22,오프라인,생활용품,기존,호남,1,
2026-07-22,오프라인,생활용품,기존,충청,1,
2026-07-22,오프라인,뷰티,신규,수도권,1,
2026-07-22,오프라인,뷰티,신규,영남,0,
2026-07-22,오프라인,뷰티,신규,호남,0,
2026-07-22,오프라인,뷰티,신규,충청,0,
2026-07-22,오프라인,뷰티,기존,수도권,3,
2026-07-22,오프라인,뷰티,기존,영남,2,
2026-07-22,오프라인,뷰티,기존,호남,1,
2026-07-22,오프라인,뷰티,기존,충청,1,
2026-07-22,오프라인,가전,신규,수도권,1,
2026-07-22,오프라인,가전,신규,영남,0,
2026-07-22,오프라인,가전,신규,호남,0,
2026-07-22,오프라인,가전,신규,충청,0,
2026-07-22,오프라인,가전,기존,수도권,4,
2026-07-22,오프라인,가전,기존,영남,2,
2026-07-22,오프라인,가전,기존,호남,0,
2026-07-22,오프라인,가전,기존,충청,0,
2026-07-22,B2B,식품,신규,,1,
2026-07-22,B2B,식품,기존,,12,
2026-07-22,B2B,생활용품,신규,,1,
2026-07-22,B2B,생활용품,기존,,8,
2026-07-22,B2B,뷰티,신규,,0,
2026-07-22,B2B,뷰티,기존,,3,
2026-07-22,B2B,가전,신규,,2,
2026-07-22,B2B,가전,기존,,13,
2026-07-23,온라인,식품,신규,,4,800
2026-07-23,온라인,식품,기존,,12,2400
2026-07-23,온라인,생활용품,신규,,3,600
2026-07-23,온라인,생활용품,기존,,9,1800
2026-07-23,온라인,뷰티,신규,,3,600
2026-07-23,온라인,뷰티,기존,,10,2000
2026-07-23,온라인,가전,신규,,3,600
2026-07-23,온라인,가전,기존,,11,2200
2026-07-23,오프라인,식품,신규,수도권,2,
2026-07-23,오프라인,식품,신규,영남,1,
2026-07-23,오프라인,식품,신규,호남,0,
2026-07-23,오프라인,식품,신규,충청,0,
2026-07-23,오프라인,식품,기존,수도권,8,
2026-07-23,오프라인,식품,기존,영남,5,
2026-07-23,오프라인,식품,기존,호남,1,
2026-07-23,오프라인,식품,기존,충청,1,
2026-07-23,오프라인,생활용품,신규,수도권,1,
2026-07-23,오프라인,생활용품,신규,영남,0,
2026-07-23,오프라인,생활용품,신규,호남,0,
2026-07-23,오프라인,생활용품,신규,충청,0,
2026-07-23,오프라인,생활용품,기존,수도권,6,
2026-07-23,오프라인,생활용품,기존,영남,3,
2026-07-23,오프라인,생활용품,기존,호남,1,
2026-07-23,오프라인,생활용품,기존,충청,1,
2026-07-23,오프라인,뷰티,신규,수도권,1,
2026-07-23,오프라인,뷰티,신규,영남,0,
2026-07-23,오프라인,뷰티,신규,호남,0,
2026-07-23,오프라인,뷰티,신규,충청,0,
2026-07-23,오프라인,뷰티,기존,수도권,3,
2026-07-23,오프라인,뷰티,기존,영남,2,
2026-07-23,오프라인,뷰티,기존,호남,1,
2026-07-23,오프라인,뷰티,기존,충청,1,
2026-07-23,오프라인,가전,신규,수도권,1,
2026-07-23,오프라인,가전,신규,영남,0,
2026-07-23,오프라인,가전,신규,호남,0,
2026-07-23,오프라인,가전,신규,충청,0,
2026-07-23,오프라인,가전,기존,수도권,3,
2026-07-23,오프라인,가전,기존,영남,2,
2026-07-23,오프라인,가전,기존,호남,1,
2026-07-23,오프라인,가전,기존,충청,1,
2026-07-23,B2B,식품,신규,,1,
2026-07-23,B2B,식품,기존,,9,
2026-07-23,B2B,생활용품,신규,,1,
2026-07-23,B2B,생활용품,기존,,8,
2026-07-23,B2B,뷰티,신규,,0,
2026-07-23,B2B,뷰티,기존,,2,
2026-07-23,B2B,가전,신규,,2,
2026-07-23,B2B,가전,기존,,12,
2026-07-24,온라인,식품,신규,,5,1000
2026-07-24,온라인,식품,기존,,11,2200
2026-07-24,온라인,생활용품,신규,,3,600
2026-07-24,온라인,생활용품,기존,,11,2200
2026-07-24,온라인,뷰티,신규,,3,600
2026-07-24,온라인,뷰티,기존,,9,1800
2026-07-24,온라인,가전,신규,,3,600
2026-07-24,온라인,가전,기존,,12,2400
2026-07-24,오프라인,식품,신규,수도권,2,
2026-07-24,오프라인,식품,신규,영남,1,
2026-07-24,오프라인,식품,신규,호남,0,
2026-07-24,오프라인,식품,신규,충청,0,
2026-07-24,오프라인,식품,기존,수도권,9,
2026-07-24,오프라인,식품,기존,영남,4,
2026-07-24,오프라인,식품,기존,호남,2,
2026-07-24,오프라인,식품,기존,충청,1,
2026-07-24,오프라인,생활용품,신규,수도권,1,
2026-07-24,오프라인,생활용품,신규,영남,1,
2026-07-24,오프라인,생활용품,신규,호남,0,
2026-07-24,오프라인,생활용품,신규,충청,0,
2026-07-24,오프라인,생활용품,기존,수도권,5,
2026-07-24,오프라인,생활용품,기존,영남,3,
2026-07-24,오프라인,생활용품,기존,호남,1,
2026-07-24,오프라인,생활용품,기존,충청,1,
2026-07-24,오프라인,뷰티,신규,수도권,1,
2026-07-24,오프라인,뷰티,신규,영남,0,
2026-07-24,오프라인,뷰티,신규,호남,0,
2026-07-24,오프라인,뷰티,신규,충청,0,
2026-07-24,오프라인,뷰티,기존,수도권,3,
2026-07-24,오프라인,뷰티,기존,영남,2,
2026-07-24,오프라인,뷰티,기존,호남,1,
2026-07-24,오프라인,뷰티,기존,충청,0,
2026-07-24,오프라인,가전,신규,수도권,1,
2026-07-24,오프라인,가전,신규,영남,0,
2026-07-24,오프라인,가전,신규,호남,0,
2026-07-24,오프라인,가전,신규,충청,0,
2026-07-24,오프라인,가전,기존,수도권,3,
2026-07-24,오프라인,가전,기존,영남,2,
2026-07-24,오프라인,가전,기존,호남,1,
2026-07-24,오프라인,가전,기존,충청,0,
2026-07-24,B2B,식품,신규,,1,
2026-07-24,B2B,식품,기존,,10,
2026-07-24,B2B,생활용품,신규,,1,
2026-07-24,B2B,생활용품,기존,,6,
2026-07-24,B2B,뷰티,신규,,0,
2026-07-24,B2B,뷰티,기존,,3,
2026-07-24,B2B,가전,신규,,2,
2026-07-24,B2B,가전,기존,,15,
2026-07-25,온라인,식품,신규,,4,800
2026-07-25,온라인,식품,기존,,13,2600
2026-07-25,온라인,생활용품,신규,,3,600
2026-07-25,온라인,생활용품,기존,,11,2200
2026-07-25,온라인,뷰티,신규,,4,800
2026-07-25,온라인,뷰티,기존,,11,2200
2026-07-25,온라인,가전,신규,,4,800
2026-07-25,온라인,가전,기존,,11,2200
2026-07-25,오프라인,식품,신규,수도권,2,
2026-07-25,오프라인,식품,신규,영남,1,
2026-07-25,오프라인,식품,신규,호남,0,
2026-07-25,오프라인,식품,신규,충청,0,
2026-07-25,오프라인,식품,기존,수도권,11,
2026-07-25,오프라인,식품,기존,영남,6,
2026-07-25,오프라인,식품,기존,호남,2,
2026-07-25,오프라인,식품,기존,충청,2,
2026-07-25,오프라인,생활용품,신규,수도권,1,
2026-07-25,오프라인,생활용품,신규,영남,1,
2026-07-25,오프라인,생활용품,신규,호남,0,
2026-07-25,오프라인,생활용품,신규,충청,0,
2026-07-25,오프라인,생활용품,기존,수도권,7,
2026-07-25,오프라인,생활용품,기존,영남,3,
2026-07-25,오프라인,생활용품,기존,호남,1,
2026-07-25,오프라인,생활용품,기존,충청,1,
2026-07-25,오프라인,뷰티,신규,수도권,1,
2026-07-25,오프라인,뷰티,신규,영남,0,
2026-07-25,오프라인,뷰티,신규,호남,0,
2026-07-25,오프라인,뷰티,신규,충청,0,
2026-07-25,오프라인,뷰티,기존,수도권,5,
2026-07-25,오프라인,뷰티,기존,영남,2,
2026-07-25,오프라인,뷰티,기존,호남,1,
2026-07-25,오프라인,뷰티,기존,충청,1,
2026-07-25,오프라인,가전,신규,수도권,1,
2026-07-25,오프라인,가전,신규,영남,0,
2026-07-25,오프라인,가전,신규,호남,0,
2026-07-25,오프라인,가전,신규,충청,0,
2026-07-25,오프라인,가전,기존,수도권,4,
2026-07-25,오프라인,가전,기존,영남,2,
2026-07-25,오프라인,가전,기존,호남,1,
2026-07-25,오프라인,가전,기존,충청,1,
2026-07-25,B2B,식품,신규,,0,
2026-07-25,B2B,식품,기존,,0,
2026-07-25,B2B,생활용품,신규,,0,
2026-07-25,B2B,생활용품,기존,,0,
2026-07-25,B2B,뷰티,신규,,0,
2026-07-25,B2B,뷰티,기존,,0,
2026-07-25,B2B,가전,신규,,0,
2026-07-25,B2B,가전,기존,,0,
2026-07-26,온라인,식품,신규,,5,1000
2026-07-26,온라인,식품,기존,,15,3000
2026-07-26,온라인,생활용품,신규,,3,600
2026-07-26,온라인,생활용품,기존,,11,2200
2026-07-26,온라인,뷰티,신규,,3,600
2026-07-26,온라인,뷰티,기존,,11,2200
2026-07-26,온라인,가전,신규,,4,800
2026-07-26,온라인,가전,기존,,9,1800
2026-07-26,오프라인,식품,신규,수도권,2,
2026-07-26,오프라인,식품,신규,영남,1,
2026-07-26,오프라인,식품,신규,호남,0,
2026-07-26,오프라인,식품,신규,충청,0,
2026-07-26,오프라인,식품,기존,수도권,10,
2026-07-26,오프라인,식품,기존,영남,5,
2026-07-26,오프라인,식품,기존,호남,2,
2026-07-26,오프라인,식품,기존,충청,1,
2026-07-26,오프라인,생활용품,신규,수도권,1,
2026-07-26,오프라인,생활용품,신규,영남,1,
2026-07-26,오프라인,생활용품,신규,호남,0,
2026-07-26,오프라인,생활용품,신규,충청,0,
2026-07-26,오프라인,생활용품,기존,수도권,6,
2026-07-26,오프라인,생활용품,기존,영남,3,
2026-07-26,오프라인,생활용품,기존,호남,1,
2026-07-26,오프라인,생활용품,기존,충청,1,
2026-07-26,오프라인,뷰티,신규,수도권,1,
2026-07-26,오프라인,뷰티,신규,영남,0,
2026-07-26,오프라인,뷰티,신규,호남,0,
2026-07-26,오프라인,뷰티,신규,충청,0,
2026-07-26,오프라인,뷰티,기존,수도권,5,
2026-07-26,오프라인,뷰티,기존,영남,2,
2026-07-26,오프라인,뷰티,기존,호남,1,
2026-07-26,오프라인,뷰티,기존,충청,1,
2026-07-26,오프라인,가전,신규,수도권,1,
2026-07-26,오프라인,가전,신규,영남,0,
2026-07-26,오프라인,가전,신규,호남,0,
2026-07-26,오프라인,가전,신규,충청,0,
2026-07-26,오프라인,가전,기존,수도권,4,
2026-07-26,오프라인,가전,기존,영남,2,
2026-07-26,오프라인,가전,기존,호남,1,
2026-07-26,오프라인,가전,기존,충청,1,
2026-07-26,B2B,식품,신규,,0,
2026-07-26,B2B,식품,기존,,0,
2026-07-26,B2B,생활용품,신규,,0,
2026-07-26,B2B,생활용품,기존,,0,
2026-07-26,B2B,뷰티,신규,,0,
2026-07-26,B2B,뷰티,기존,,0,
2026-07-26,B2B,가전,신규,,0,
2026-07-26,B2B,가전,기존,,0,
2026-07-27,온라인,식품,신규,,3,600
2026-07-27,온라인,식품,기존,,13,2600
2026-07-27,온라인,생활용품,신규,,4,800
2026-07-27,온라인,생활용품,기존,,10,2000
2026-07-27,온라인,뷰티,신규,,3,600
2026-07-27,온라인,뷰티,기존,,10,2000
2026-07-27,온라인,가전,신규,,3,600
2026-07-27,온라인,가전,기존,,9,1800
2026-07-27,오프라인,식품,신규,수도권,1,
2026-07-27,오프라인,식품,신규,영남,1,
2026-07-27,오프라인,식품,신규,호남,0,
2026-07-27,오프라인,식품,신규,충청,0,
2026-07-27,오프라인,식품,기존,수도권,7,
2026-07-27,오프라인,식품,기존,영남,4,
2026-07-27,오프라인,식품,기존,호남,1,
2026-07-27,오프라인,식품,기존,충청,1,
2026-07-27,오프라인,생활용품,신규,수도권,1,
2026-07-27,오프라인,생활용품,신규,영남,0,
2026-07-27,오프라인,생활용품,신규,호남,0,
2026-07-27,오프라인,생활용품,신규,충청,0,
2026-07-27,오프라인,생활용품,기존,수도권,5,
2026-07-27,오프라인,생활용품,기존,영남,2,
2026-07-27,오프라인,생활용품,기존,호남,1,
2026-07-27,오프라인,생활용품,기존,충청,1,
2026-07-27,오프라인,뷰티,신규,수도권,0,
2026-07-27,오프라인,뷰티,신규,영남,0,
2026-07-27,오프라인,뷰티,신규,호남,0,
2026-07-27,오프라인,뷰티,신규,충청,0,
2026-07-27,오프라인,뷰티,기존,수도권,3,
2026-07-27,오프라인,뷰티,기존,영남,2,
2026-07-27,오프라인,뷰티,기존,호남,0,
2026-07-27,오프라인,뷰티,기존,충청,1,
2026-07-27,오프라인,가전,신규,수도권,1,
2026-07-27,오프라인,가전,신규,영남,0,
2026-07-27,오프라인,가전,신규,호남,0,
2026-07-27,오프라인,가전,신규,충청,0,
2026-07-27,오프라인,가전,기존,수도권,3,
2026-07-27,오프라인,가전,기존,영남,2,
2026-07-27,오프라인,가전,기존,호남,0,
2026-07-27,오프라인,가전,기존,충청,0,
2026-07-27,B2B,식품,신규,,1,
2026-07-27,B2B,식품,기존,,8,
2026-07-27,B2B,생활용품,신규,,1,
2026-07-27,B2B,생활용품,기존,,8,
2026-07-27,B2B,뷰티,신규,,0,
2026-07-27,B2B,뷰티,기존,,3,
2026-07-27,B2B,가전,신규,,2,
2026-07-27,B2B,가전,기존,,13,
2026-07-28,온라인,식품,신규,,4,800
2026-07-28,온라인,식품,기존,,14,2800
2026-07-28,온라인,생활용품,신규,,4,800
2026-07-28,온라인,생활용품,기존,,11,2200
2026-07-28,온라인,뷰티,신규,,3,600
2026-07-28,온라인,뷰티,기존,,9,1800
2026-07-28,온라인,가전,신규,,3,600
2026-07-28,온라인,가전,기존,,13,2600
2026-07-28,오프라인,식품,신규,수도권,1,
2026-07-28,오프라인,식품,신규,영남,1,
2026-07-28,오프라인,식품,신규,호남,0,
2026-07-28,오프라인,식품,신규,충청,0,
2026-07-28,오프라인,식품,기존,수도권,8,
2026-07-28,오프라인,식품,기존,영남,3,
2026-07-28,오프라인,식품,기존,호남,1,
2026-07-28,오프라인,식품,기존,충청,1,
2026-07-28,오프라인,생활용품,신규,수도권,1,
2026-07-28,오프라인,생활용품,신규,영남,1,
2026-07-28,오프라인,생활용품,신규,호남,0,
2026-07-28,오프라인,생활용품,신규,충청,0,
2026-07-28,오프라인,생활용품,기존,수도권,6,
2026-07-28,오프라인,생활용품,기존,영남,3,
2026-07-28,오프라인,생활용품,기존,호남,1,
2026-07-28,오프라인,생활용품,기존,충청,1,
2026-07-28,오프라인,뷰티,신규,수도권,1,
2026-07-28,오프라인,뷰티,신규,영남,0,
2026-07-28,오프라인,뷰티,신규,호남,0,
2026-07-28,오프라인,뷰티,신규,충청,0,
2026-07-28,오프라인,뷰티,기존,수도권,3,
2026-07-28,오프라인,뷰티,기존,영남,2,
2026-07-28,오프라인,뷰티,기존,호남,1,
2026-07-28,오프라인,뷰티,기존,충청,1,
2026-07-28,오프라인,가전,신규,수도권,1,
2026-07-28,오프라인,가전,신규,영남,0,
2026-07-28,오프라인,가전,신규,호남,0,
2026-07-28,오프라인,가전,신규,충청,0,
2026-07-28,오프라인,가전,기존,수도권,4,
2026-07-28,오프라인,가전,기존,영남,2,
2026-07-28,오프라인,가전,기존,호남,1,
2026-07-28,오프라인,가전,기존,충청,0,
2026-07-28,B2B,식품,신규,,1,
2026-07-28,B2B,식품,기존,,10,
2026-07-28,B2B,생활용품,신규,,1,
2026-07-28,B2B,생활용품,기존,,6,
2026-07-28,B2B,뷰티,신규,,0,
2026-07-28,B2B,뷰티,기존,,2,
2026-07-28,B2B,가전,신규,,2,
2026-07-28,B2B,가전,기존,,12,
2026-07-29,온라인,식품,신규,,4,800
2026-07-29,온라인,식품,기존,,12,2400
2026-07-29,온라인,생활용품,신규,,3,600
2026-07-29,온라인,생활용품,기존,,11,2200
2026-07-29,온라인,뷰티,신규,,3,600
2026-07-29,온라인,뷰티,기존,,7,1400
2026-07-29,온라인,가전,신규,,4,800
2026-07-29,온라인,가전,기존,,10,2000
2026-07-29,오프라인,식품,신규,수도권,1,
2026-07-29,오프라인,식품,신규,영남,1,
2026-07-29,오프라인,식품,신규,호남,0,
2026-07-29,오프라인,식품,신규,충청,0,
2026-07-29,오프라인,식품,기존,수도권,7,
2026-07-29,오프라인,식품,기존,영남,5,
2026-07-29,오프라인,식품,기존,호남,1,
2026-07-29,오프라인,식품,기존,충청,1,
2026-07-29,오프라인,생활용품,신규,수도권,1,
2026-07-29,오프라인,생활용품,신규,영남,1,
2026-07-29,오프라인,생활용품,신규,호남,0,
2026-07-29,오프라인,생활용품,신규,충청,0,
2026-07-29,오프라인,생활용품,기존,수도권,5,
2026-07-29,오프라인,생활용품,기존,영남,3,
2026-07-29,오프라인,생활용품,기존,호남,1,
2026-07-29,오프라인,생활용품,기존,충청,1,
2026-07-29,오프라인,뷰티,신규,수도권,1,
2026-07-29,오프라인,뷰티,신규,영남,0,
2026-07-29,오프라인,뷰티,신규,호남,0,
2026-07-29,오프라인,뷰티,신규,충청,0,
2026-07-29,오프라인,뷰티,기존,수도권,3,
2026-07-29,오프라인,뷰티,기존,영남,2,
2026-07-29,오프라인,뷰티,기존,호남,1,
2026-07-29,오프라인,뷰티,기존,충청,1,
2026-07-29,오프라인,가전,신규,수도권,1,
2026-07-29,오프라인,가전,신규,영남,0,
2026-07-29,오프라인,가전,신규,호남,0,
2026-07-29,오프라인,가전,신규,충청,0,
2026-07-29,오프라인,가전,기존,수도권,4,
2026-07-29,오프라인,가전,기존,영남,1,
2026-07-29,오프라인,가전,기존,호남,0,
2026-07-29,오프라인,가전,기존,충청,0,
2026-07-29,B2B,식품,신규,,1,
2026-07-29,B2B,식품,기존,,10,
2026-07-29,B2B,생활용품,신규,,1,
2026-07-29,B2B,생활용품,기존,,7,
2026-07-29,B2B,뷰티,신규,,0,
2026-07-29,B2B,뷰티,기존,,2,
2026-07-29,B2B,가전,신규,,2,
2026-07-29,B2B,가전,기존,,14,
2026-07-30,온라인,식품,신규,,4,800
2026-07-30,온라인,식품,기존,,11,2200
2026-07-30,온라인,생활용품,신규,,4,800
2026-07-30,온라인,생활용품,기존,,10,2000
2026-07-30,온라인,뷰티,신규,,4,800
2026-07-30,온라인,뷰티,기존,,8,1600
2026-07-30,온라인,가전,신규,,3,600
2026-07-30,온라인,가전,기존,,9,1800
2026-07-30,오프라인,식품,신규,수도권,2,
2026-07-30,오프라인,식품,신규,영남,1,
2026-07-30,오프라인,식품,신규,호남,0,
2026-07-30,오프라인,식품,신규,충청,0,
2026-07-30,오프라인,식품,기존,수도권,8,
2026-07-30,오프라인,식품,기존,영남,5,
2026-07-30,오프라인,식품,기존,호남,1,
2026-07-30,오프라인,식품,기존,충청,1,
2026-07-30,오프라인,생활용품,신규,수도권,1,
2026-07-30,오프라인,생활용품,신규,영남,0,
2026-07-30,오프라인,생활용품,신규,호남,0,
2026-07-30,오프라인,생활용품,신규,충청,0,
2026-07-30,오프라인,생활용품,기존,수도권,5,
2026-07-30,오프라인,생활용품,기존,영남,3,
2026-07-30,오프라인,생활용품,기존,호남,1,
2026-07-30,오프라인,생활용품,기존,충청,1,
2026-07-30,오프라인,뷰티,신규,수도권,1,
2026-07-30,오프라인,뷰티,신규,영남,0,
2026-07-30,오프라인,뷰티,신규,호남,0,
2026-07-30,오프라인,뷰티,신규,충청,0,
2026-07-30,오프라인,뷰티,기존,수도권,3,
2026-07-30,오프라인,뷰티,기존,영남,2,
2026-07-30,오프라인,뷰티,기존,호남,1,
2026-07-30,오프라인,뷰티,기존,충청,1,
2026-07-30,오프라인,가전,신규,수도권,1,
2026-07-30,오프라인,가전,신규,영남,0,
2026-07-30,오프라인,가전,신규,호남,0,
2026-07-30,오프라인,가전,신규,충청,0,
2026-07-30,오프라인,가전,기존,수도권,3,
2026-07-30,오프라인,가전,기존,영남,2,
2026-07-30,오프라인,가전,기존,호남,1,
2026-07-30,오프라인,가전,기존,충청,1,
2026-07-30,B2B,식품,신규,,1,
2026-07-30,B2B,식품,기존,,9,
2026-07-30,B2B,생활용품,신규,,1,
2026-07-30,B2B,생활용품,기존,,7,
2026-07-30,B2B,뷰티,신규,,0,
2026-07-30,B2B,뷰티,기존,,2,
2026-07-30,B2B,가전,신규,,2,
2026-07-30,B2B,가전,기존,,14,
2026-07-31,온라인,식품,신규,,4,800
2026-07-31,온라인,식품,기존,,12,2400
2026-07-31,온라인,생활용품,신규,,4,800
2026-07-31,온라인,생활용품,기존,,10,2000
2026-07-31,온라인,뷰티,신규,,3,600
2026-07-31,온라인,뷰티,기존,,9,1800
2026-07-31,온라인,가전,신규,,3,600
2026-07-31,온라인,가전,기존,,11,2200
2026-07-31,오프라인,식품,신규,수도권,1,
2026-07-31,오프라인,식품,신규,영남,1,
2026-07-31,오프라인,식품,신규,호남,0,
2026-07-31,오프라인,식품,신규,충청,0,
2026-07-31,오프라인,식품,기존,수도권,8,
2026-07-31,오프라인,식품,기존,영남,5,
2026-07-31,오프라인,식품,기존,호남,1,
2026-07-31,오프라인,식품,기존,충청,1,
2026-07-31,오프라인,생활용품,신규,수도권,1,
2026-07-31,오프라인,생활용품,신규,영남,0,
2026-07-31,오프라인,생활용품,신규,호남,0,
2026-07-31,오프라인,생활용품,신규,충청,0,
2026-07-31,오프라인,생활용품,기존,수도권,5,
2026-07-31,오프라인,생활용품,기존,영남,3,
2026-07-31,오프라인,생활용품,기존,호남,1,
2026-07-31,오프라인,생활용품,기존,충청,1,
2026-07-31,오프라인,뷰티,신규,수도권,1,
2026-07-31,오프라인,뷰티,신규,영남,0,
2026-07-31,오프라인,뷰티,신규,호남,0,
2026-07-31,오프라인,뷰티,신규,충청,0,
2026-07-31,오프라인,뷰티,기존,수도권,3,
2026-07-31,오프라인,뷰티,기존,영남,1,
2026-07-31,오프라인,뷰티,기존,호남,1,
2026-07-31,오프라인,뷰티,기존,충청,0,
2026-07-31,오프라인,가전,신규,수도권,1,
2026-07-31,오프라인,가전,신규,영남,0,
2026-07-31,오프라인,가전,신규,호남,0,
2026-07-31,오프라인,가전,신규,충청,0,
2026-07-31,오프라인,가전,기존,수도권,4,
2026-07-31,오프라인,가전,기존,영남,2,
2026-07-31,오프라인,가전,기존,호남,1,
2026-07-31,오프라인,가전,기존,충청,1,
2026-07-31,B2B,식품,신규,,1,
2026-07-31,B2B,식품,기존,,10,
2026-07-31,B2B,생활용품,신규,,1,
2026-07-31,B2B,생활용품,기존,,7,
2026-07-31,B2B,뷰티,신규,,0,
2026-07-31,B2B,뷰티,기존,,2,
2026-07-31,B2B,가전,신규,,2,
2026-07-31,B2B,가전,기존,,14,
